unit,group,outcome,treatment,denominator,banned_state,year,month,time,start_date,end_date,analysis_type
AK,total,3531,0,300066.0,0,2016,1,2016-01-01,2016-01-01,2016-02-29,sensitivity
AK,total,3735,0,300066.0,0,2016,3,2016-03-01,2016-03-01,2016-04-30,sensitivity
AK,total,3823,0,300066.0,0,2016,5,2016-05-01,2016-05-01,2016-06-30,sensitivity
AK,total,3782,0,300066.0,0,2016,7,2016-07-01,2016-07-01,2016-08-31,sensitivity
AK,total,3774,0,300066.0,0,2016,9,2016-09-01,2016-09-01,2016-10-31,sensitivity
AK,total,3549,0,300066.0,0,2016,11,2016-11-01,2016-11-01,2016-12-31,sensitivity
AK,total,3121,0,298346.0,0,2017,1,2017-01-01,2017-01-01,2017-02-28,sensitivity
AK,total,3503,0,298346.0,0,2017,3,2017-03-01,2017-03-01,2017-04-30,sensitivity
AK,total,3554,0,298346.0,0,2017,5,2017-05-01,2017-05-01,2017-06-30,sensitivity
AK,total,3630,0,298346.0,0,2017,7,2017-07-01,2017-07-01,2017-08-31,sensitivity
AK,total,3566,0,298346.0,0,2017,9,2017-09-01,2017-09-01,2017-10-31,sensitivity
AK,total,3291,0,298346.0,0,2017,11,2017-11-01,2017-11-01,2017-12-31,sensitivity
AK,total,3146,0,296672.0,0,2018,1,2018-01-01,2018-01-01,2018-02-28,sensitivity
AK,total,3445,0,296672.0,0,2018,3,2018-03-01,2018-03-01,2018-04-30,sensitivity
AK,total,3467,0,296672.0,0,2018,5,2018-05-01,2018-05-01,2018-06-30,sensitivity
AK,total,3469,0,296672.0,0,2018,7,2018-07-01,2018-07-01,2018-08-31,sensitivity
AK,total,3315,0,296672.0,0,2018,9,2018-09-01,2018-09-01,2018-10-31,sensitivity
AK,total,3157,0,296672.0,0,2018,11,2018-11-01,2018-11-01,2018-12-31,sensitivity
AK,total,3012,0,284728.0,0,2019,1,2019-01-01,2019-01-01,2019-02-28,sensitivity
AK,total,3377,0,284728.0,0,2019,3,2019-03-01,2019-03-01,2019-04-30,sensitivity
AK,total,3232,0,284728.0,0,2019,5,2019-05-01,2019-05-01,2019-06-30,sensitivity
AK,total,3515,0,284728.0,0,2019,7,2019-07-01,2019-07-01,2019-08-31,sensitivity
AK,total,3318,0,284728.0,0,2019,9,2019-09-01,2019-09-01,2019-10-31,sensitivity
AK,total,2955,0,284728.0,0,2019,11,2019-11-01,2019-11-01,2019-12-31,sensitivity
AK,total,3047,0,291328.0,0,2020,1,2020-01-01,2020-01-01,2020-02-29,sensitivity
AK,total,3049,0,291328.0,0,2020,3,2020-03-01,2020-03-01,2020-04-30,sensitivity
AK,total,3262,0,291328.0,0,2020,5,2020-05-01,2020-05-01,2020-06-30,sensitivity
AK,total,3104,0,291328.0,0,2020,7,2020-07-01,2020-07-01,2020-08-31,sensitivity
AK,total,3230,0,291328.0,0,2020,9,2020-09-01,2020-09-01,2020-10-31,sensitivity
AK,total,3112,0,291328.0,0,2020,11,2020-11-01,2020-11-01,2020-12-31,sensitivity
AK,total,2789,0,296658.0,0,2021,1,2021-01-01,2021-01-01,2021-02-28,sensitivity
AK,total,3197,0,296658.0,0,2021,3,2021-03-01,2021-03-01,2021-04-30,sensitivity
AK,total,3227,0,296658.0,0,2021,5,2021-05-01,2021-05-01,2021-06-30,sensitivity
AK,total,3324,0,296658.0,0,2021,7,2021-07-01,2021-07-01,2021-08-31,sensitivity
AK,total,3108,0,296658.0,0,2021,9,2021-09-01,2021-09-01,2021-10-31,sensitivity
AK,total,2829,0,296658.0,0,2021,11,2021-11-01,2021-11-01,2021-12-31,sensitivity
AK,total,2887,0,288878.0,0,2022,1,2022-01-01,2022-01-01,2022-02-28,sensitivity
AK,total,3200,0,288878.0,0,2022,3,2022-03-01,2022-03-01,2022-04-30,sensitivity
AK,total,3188,0,288878.0,0,2022,5,2022-05-01,2022-05-01,2022-06-30,sensitivity
AK,total,3237,0,288878.0,0,2022,7,2022-07-01,2022-07-01,2022-08-31,sensitivity
AK,total,3099,0,288878.0,0,2022,9,2022-09-01,2022-09-01,2022-10-31,sensitivity
AK,total,2929,0,288878.0,0,2022,11,2022-11-01,2022-11-01,2022-12-31,sensitivity
AK,total,2846,0,282470.0,0,2023,1,2023-01-01,2023-01-01,2023-02-28,sensitivity
AK,total,2906,0,282470.0,0,2023,3,2023-03-01,2023-03-01,2023-04-30,sensitivity
AK,total,3033,0,282470.0,0,2023,5,2023-05-01,2023-05-01,2023-06-30,sensitivity
AK,total,2943,0,282470.0,0,2023,7,2023-07-01,2023-07-01,2023-08-31,sensitivity
AK,total,2999,0,282470.0,0,2023,9,2023-09-01,2023-09-01,2023-10-31,sensitivity
AK,total,2970,0,282470.0,0,2023,11,2023-11-01,2023-11-01,2023-12-31,sensitivity
AL,total,19013,0,1904452.0,1,2016,1,2016-01-01,2016-01-01,2016-02-29,sensitivity
AL,total,18663,0,1904452.0,1,2016,3,2016-03-01,2016-03-01,2016-04-30,sensitivity
AL,total,19655,0,1904452.0,1,2016,5,2016-05-01,2016-05-01,2016-06-30,sensitivity
AL,total,20704,0,1904452.0,1,2016,7,2016-07-01,2016-07-01,2016-08-31,sensitivity
AL,total,20405,0,1904452.0,1,2016,9,2016-09-01,2016-09-01,2016-10-31,sensitivity
AL,total,19664,0,1904452.0,1,2016,11,2016-11-01,2016-11-01,2016-12-31,sensitivity
AL,total,18837,0,1912072.0,1,2017,1,2017-01-01,2017-01-01,2017-02-28,sensitivity
AL,total,18340,0,1912072.0,1,2017,3,2017-03-01,2017-03-01,2017-04-30,sensitivity
AL,total,19133,0,1912072.0,1,2017,5,2017-05-01,2017-05-01,2017-06-30,sensitivity
AL,total,21143,0,1912072.0,1,2017,7,2017-07-01,2017-07-01,2017-08-31,sensitivity
AL,total,20502,0,1912072.0,1,2017,9,2017-09-01,2017-09-01,2017-10-31,sensitivity
AL,total,19698,0,1912072.0,1,2017,11,2017-11-01,2017-11-01,2017-12-31,sensitivity
AL,total,18441,0,1905472.0,1,2018,1,2018-01-01,2018-01-01,2018-02-28,sensitivity
AL,total,18243,0,1905472.0,1,2018,3,2018-03-01,2018-03-01,2018-04-30,sensitivity
AL,total,19080,0,1905472.0,1,2018,5,2018-05-01,2018-05-01,2018-06-30,sensitivity
AL,total,20390,0,1905472.0,1,2018,7,2018-07-01,2018-07-01,2018-08-31,sensitivity
AL,total,19604,0,1905472.0,1,2018,9,2018-09-01,2018-09-01,2018-10-31,sensitivity
AL,total,19524,0,1905472.0,1,2018,11,2018-11-01,2018-11-01,2018-12-31,sensitivity
AL,total,18818,0,1910940.0,1,2019,1,2019-01-01,2019-01-01,2019-02-28,sensitivity
AL,total,18087,0,1910940.0,1,2019,3,2019-03-01,2019-03-01,2019-04-30,sensitivity
AL,total,18530,0,1910940.0,1,2019,5,2019-05-01,2019-05-01,2019-06-30,sensitivity
AL,total,21019,0,1910940.0,1,2019,7,2019-07-01,2019-07-01,2019-08-31,sensitivity
AL,total,20820,0,1910940.0,1,2019,9,2019-09-01,2019-09-01,2019-10-31,sensitivity
AL,total,19708,0,1910940.0,1,2019,11,2019-11-01,2019-11-01,2019-12-31,sensitivity
AL,total,18754,0,1901252.0,1,2020,1,2020-01-01,2020-01-01,2020-02-29,sensitivity
AL,total,18660,0,1901252.0,1,2020,3,2020-03-01,2020-03-01,2020-04-30,sensitivity
AL,total,18579,0,1901252.0,1,2020,5,2020-05-01,2020-05-01,2020-06-30,sensitivity
AL,total,20806,0,1901252.0,1,2020,7,2020-07-01,2020-07-01,2020-08-31,sensitivity
AL,total,19505,0,1901252.0,1,2020,9,2020-09-01,2020-09-01,2020-10-31,sensitivity
AL,total,18741,0,1901252.0,1,2020,11,2020-11-01,2020-11-01,2020-12-31,sensitivity
AL,total,17840,0,1957574.0,1,2021,1,2021-01-01,2021-01-01,2021-02-28,sensitivity
AL,total,18489,0,1957574.0,1,2021,3,2021-03-01,2021-03-01,2021-04-30,sensitivity
AL,total,18856,0,1957574.0,1,2021,5,2021-05-01,2021-05-01,2021-06-30,sensitivity
AL,total,20606,0,1957574.0,1,2021,7,2021-07-01,2021-07-01,2021-08-31,sensitivity
AL,total,20197,0,1957574.0,1,2021,9,2021-09-01,2021-09-01,2021-10-31,sensitivity
AL,total,19866,0,1957574.0,1,2021,11,2021-11-01,2021-11-01,2021-12-31,sensitivity
AL,total,18351,0,1999076.0,1,2022,1,2022-01-01,2022-01-01,2022-02-28,sensitivity
AL,total,18482,0,1999076.0,1,2022,3,2022-03-01,2022-03-01,2022-04-30,sensitivity
AL,total,18551,0,1999076.0,1,2022,5,2022-05-01,2022-05-01,2022-06-30,sensitivity
AL,total,20947,0,1999076.0,1,2022,7,2022-07-01,2022-07-01,2022-08-31,sensitivity
AL,total,19742,0,1999076.0,1,2022,9,2022-09-01,2022-09-01,2022-10-31,sensitivity
AL,total,19955,0,1999076.0,1,2022,11,2022-11-01,2022-11-01,2022-12-31,sensitivity
AL,total,18769,1,2000918.0,1,2023,1,2023-01-01,2023-01-01,2023-02-28,sensitivity
AL,total,18537,1,2000918.0,1,2023,3,2023-03-01,2023-03-01,2023-04-30,sensitivity
AL,total,18885,1,2000918.0,1,2023,5,2023-05-01,2023-05-01,2023-06-30,sensitivity
AL,total,20060,1,2000918.0,1,2023,7,2023-07-01,2023-07-01,2023-08-31,sensitivity
AL,total,19852,1,2000918.0,1,2023,9,2023-09-01,2023-09-01,2023-10-31,sensitivity
AL,total,19353,1,2000918.0,1,2023,11,2023-11-01,2023-11-01,2023-12-31,sensitivity
AR,total,12063,0,1153138.0,1,2016,1,2016-01-01,2016-01-01,2016-02-29,sensitivity
AR,total,12239,0,1153138.0,1,2016,3,2016-03-01,2016-03-01,2016-04-30,sensitivity
AR,total,12474,0,1153138.0,1,2016,5,2016-05-01,2016-05-01,2016-06-30,sensitivity
AR,total,13783,0,1153138.0,1,2016,7,2016-07-01,2016-07-01,2016-08-31,sensitivity
AR,total,12844,0,1153138.0,1,2016,9,2016-09-01,2016-09-01,2016-10-31,sensitivity
AR,total,12655,0,1153138.0,1,2016,11,2016-11-01,2016-11-01,2016-12-31,sensitivity
AR,total,11821,0,1153784.0,1,2017,1,2017-01-01,2017-01-01,2017-02-28,sensitivity
AR,total,11576,0,1153784.0,1,2017,3,2017-03-01,2017-03-01,2017-04-30,sensitivity
AR,total,12160,0,1153784.0,1,2017,5,2017-05-01,2017-05-01,2017-06-30,sensitivity
AR,total,13769,0,1153784.0,1,2017,7,2017-07-01,2017-07-01,2017-08-31,sensitivity
AR,total,12707,0,1153784.0,1,2017,9,2017-09-01,2017-09-01,2017-10-31,sensitivity
AR,total,12479,0,1153784.0,1,2017,11,2017-11-01,2017-11-01,2017-12-31,sensitivity
AR,total,11720,0,1169472.0,1,2018,1,2018-01-01,2018-01-01,2018-02-28,sensitivity
AR,total,11697,0,1169472.0,1,2018,3,2018-03-01,2018-03-01,2018-04-30,sensitivity
AR,total,12213,0,1169472.0,1,2018,5,2018-05-01,2018-05-01,2018-06-30,sensitivity
AR,total,13107,0,1169472.0,1,2018,7,2018-07-01,2018-07-01,2018-08-31,sensitivity
AR,total,12562,0,1169472.0,1,2018,9,2018-09-01,2018-09-01,2018-10-31,sensitivity
AR,total,11963,0,1169472.0,1,2018,11,2018-11-01,2018-11-01,2018-12-31,sensitivity
AR,total,11439,0,1165876.0,1,2019,1,2019-01-01,2019-01-01,2019-02-28,sensitivity
AR,total,11396,0,1165876.0,1,2019,3,2019-03-01,2019-03-01,2019-04-30,sensitivity
AR,total,11670,0,1165876.0,1,2019,5,2019-05-01,2019-05-01,2019-06-30,sensitivity
AR,total,12934,0,1165876.0,1,2019,7,2019-07-01,2019-07-01,2019-08-31,sensitivity
AR,total,13018,0,1165876.0,1,2019,9,2019-09-01,2019-09-01,2019-10-31,sensitivity
AR,total,11894,0,1165876.0,1,2019,11,2019-11-01,2019-11-01,2019-12-31,sensitivity
AR,total,11254,0,1159430.0,1,2020,1,2020-01-01,2020-01-01,2020-02-29,sensitivity
AR,total,11516,0,1159430.0,1,2020,3,2020-03-01,2020-03-01,2020-04-30,sensitivity
AR,total,11238,0,1159430.0,1,2020,5,2020-05-01,2020-05-01,2020-06-30,sensitivity
AR,total,12381,0,1159430.0,1,2020,7,2020-07-01,2020-07-01,2020-08-31,sensitivity
AR,total,12122,0,1159430.0,1,2020,9,2020-09-01,2020-09-01,2020-10-31,sensitivity
AR,total,11257,0,1159430.0,1,2020,11,2020-11-01,2020-11-01,2020-12-31,sensitivity
AR,total,10832,0,1158504.0,1,2021,1,2021-01-01,2021-01-01,2021-02-28,sensitivity
AR,total,11218,0,1158504.0,1,2021,3,2021-03-01,2021-03-01,2021-04-30,sensitivity
AR,total,11461,0,1158504.0,1,2021,5,2021-05-01,2021-05-01,2021-06-30,sensitivity
AR,total,12913,0,1158504.0,1,2021,7,2021-07-01,2021-07-01,2021-08-31,sensitivity
AR,total,12666,0,1158504.0,1,2021,9,2021-09-01,2021-09-01,2021-10-31,sensitivity
AR,total,12206,0,1158504.0,1,2021,11,2021-11-01,2021-11-01,2021-12-31,sensitivity
AR,total,11094,0,1165848.0,1,2022,1,2022-01-01,2022-01-01,2022-02-28,sensitivity
AR,total,11359,0,1165848.0,1,2022,3,2022-03-01,2022-03-01,2022-04-30,sensitivity
AR,total,11484,0,1165848.0,1,2022,5,2022-05-01,2022-05-01,2022-06-30,sensitivity
AR,total,12458,0,1165848.0,1,2022,7,2022-07-01,2022-07-01,2022-08-31,sensitivity
AR,total,11791,0,1165848.0,1,2022,9,2022-09-01,2022-09-01,2022-10-31,sensitivity
AR,total,12178,0,1165848.0,1,2022,11,2022-11-01,2022-11-01,2022-12-31,sensitivity
AR,total,11272,1,1209036.0,1,2023,1,2023-01-01,2023-01-01,2023-02-28,sensitivity
AR,total,10972,1,1209036.0,1,2023,3,2023-03-01,2023-03-01,2023-04-30,sensitivity
AR,total,11553,1,1209036.0,1,2023,5,2023-05-01,2023-05-01,2023-06-30,sensitivity
AR,total,12288,1,1209036.0,1,2023,7,2023-07-01,2023-07-01,2023-08-31,sensitivity
AR,total,12197,1,1209036.0,1,2023,9,2023-09-01,2023-09-01,2023-10-31,sensitivity
AR,total,11651,1,1209036.0,1,2023,11,2023-11-01,2023-11-01,2023-12-31,sensitivity
AZ,total,27414,0,2663066.0,0,2016,1,2016-01-01,2016-01-01,2016-02-29,sensitivity
AZ,total,26648,0,2663066.0,0,2016,3,2016-03-01,2016-03-01,2016-04-30,sensitivity
AZ,total,26805,0,2663066.0,0,2016,5,2016-05-01,2016-05-01,2016-06-30,sensitivity
AZ,total,29335,0,2663066.0,0,2016,7,2016-07-01,2016-07-01,2016-08-31,sensitivity
AZ,total,29545,0,2663066.0,0,2016,9,2016-09-01,2016-09-01,2016-10-31,sensitivity
AZ,total,27940,0,2663066.0,0,2016,11,2016-11-01,2016-11-01,2016-12-31,sensitivity
AZ,total,26060,0,2693930.0,0,2017,1,2017-01-01,2017-01-01,2017-02-28,sensitivity
AZ,total,26041,0,2693930.0,0,2017,3,2017-03-01,2017-03-01,2017-04-30,sensitivity
AZ,total,26107,0,2693930.0,0,2017,5,2017-05-01,2017-05-01,2017-06-30,sensitivity
AZ,total,28645,0,2693930.0,0,2017,7,2017-07-01,2017-07-01,2017-08-31,sensitivity
AZ,total,28908,0,2693930.0,0,2017,9,2017-09-01,2017-09-01,2017-10-31,sensitivity
AZ,total,26934,0,2693930.0,0,2017,11,2017-11-01,2017-11-01,2017-12-31,sensitivity
AZ,total,25718,0,2744964.0,0,2018,1,2018-01-01,2018-01-01,2018-02-28,sensitivity
AZ,total,25408,0,2744964.0,0,2018,3,2018-03-01,2018-03-01,2018-04-30,sensitivity
AZ,total,25669,0,2744964.0,0,2018,5,2018-05-01,2018-05-01,2018-06-30,sensitivity
AZ,total,28150,0,2744964.0,0,2018,7,2018-07-01,2018-07-01,2018-08-31,sensitivity
AZ,total,28372,0,2744964.0,0,2018,9,2018-09-01,2018-09-01,2018-10-31,sensitivity
AZ,total,27120,0,2744964.0,0,2018,11,2018-11-01,2018-11-01,2018-12-31,sensitivity
AZ,total,25678,0,2790624.0,0,2019,1,2019-01-01,2019-01-01,2019-02-28,sensitivity
AZ,total,25424,0,2790624.0,0,2019,3,2019-03-01,2019-03-01,2019-04-30,sensitivity
AZ,total,24743,0,2790624.0,0,2019,5,2019-05-01,2019-05-01,2019-06-30,sensitivity
AZ,total,28150,0,2790624.0,0,2019,7,2019-07-01,2019-07-01,2019-08-31,sensitivity
AZ,total,27363,0,2790624.0,0,2019,9,2019-09-01,2019-09-01,2019-10-31,sensitivity
AZ,total,26436,0,2790624.0,0,2019,11,2019-11-01,2019-11-01,2019-12-31,sensitivity
AZ,total,25780,0,2758626.0,0,2020,1,2020-01-01,2020-01-01,2020-02-29,sensitivity
AZ,total,24574,0,2758626.0,0,2020,3,2020-03-01,2020-03-01,2020-04-30,sensitivity
AZ,total,24117,0,2758626.0,0,2020,5,2020-05-01,2020-05-01,2020-06-30,sensitivity
AZ,total,26787,0,2758626.0,0,2020,7,2020-07-01,2020-07-01,2020-08-31,sensitivity
AZ,total,26605,0,2758626.0,0,2020,9,2020-09-01,2020-09-01,2020-10-31,sensitivity
AZ,total,25157,0,2758626.0,0,2020,11,2020-11-01,2020-11-01,2020-12-31,sensitivity
AZ,total,23445,0,2806614.0,0,2021,1,2021-01-01,2021-01-01,2021-02-28,sensitivity
AZ,total,23956,0,2806614.0,0,2021,3,2021-03-01,2021-03-01,2021-04-30,sensitivity
AZ,total,24415,0,2806614.0,0,2021,5,2021-05-01,2021-05-01,2021-06-30,sensitivity
AZ,total,27882,0,2806614.0,0,2021,7,2021-07-01,2021-07-01,2021-08-31,sensitivity
AZ,total,28112,0,2806614.0,0,2021,9,2021-09-01,2021-09-01,2021-10-31,sensitivity
AZ,total,27097,0,2806614.0,0,2021,11,2021-11-01,2021-11-01,2021-12-31,sensitivity
AZ,total,24998,0,2867220.0,0,2022,1,2022-01-01,2022-01-01,2022-02-28,sensitivity
AZ,total,24763,0,2867220.0,0,2022,3,2022-03-01,2022-03-01,2022-04-30,sensitivity
AZ,total,24399,0,2867220.0,0,2022,5,2022-05-01,2022-05-01,2022-06-30,sensitivity
AZ,total,27540,0,2867220.0,0,2022,7,2022-07-01,2022-07-01,2022-08-31,sensitivity
AZ,total,26826,0,2867220.0,0,2022,9,2022-09-01,2022-09-01,2022-10-31,sensitivity
AZ,total,27611,0,2867220.0,0,2022,11,2022-11-01,2022-11-01,2022-12-31,sensitivity
AZ,total,25073,0,2883070.0,0,2023,1,2023-01-01,2023-01-01,2023-02-28,sensitivity
AZ,total,24677,0,2883070.0,0,2023,3,2023-03-01,2023-03-01,2023-04-30,sensitivity
AZ,total,24516,0,2883070.0,0,2023,5,2023-05-01,2023-05-01,2023-06-30,sensitivity
AZ,total,27363,0,2883070.0,0,2023,7,2023-07-01,2023-07-01,2023-08-31,sensitivity
AZ,total,27274,0,2883070.0,0,2023,9,2023-09-01,2023-09-01,2023-10-31,sensitivity
AZ,total,26274,0,2883070.0,0,2023,11,2023-11-01,2023-11-01,2023-12-31,sensitivity
CA,total,151456,0,16123274.0,0,2016,1,2016-01-01,2016-01-01,2016-02-29,sensitivity
CA,total,156041,0,16123274.0,0,2016,3,2016-03-01,2016-03-01,2016-04-30,sensitivity
CA,total,155530,0,16123274.0,0,2016,5,2016-05-01,2016-05-01,2016-06-30,sensitivity
CA,total,168876,0,16123274.0,0,2016,7,2016-07-01,2016-07-01,2016-08-31,sensitivity
CA,total,169599,0,16123274.0,0,2016,9,2016-09-01,2016-09-01,2016-10-31,sensitivity
CA,total,157276,0,16123274.0,0,2016,11,2016-11-01,2016-11-01,2016-12-31,sensitivity
CA,total,147646,0,16226624.0,0,2017,1,2017-01-01,2017-01-01,2017-02-28,sensitivity
CA,total,148952,0,16226624.0,0,2017,3,2017-03-01,2017-03-01,2017-04-30,sensitivity
CA,total,153930,0,16226624.0,0,2017,5,2017-05-01,2017-05-01,2017-06-30,sensitivity
CA,total,162339,0,16226624.0,0,2017,7,2017-07-01,2017-07-01,2017-08-31,sensitivity
CA,total,160824,0,16226624.0,0,2017,9,2017-09-01,2017-09-01,2017-10-31,sensitivity
CA,total,151569,0,16226624.0,0,2017,11,2017-11-01,2017-11-01,2017-12-31,sensitivity
CA,total,142261,0,16194670.0,0,2018,1,2018-01-01,2018-01-01,2018-02-28,sensitivity
CA,total,143639,0,16194670.0,0,2018,3,2018-03-01,2018-03-01,2018-04-30,sensitivity
CA,total,144721,0,16194670.0,0,2018,5,2018-05-01,2018-05-01,2018-06-30,sensitivity
CA,total,157889,0,16194670.0,0,2018,7,2018-07-01,2018-07-01,2018-08-31,sensitivity
CA,total,153565,0,16194670.0,0,2018,9,2018-09-01,2018-09-01,2018-10-31,sensitivity
CA,total,148009,0,16194670.0,0,2018,11,2018-11-01,2018-11-01,2018-12-31,sensitivity
CA,total,139162,0,16141064.0,0,2019,1,2019-01-01,2019-01-01,2019-02-28,sensitivity
CA,total,140679,0,16141064.0,0,2019,3,2019-03-01,2019-03-01,2019-04-30,sensitivity
CA,total,142080,0,16141064.0,0,2019,5,2019-05-01,2019-05-01,2019-06-30,sensitivity
CA,total,154814,0,16141064.0,0,2019,7,2019-07-01,2019-07-01,2019-08-31,sensitivity
CA,total,151906,0,16141064.0,0,2019,9,2019-09-01,2019-09-01,2019-10-31,sensitivity
CA,total,141107,0,16141064.0,0,2019,11,2019-11-01,2019-11-01,2019-12-31,sensitivity
CA,total,134769,0,16111832.0,0,2020,1,2020-01-01,2020-01-01,2020-02-29,sensitivity
CA,total,134106,0,16111832.0,0,2020,3,2020-03-01,2020-03-01,2020-04-30,sensitivity
CA,total,134913,0,16111832.0,0,2020,5,2020-05-01,2020-05-01,2020-06-30,sensitivity
CA,total,144557,0,16111832.0,0,2020,7,2020-07-01,2020-07-01,2020-08-31,sensitivity
CA,total,140659,0,16111832.0,0,2020,9,2020-09-01,2020-09-01,2020-10-31,sensitivity
CA,total,129241,0,16111832.0,0,2020,11,2020-11-01,2020-11-01,2020-12-31,sensitivity
CA,total,120841,0,15942598.0,0,2021,1,2021-01-01,2021-01-01,2021-02-28,sensitivity
CA,total,132329,0,15942598.0,0,2021,3,2021-03-01,2021-03-01,2021-04-30,sensitivity
CA,total,134621,0,15942598.0,0,2021,5,2021-05-01,2021-05-01,2021-06-30,sensitivity
CA,total,145174,0,15942598.0,0,2021,7,2021-07-01,2021-07-01,2021-08-31,sensitivity
CA,total,144915,0,15942598.0,0,2021,9,2021-09-01,2021-09-01,2021-10-31,sensitivity
CA,total,140181,0,15942598.0,0,2021,11,2021-11-01,2021-11-01,2021-12-31,sensitivity
CA,total,129137,0,15877610.0,0,2022,1,2022-01-01,2022-01-01,2022-02-28,sensitivity
CA,total,132408,0,15877610.0,0,2022,3,2022-03-01,2022-03-01,2022-04-30,sensitivity
CA,total,132923,0,15877610.0,0,2022,5,2022-05-01,2022-05-01,2022-06-30,sensitivity
CA,total,145634,0,15877610.0,0,2022,7,2022-07-01,2022-07-01,2022-08-31,sensitivity
CA,total,139308,0,15877610.0,0,2022,9,2022-09-01,2022-09-01,2022-10-31,sensitivity
CA,total,138052,0,15877610.0,0,2022,11,2022-11-01,2022-11-01,2022-12-31,sensitivity
CA,total,125593,0,15894092.0,0,2023,1,2023-01-01,2023-01-01,2023-02-28,sensitivity
CA,total,125186,0,15894092.0,0,2023,3,2023-03-01,2023-03-01,2023-04-30,sensitivity
CA,total,127803,0,15894092.0,0,2023,5,2023-05-01,2023-05-01,2023-06-30,sensitivity
CA,total,137064,0,15894092.0,0,2023,7,2023-07-01,2023-07-01,2023-08-31,sensitivity
CA,total,135228,0,15894092.0,0,2023,9,2023-09-01,2023-09-01,2023-10-31,sensitivity
CA,total,130173,0,15894092.0,0,2023,11,2023-11-01,2023-11-01,2023-12-31,sensitivity
CO,total,20423,0,2244262.0,0,2016,1,2016-01-01,2016-01-01,2016-02-29,sensitivity
CO,total,21816,0,2244262.0,0,2016,3,2016-03-01,2016-03-01,2016-04-30,sensitivity
CO,total,22605,0,2244262.0,0,2016,5,2016-05-01,2016-05-01,2016-06-30,sensitivity
CO,total,23472,0,2244262.0,0,2016,7,2016-07-01,2016-07-01,2016-08-31,sensitivity
CO,total,22587,0,2244262.0,0,2016,9,2016-09-01,2016-09-01,2016-10-31,sensitivity
CO,total,20986,0,2244262.0,0,2016,11,2016-11-01,2016-11-01,2016-12-31,sensitivity
CO,total,19014,0,2290782.0,0,2017,1,2017-01-01,2017-01-01,2017-02-28,sensitivity
CO,total,21010,0,2290782.0,0,2017,3,2017-03-01,2017-03-01,2017-04-30,sensitivity
CO,total,22183,0,2290782.0,0,2017,5,2017-05-01,2017-05-01,2017-06-30,sensitivity
CO,total,22572,0,2290782.0,0,2017,7,2017-07-01,2017-07-01,2017-08-31,sensitivity
CO,total,21947,0,2290782.0,0,2017,9,2017-09-01,2017-09-01,2017-10-31,sensitivity
CO,total,20535,0,2290782.0,0,2017,11,2017-11-01,2017-11-01,2017-12-31,sensitivity
CO,total,19727,0,2328386.0,0,2018,1,2018-01-01,2018-01-01,2018-02-28,sensitivity
CO,total,20460,0,2328386.0,0,2018,3,2018-03-01,2018-03-01,2018-04-30,sensitivity
CO,total,20894,0,2328386.0,0,2018,5,2018-05-01,2018-05-01,2018-06-30,sensitivity
CO,total,22058,0,2328386.0,0,2018,7,2018-07-01,2018-07-01,2018-08-31,sensitivity
CO,total,21203,0,2328386.0,0,2018,9,2018-09-01,2018-09-01,2018-10-31,sensitivity
CO,total,19865,0,2328386.0,0,2018,11,2018-11-01,2018-11-01,2018-12-31,sensitivity
CO,total,19280,0,2361854.0,0,2019,1,2019-01-01,2019-01-01,2019-02-28,sensitivity
CO,total,20116,0,2361854.0,0,2019,3,2019-03-01,2019-03-01,2019-04-30,sensitivity
CO,total,21022,0,2361854.0,0,2019,5,2019-05-01,2019-05-01,2019-06-30,sensitivity
CO,total,22516,0,2361854.0,0,2019,7,2019-07-01,2019-07-01,2019-08-31,sensitivity
CO,total,21600,0,2361854.0,0,2019,9,2019-09-01,2019-09-01,2019-10-31,sensitivity
CO,total,19609,0,2361854.0,0,2019,11,2019-11-01,2019-11-01,2019-12-31,sensitivity
CO,total,19186,0,2323900.0,0,2020,1,2020-01-01,2020-01-01,2020-02-29,sensitivity
CO,total,20541,0,2323900.0,0,2020,3,2020-03-01,2020-03-01,2020-04-30,sensitivity
CO,total,20670,0,2323900.0,0,2020,5,2020-05-01,2020-05-01,2020-06-30,sensitivity
CO,total,21611,0,2323900.0,0,2020,7,2020-07-01,2020-07-01,2020-08-31,sensitivity
CO,total,20782,0,2323900.0,0,2020,9,2020-09-01,2020-09-01,2020-10-31,sensitivity
CO,total,18977,0,2323900.0,0,2020,11,2020-11-01,2020-11-01,2020-12-31,sensitivity
CO,total,18719,0,2408154.0,0,2021,1,2021-01-01,2021-01-01,2021-02-28,sensitivity
CO,total,21011,0,2408154.0,0,2021,3,2021-03-01,2021-03-01,2021-04-30,sensitivity
CO,total,21670,0,2408154.0,0,2021,5,2021-05-01,2021-05-01,2021-06-30,sensitivity
CO,total,22292,0,2408154.0,0,2021,7,2021-07-01,2021-07-01,2021-08-31,sensitivity
CO,total,21149,0,2408154.0,0,2021,9,2021-09-01,2021-09-01,2021-10-31,sensitivity
CO,total,19850,0,2408154.0,0,2021,11,2021-11-01,2021-11-01,2021-12-31,sensitivity
CO,total,18848,0,2429730.0,0,2022,1,2022-01-01,2022-01-01,2022-02-28,sensitivity
CO,total,20529,0,2429730.0,0,2022,3,2022-03-01,2022-03-01,2022-04-30,sensitivity
CO,total,21196,0,2429730.0,0,2022,5,2022-05-01,2022-05-01,2022-06-30,sensitivity
CO,total,21831,0,2429730.0,0,2022,7,2022-07-01,2022-07-01,2022-08-31,sensitivity
CO,total,21031,0,2429730.0,0,2022,9,2022-09-01,2022-09-01,2022-10-31,sensitivity
CO,total,20078,0,2429730.0,0,2022,11,2022-11-01,2022-11-01,2022-12-31,sensitivity
CO,total,18885,0,2447550.0,0,2023,1,2023-01-01,2023-01-01,2023-02-28,sensitivity
CO,total,20519,0,2447550.0,0,2023,3,2023-03-01,2023-03-01,2023-04-30,sensitivity
CO,total,20845,0,2447550.0,0,2023,5,2023-05-01,2023-05-01,2023-06-30,sensitivity
CO,total,21425,0,2447550.0,0,2023,7,2023-07-01,2023-07-01,2023-08-31,sensitivity
CO,total,20464,0,2447550.0,0,2023,9,2023-09-01,2023-09-01,2023-10-31,sensitivity
CO,total,19622,0,2447550.0,0,2023,11,2023-11-01,2023-11-01,2023-12-31,sensitivity
CT,total,10964,0,1346172.0,0,2016,1,2016-01-01,2016-01-01,2016-02-29,sensitivity
CT,total,12017,0,1346172.0,0,2016,3,2016-03-01,2016-03-01,2016-04-30,sensitivity
CT,total,12407,0,1346172.0,0,2016,5,2016-05-01,2016-05-01,2016-06-30,sensitivity
CT,total,12748,0,1346172.0,0,2016,7,2016-07-01,2016-07-01,2016-08-31,sensitivity
CT,total,12035,0,1346172.0,0,2016,9,2016-09-01,2016-09-01,2016-10-31,sensitivity
CT,total,11405,0,1346172.0,0,2016,11,2016-11-01,2016-11-01,2016-12-31,sensitivity
CT,total,10628,0,1345954.0,0,2017,1,2017-01-01,2017-01-01,2017-02-28,sensitivity
CT,total,11692,0,1345954.0,0,2017,3,2017-03-01,2017-03-01,2017-04-30,sensitivity
CT,total,12066,0,1345954.0,0,2017,5,2017-05-01,2017-05-01,2017-06-30,sensitivity
CT,total,12411,0,1345954.0,0,2017,7,2017-07-01,2017-07-01,2017-08-31,sensitivity
CT,total,12112,0,1345954.0,0,2017,9,2017-09-01,2017-09-01,2017-10-31,sensitivity
CT,total,11148,0,1345954.0,0,2017,11,2017-11-01,2017-11-01,2017-12-31,sensitivity
CT,total,10526,0,1336612.0,0,2018,1,2018-01-01,2018-01-01,2018-02-28,sensitivity
CT,total,11350,0,1336612.0,0,2018,3,2018-03-01,2018-03-01,2018-04-30,sensitivity
CT,total,11995,0,1336612.0,0,2018,5,2018-05-01,2018-05-01,2018-06-30,sensitivity
CT,total,12109,0,1336612.0,0,2018,7,2018-07-01,2018-07-01,2018-08-31,sensitivity
CT,total,11970,0,1336612.0,0,2018,9,2018-09-01,2018-09-01,2018-10-31,sensitivity
CT,total,11192,0,1336612.0,0,2018,11,2018-11-01,2018-11-01,2018-12-31,sensitivity
CT,total,10708,0,1338322.0,0,2019,1,2019-01-01,2019-01-01,2019-02-28,sensitivity
CT,total,11252,0,1338322.0,0,2019,3,2019-03-01,2019-03-01,2019-04-30,sensitivity
CT,total,11391,0,1338322.0,0,2019,5,2019-05-01,2019-05-01,2019-06-30,sensitivity
CT,total,12417,0,1338322.0,0,2019,7,2019-07-01,2019-07-01,2019-08-31,sensitivity
CT,total,11594,0,1338322.0,0,2019,9,2019-09-01,2019-09-01,2019-10-31,sensitivity
CT,total,10830,0,1338322.0,0,2019,11,2019-11-01,2019-11-01,2019-12-31,sensitivity
CT,total,10521,0,1342310.0,0,2020,1,2020-01-01,2020-01-01,2020-02-29,sensitivity
CT,total,11129,0,1342310.0,0,2020,3,2020-03-01,2020-03-01,2020-04-30,sensitivity
CT,total,11422,0,1342310.0,0,2020,5,2020-05-01,2020-05-01,2020-06-30,sensitivity
CT,total,11998,0,1342310.0,0,2020,7,2020-07-01,2020-07-01,2020-08-31,sensitivity
CT,total,11400,0,1342310.0,0,2020,9,2020-09-01,2020-09-01,2020-10-31,sensitivity
CT,total,10116,0,1342310.0,0,2020,11,2020-11-01,2020-11-01,2020-12-31,sensitivity
CT,total,9887,0,1370680.0,0,2021,1,2021-01-01,2021-01-01,2021-02-28,sensitivity
CT,total,11891,0,1370680.0,0,2021,3,2021-03-01,2021-03-01,2021-04-30,sensitivity
CT,total,12297,0,1370680.0,0,2021,5,2021-05-01,2021-05-01,2021-06-30,sensitivity
CT,total,13067,0,1370680.0,0,2021,7,2021-07-01,2021-07-01,2021-08-31,sensitivity
CT,total,12413,0,1370680.0,0,2021,9,2021-09-01,2021-09-01,2021-10-31,sensitivity
CT,total,11443,0,1370680.0,0,2021,11,2021-11-01,2021-11-01,2021-12-31,sensitivity
CT,total,10506,0,1392900.0,0,2022,1,2022-01-01,2022-01-01,2022-02-28,sensitivity
CT,total,11725,0,1392900.0,0,2022,3,2022-03-01,2022-03-01,2022-04-30,sensitivity
CT,total,11821,0,1392900.0,0,2022,5,2022-05-01,2022-05-01,2022-06-30,sensitivity
CT,total,12742,0,1392900.0,0,2022,7,2022-07-01,2022-07-01,2022-08-31,sensitivity
CT,total,11801,0,1392900.0,0,2022,9,2022-09-01,2022-09-01,2022-10-31,sensitivity
CT,total,11740,0,1392900.0,0,2022,11,2022-11-01,2022-11-01,2022-12-31,sensitivity
CT,total,10736,0,1377866.0,0,2023,1,2023-01-01,2023-01-01,2023-02-28,sensitivity
CT,total,11274,0,1377866.0,0,2023,3,2023-03-01,2023-03-01,2023-04-30,sensitivity
CT,total,11574,0,1377866.0,0,2023,5,2023-05-01,2023-05-01,2023-06-30,sensitivity
CT,total,12330,0,1377866.0,0,2023,7,2023-07-01,2023-07-01,2023-08-31,sensitivity
CT,total,11693,0,1377866.0,0,2023,9,2023-09-01,2023-09-01,2023-10-31,sensitivity
CT,total,11164,0,1377866.0,0,2023,11,2023-11-01,2023-11-01,2023-12-31,sensitivity
DC,total,3052,0,365944.0,0,2016,1,2016-01-01,2016-01-01,2016-02-29,sensitivity
DC,total,3096,0,365944.0,0,2016,3,2016-03-01,2016-03-01,2016-04-30,sensitivity
DC,total,3376,0,365944.0,0,2016,5,2016-05-01,2016-05-01,2016-06-30,sensitivity
DC,total,3518,0,365944.0,0,2016,7,2016-07-01,2016-07-01,2016-08-31,sensitivity
DC,total,3341,0,365944.0,0,2016,9,2016-09-01,2016-09-01,2016-10-31,sensitivity
DC,total,3114,0,365944.0,0,2016,11,2016-11-01,2016-11-01,2016-12-31,sensitivity
DC,total,2929,0,375674.0,0,2017,1,2017-01-01,2017-01-01,2017-02-28,sensitivity
DC,total,3012,0,375674.0,0,2017,3,2017-03-01,2017-03-01,2017-04-30,sensitivity
DC,total,3252,0,375674.0,0,2017,5,2017-05-01,2017-05-01,2017-06-30,sensitivity
DC,total,3448,0,375674.0,0,2017,7,2017-07-01,2017-07-01,2017-08-31,sensitivity
DC,total,3202,0,375674.0,0,2017,9,2017-09-01,2017-09-01,2017-10-31,sensitivity
DC,total,3054,0,375674.0,0,2017,11,2017-11-01,2017-11-01,2017-12-31,sensitivity
DC,total,2882,0,379570.0,0,2018,1,2018-01-01,2018-01-01,2018-02-28,sensitivity
DC,total,2904,0,379570.0,0,2018,3,2018-03-01,2018-03-01,2018-04-30,sensitivity
DC,total,3140,0,379570.0,0,2018,5,2018-05-01,2018-05-01,2018-06-30,sensitivity
DC,total,3232,0,379570.0,0,2018,7,2018-07-01,2018-07-01,2018-08-31,sensitivity
DC,total,3127,0,379570.0,0,2018,9,2018-09-01,2018-09-01,2018-10-31,sensitivity
DC,total,2966,0,379570.0,0,2018,11,2018-11-01,2018-11-01,2018-12-31,sensitivity
DC,total,2798,0,379946.0,0,2019,1,2019-01-01,2019-01-01,2019-02-28,sensitivity
DC,total,2824,0,379946.0,0,2019,3,2019-03-01,2019-03-01,2019-04-30,sensitivity
DC,total,3026,0,379946.0,0,2019,5,2019-05-01,2019-05-01,2019-06-30,sensitivity
DC,total,3216,0,379946.0,0,2019,7,2019-07-01,2019-07-01,2019-08-31,sensitivity
DC,total,3134,0,379946.0,0,2019,9,2019-09-01,2019-09-01,2019-10-31,sensitivity
DC,total,2989,0,379946.0,0,2019,11,2019-11-01,2019-11-01,2019-12-31,sensitivity
DC,total,2970,0,379062.0,0,2020,1,2020-01-01,2020-01-01,2020-02-29,sensitivity
DC,total,2871,0,379062.0,0,2020,3,2020-03-01,2020-03-01,2020-04-30,sensitivity
DC,total,2954,0,379062.0,0,2020,5,2020-05-01,2020-05-01,2020-06-30,sensitivity
DC,total,3038,0,379062.0,0,2020,7,2020-07-01,2020-07-01,2020-08-31,sensitivity
DC,total,2902,0,379062.0,0,2020,9,2020-09-01,2020-09-01,2020-10-31,sensitivity
DC,total,2765,0,379062.0,0,2020,11,2020-11-01,2020-11-01,2020-12-31,sensitivity
DC,total,2657,0,356382.0,0,2021,1,2021-01-01,2021-01-01,2021-02-28,sensitivity
DC,total,2713,0,356382.0,0,2021,3,2021-03-01,2021-03-01,2021-04-30,sensitivity
DC,total,2763,0,356382.0,0,2021,5,2021-05-01,2021-05-01,2021-06-30,sensitivity
DC,total,2928,0,356382.0,0,2021,7,2021-07-01,2021-07-01,2021-08-31,sensitivity
DC,total,3116,0,356382.0,0,2021,9,2021-09-01,2021-09-01,2021-10-31,sensitivity
DC,total,2993,0,356382.0,0,2021,11,2021-11-01,2021-11-01,2021-12-31,sensitivity
DC,total,2585,0,361048.0,0,2022,1,2022-01-01,2022-01-01,2022-02-28,sensitivity
DC,total,2582,0,361048.0,0,2022,3,2022-03-01,2022-03-01,2022-04-30,sensitivity
DC,total,2586,0,361048.0,0,2022,5,2022-05-01,2022-05-01,2022-06-30,sensitivity
DC,total,2843,0,361048.0,0,2022,7,2022-07-01,2022-07-01,2022-08-31,sensitivity
DC,total,2602,0,361048.0,0,2022,9,2022-09-01,2022-09-01,2022-10-31,sensitivity
DC,total,2682,0,361048.0,0,2022,11,2022-11-01,2022-11-01,2022-12-31,sensitivity
DC,total,2501,0,368404.0,0,2023,1,2023-01-01,2023-01-01,2023-02-28,sensitivity
DC,total,2559,0,368404.0,0,2023,3,2023-03-01,2023-03-01,2023-04-30,sensitivity
DC,total,2602,0,368404.0,0,2023,5,2023-05-01,2023-05-01,2023-06-30,sensitivity
DC,total,2681,0,368404.0,0,2023,7,2023-07-01,2023-07-01,2023-08-31,sensitivity
DC,total,2604,0,368404.0,0,2023,9,2023-09-01,2023-09-01,2023-10-31,sensitivity
DC,total,2490,0,368404.0,0,2023,11,2023-11-01,2023-11-01,2023-12-31,sensitivity
DE,total,3423,0,360690.0,0,2016,1,2016-01-01,2016-01-01,2016-02-29,sensitivity
DE,total,3740,0,360690.0,0,2016,3,2016-03-01,2016-03-01,2016-04-30,sensitivity
DE,total,3781,0,360690.0,0,2016,5,2016-05-01,2016-05-01,2016-06-30,sensitivity
DE,total,3735,0,360690.0,0,2016,7,2016-07-01,2016-07-01,2016-08-31,sensitivity
DE,total,3697,0,360690.0,0,2016,9,2016-09-01,2016-09-01,2016-10-31,sensitivity
DE,total,3419,0,360690.0,0,2016,11,2016-11-01,2016-11-01,2016-12-31,sensitivity
DE,total,3352,0,363212.0,0,2017,1,2017-01-01,2017-01-01,2017-02-28,sensitivity
DE,total,3520,0,363212.0,0,2017,3,2017-03-01,2017-03-01,2017-04-30,sensitivity
DE,total,3770,0,363212.0,0,2017,5,2017-05-01,2017-05-01,2017-06-30,sensitivity
DE,total,3756,0,363212.0,0,2017,7,2017-07-01,2017-07-01,2017-08-31,sensitivity
DE,total,3783,0,363212.0,0,2017,9,2017-09-01,2017-09-01,2017-10-31,sensitivity
DE,total,3395,0,363212.0,0,2017,11,2017-11-01,2017-11-01,2017-12-31,sensitivity
DE,total,3306,0,357036.0,0,2018,1,2018-01-01,2018-01-01,2018-02-28,sensitivity
DE,total,3541,0,357036.0,0,2018,3,2018-03-01,2018-03-01,2018-04-30,sensitivity
DE,total,3608,0,357036.0,0,2018,5,2018-05-01,2018-05-01,2018-06-30,sensitivity
DE,total,3644,0,357036.0,0,2018,7,2018-07-01,2018-07-01,2018-08-31,sensitivity
DE,total,3539,0,357036.0,0,2018,9,2018-09-01,2018-09-01,2018-10-31,sensitivity
DE,total,3508,0,357036.0,0,2018,11,2018-11-01,2018-11-01,2018-12-31,sensitivity
DE,total,3189,0,360798.0,0,2019,1,2019-01-01,2019-01-01,2019-02-28,sensitivity
DE,total,3342,0,360798.0,0,2019,3,2019-03-01,2019-03-01,2019-04-30,sensitivity
DE,total,3334,0,360798.0,0,2019,5,2019-05-01,2019-05-01,2019-06-30,sensitivity
DE,total,3762,0,360798.0,0,2019,7,2019-07-01,2019-07-01,2019-08-31,sensitivity
DE,total,3739,0,360798.0,0,2019,9,2019-09-01,2019-09-01,2019-10-31,sensitivity
DE,total,3532,0,360798.0,0,2019,11,2019-11-01,2019-11-01,2019-12-31,sensitivity
DE,total,3208,0,359870.0,0,2020,1,2020-01-01,2020-01-01,2020-02-29,sensitivity
DE,total,3270,0,359870.0,0,2020,3,2020-03-01,2020-03-01,2020-04-30,sensitivity
DE,total,3507,0,359870.0,0,2020,5,2020-05-01,2020-05-01,2020-06-30,sensitivity
DE,total,3731,0,359870.0,0,2020,7,2020-07-01,2020-07-01,2020-08-31,sensitivity
DE,total,3636,0,359870.0,0,2020,9,2020-09-01,2020-09-01,2020-10-31,sensitivity
DE,total,3183,0,359870.0,0,2020,11,2020-11-01,2020-11-01,2020-12-31,sensitivity
DE,total,2816,0,376832.0,0,2021,1,2021-01-01,2021-01-01,2021-02-28,sensitivity
DE,total,3315,0,376832.0,0,2021,3,2021-03-01,2021-03-01,2021-04-30,sensitivity
DE,total,3489,0,376832.0,0,2021,5,2021-05-01,2021-05-01,2021-06-30,sensitivity
DE,total,3780,0,376832.0,0,2021,7,2021-07-01,2021-07-01,2021-08-31,sensitivity
DE,total,3866,0,376832.0,0,2021,9,2021-09-01,2021-09-01,2021-10-31,sensitivity
DE,total,3419,0,376832.0,0,2021,11,2021-11-01,2021-11-01,2021-12-31,sensitivity
DE,total,3366,0,378128.0,0,2022,1,2022-01-01,2022-01-01,2022-02-28,sensitivity
DE,total,3435,0,378128.0,0,2022,3,2022-03-01,2022-03-01,2022-04-30,sensitivity
DE,total,3542,0,378128.0,0,2022,5,2022-05-01,2022-05-01,2022-06-30,sensitivity
DE,total,3995,0,378128.0,0,2022,7,2022-07-01,2022-07-01,2022-08-31,sensitivity
DE,total,3473,0,378128.0,0,2022,9,2022-09-01,2022-09-01,2022-10-31,sensitivity
DE,total,3496,0,378128.0,0,2022,11,2022-11-01,2022-11-01,2022-12-31,sensitivity
DE,total,3267,0,376212.0,0,2023,1,2023-01-01,2023-01-01,2023-02-28,sensitivity
DE,total,3373,0,376212.0,0,2023,3,2023-03-01,2023-03-01,2023-04-30,sensitivity
DE,total,3513,0,376212.0,0,2023,5,2023-05-01,2023-05-01,2023-06-30,sensitivity
DE,total,3593,0,376212.0,0,2023,7,2023-07-01,2023-07-01,2023-08-31,sensitivity
DE,total,3435,0,376212.0,0,2023,9,2023-09-01,2023-09-01,2023-10-31,sensitivity
DE,total,3359,0,376212.0,0,2023,11,2023-11-01,2023-11-01,2023-12-31,sensitivity
FL,total,71883,0,7556340.0,0,2016,1,2016-01-01,2016-01-01,2016-02-29,sensitivity
FL,total,71687,0,7556340.0,0,2016,3,2016-03-01,2016-03-01,2016-04-30,sensitivity
FL,total,72068,0,7556340.0,0,2016,5,2016-05-01,2016-05-01,2016-06-30,sensitivity
FL,total,77740,0,7556340.0,0,2016,7,2016-07-01,2016-07-01,2016-08-31,sensitivity
FL,total,77179,0,7556340.0,0,2016,9,2016-09-01,2016-09-01,2016-10-31,sensitivity
FL,total,76336,0,7556340.0,0,2016,11,2016-11-01,2016-11-01,2016-12-31,sensitivity
FL,total,70761,0,7667454.0,0,2017,1,2017-01-01,2017-01-01,2017-02-28,sensitivity
FL,total,69843,0,7667454.0,0,2017,3,2017-03-01,2017-03-01,2017-04-30,sensitivity
FL,total,70786,0,7667454.0,0,2017,5,2017-05-01,2017-05-01,2017-06-30,sensitivity
FL,total,78347,0,7667454.0,0,2017,7,2017-07-01,2017-07-01,2017-08-31,sensitivity
FL,total,77601,0,7667454.0,0,2017,9,2017-09-01,2017-09-01,2017-10-31,sensitivity
FL,total,76865,0,7667454.0,0,2017,11,2017-11-01,2017-11-01,2017-12-31,sensitivity
FL,total,70897,0,7748774.0,0,2018,1,2018-01-01,2018-01-01,2018-02-28,sensitivity
FL,total,70358,0,7748774.0,0,2018,3,2018-03-01,2018-03-01,2018-04-30,sensitivity
FL,total,70411,0,7748774.0,0,2018,5,2018-05-01,2018-05-01,2018-06-30,sensitivity
FL,total,76386,0,7748774.0,0,2018,7,2018-07-01,2018-07-01,2018-08-31,sensitivity
FL,total,77299,0,7748774.0,0,2018,9,2018-09-01,2018-09-01,2018-10-31,sensitivity
FL,total,75117,0,7748774.0,0,2018,11,2018-11-01,2018-11-01,2018-12-31,sensitivity
FL,total,70778,0,7775514.0,0,2019,1,2019-01-01,2019-01-01,2019-02-28,sensitivity
FL,total,69366,0,7775514.0,0,2019,3,2019-03-01,2019-03-01,2019-04-30,sensitivity
FL,total,68951,0,7775514.0,0,2019,5,2019-05-01,2019-05-01,2019-06-30,sensitivity
FL,total,76992,0,7775514.0,0,2019,7,2019-07-01,2019-07-01,2019-08-31,sensitivity
FL,total,77432,0,7775514.0,0,2019,9,2019-09-01,2019-09-01,2019-10-31,sensitivity
FL,total,73815,0,7775514.0,0,2019,11,2019-11-01,2019-11-01,2019-12-31,sensitivity
FL,total,69446,0,7726664.0,0,2020,1,2020-01-01,2020-01-01,2020-02-29,sensitivity
FL,total,67139,0,7726664.0,0,2020,3,2020-03-01,2020-03-01,2020-04-30,sensitivity
FL,total,67216,0,7726664.0,0,2020,5,2020-05-01,2020-05-01,2020-06-30,sensitivity
FL,total,71524,0,7726664.0,0,2020,7,2020-07-01,2020-07-01,2020-08-31,sensitivity
FL,total,72126,0,7726664.0,0,2020,9,2020-09-01,2020-09-01,2020-10-31,sensitivity
FL,total,69379,0,7726664.0,0,2020,11,2020-11-01,2020-11-01,2020-12-31,sensitivity
FL,total,64890,0,7849806.0,0,2021,1,2021-01-01,2021-01-01,2021-02-28,sensitivity
FL,total,67547,0,7849806.0,0,2021,3,2021-03-01,2021-03-01,2021-04-30,sensitivity
FL,total,68372,0,7849806.0,0,2021,5,2021-05-01,2021-05-01,2021-06-30,sensitivity
FL,total,75607,0,7849806.0,0,2021,7,2021-07-01,2021-07-01,2021-08-31,sensitivity
FL,total,78577,0,7849806.0,0,2021,9,2021-09-01,2021-09-01,2021-10-31,sensitivity
FL,total,74749,0,7849806.0,0,2021,11,2021-11-01,2021-11-01,2021-12-31,sensitivity
FL,total,70584,0,8074816.0,0,2022,1,2022-01-01,2022-01-01,2022-02-28,sensitivity
FL,total,71424,0,8074816.0,0,2022,3,2022-03-01,2022-03-01,2022-04-30,sensitivity
FL,total,70359,0,8074816.0,0,2022,5,2022-05-01,2022-05-01,2022-06-30,sensitivity
FL,total,79551,0,8074816.0,0,2022,7,2022-07-01,2022-07-01,2022-08-31,sensitivity
FL,total,75739,0,8074816.0,0,2022,9,2022-09-01,2022-09-01,2022-10-31,sensitivity
FL,total,78290,0,8074816.0,0,2022,11,2022-11-01,2022-11-01,2022-12-31,sensitivity
FL,total,70447,0,8226444.0,0,2023,1,2023-01-01,2023-01-01,2023-02-28,sensitivity
FL,total,69786,0,8226444.0,0,2023,3,2023-03-01,2023-03-01,2023-04-30,sensitivity
FL,total,71836,0,8226444.0,0,2023,5,2023-05-01,2023-05-01,2023-06-30,sensitivity
FL,total,75932,0,8226444.0,0,2023,7,2023-07-01,2023-07-01,2023-08-31,sensitivity
FL,total,76524,0,8226444.0,0,2023,9,2023-09-01,2023-09-01,2023-10-31,sensitivity
FL,total,75225,0,8226444.0,0,2023,11,2023-11-01,2023-11-01,2023-12-31,sensitivity
GA,total,41813,0,4286450.0,1,2016,1,2016-01-01,2016-01-01,2016-02-29,sensitivity
GA,total,41358,0,4286450.0,1,2016,3,2016-03-01,2016-03-01,2016-04-30,sensitivity
GA,total,42394,0,4286450.0,1,2016,5,2016-05-01,2016-05-01,2016-06-30,sensitivity
GA,total,45086,0,4286450.0,1,2016,7,2016-07-01,2016-07-01,2016-08-31,sensitivity
GA,total,43804,0,4286450.0,1,2016,9,2016-09-01,2016-09-01,2016-10-31,sensitivity
GA,total,43503,0,4286450.0,1,2016,11,2016-11-01,2016-11-01,2016-12-31,sensitivity
GA,total,41009,0,4295108.0,1,2017,1,2017-01-01,2017-01-01,2017-02-28,sensitivity
GA,total,40429,0,4295108.0,1,2017,3,2017-03-01,2017-03-01,2017-04-30,sensitivity
GA,total,42252,0,4295108.0,1,2017,5,2017-05-01,2017-05-01,2017-06-30,sensitivity
GA,total,46275,0,4295108.0,1,2017,7,2017-07-01,2017-07-01,2017-08-31,sensitivity
GA,total,43873,0,4295108.0,1,2017,9,2017-09-01,2017-09-01,2017-10-31,sensitivity
GA,total,42686,0,4295108.0,1,2017,11,2017-11-01,2017-11-01,2017-12-31,sensitivity
GA,total,40180,0,4370688.0,1,2018,1,2018-01-01,2018-01-01,2018-02-28,sensitivity
GA,total,40055,0,4370688.0,1,2018,3,2018-03-01,2018-03-01,2018-04-30,sensitivity
GA,total,41480,0,4370688.0,1,2018,5,2018-05-01,2018-05-01,2018-06-30,sensitivity
GA,total,44622,0,4370688.0,1,2018,7,2018-07-01,2018-07-01,2018-08-31,sensitivity
GA,total,42596,0,4370688.0,1,2018,9,2018-09-01,2018-09-01,2018-10-31,sensitivity
GA,total,41730,0,4370688.0,1,2018,11,2018-11-01,2018-11-01,2018-12-31,sensitivity
GA,total,40356,0,4341448.0,1,2019,1,2019-01-01,2019-01-01,2019-02-28,sensitivity
GA,total,39942,0,4341448.0,1,2019,3,2019-03-01,2019-03-01,2019-04-30,sensitivity
GA,total,40584,0,4341448.0,1,2019,5,2019-05-01,2019-05-01,2019-06-30,sensitivity
GA,total,45244,0,4341448.0,1,2019,7,2019-07-01,2019-07-01,2019-08-31,sensitivity
GA,total,43568,0,4341448.0,1,2019,9,2019-09-01,2019-09-01,2019-10-31,sensitivity
GA,total,41389,0,4341448.0,1,2019,11,2019-11-01,2019-11-01,2019-12-31,sensitivity
GA,total,40038,0,4333126.0,1,2020,1,2020-01-01,2020-01-01,2020-02-29,sensitivity
GA,total,39257,0,4333126.0,1,2020,3,2020-03-01,2020-03-01,2020-04-30,sensitivity
GA,total,40025,0,4333126.0,1,2020,5,2020-05-01,2020-05-01,2020-06-30,sensitivity
GA,total,43142,0,4333126.0,1,2020,7,2020-07-01,2020-07-01,2020-08-31,sensitivity
GA,total,41410,0,4333126.0,1,2020,9,2020-09-01,2020-09-01,2020-10-31,sensitivity
GA,total,39606,0,4333126.0,1,2020,11,2020-11-01,2020-11-01,2020-12-31,sensitivity
GA,total,37277,0,4443158.0,1,2021,1,2021-01-01,2021-01-01,2021-02-28,sensitivity
GA,total,39722,0,4443158.0,1,2021,3,2021-03-01,2021-03-01,2021-04-30,sensitivity
GA,total,40201,0,4443158.0,1,2021,5,2021-05-01,2021-05-01,2021-06-30,sensitivity
GA,total,44122,0,4443158.0,1,2021,7,2021-07-01,2021-07-01,2021-08-31,sensitivity
GA,total,43495,0,4443158.0,1,2021,9,2021-09-01,2021-09-01,2021-10-31,sensitivity
GA,total,41978,0,4443158.0,1,2021,11,2021-11-01,2021-11-01,2021-12-31,sensitivity
GA,total,39740,0,4526046.0,1,2022,1,2022-01-01,2022-01-01,2022-02-28,sensitivity
GA,total,40353,0,4526046.0,1,2022,3,2022-03-01,2022-03-01,2022-04-30,sensitivity
GA,total,40308,0,4526046.0,1,2022,5,2022-05-01,2022-05-01,2022-06-30,sensitivity
GA,total,45284,0,4526046.0,1,2022,7,2022-07-01,2022-07-01,2022-08-31,sensitivity
GA,total,41714,0,4526046.0,1,2022,9,2022-09-01,2022-09-01,2022-10-31,sensitivity
GA,total,43415,0,4526046.0,1,2022,11,2022-11-01,2022-11-01,2022-12-31,sensitivity
GA,total,40218,0,4564982.0,1,2023,1,2023-01-01,2023-01-01,2023-02-28,sensitivity
GA,total,39003,0,4564982.0,1,2023,3,2023-03-01,2023-03-01,2023-04-30,sensitivity
GA,total,41238,1,4564982.0,1,2023,5,2023-05-01,2023-05-01,2023-06-30,sensitivity
GA,total,43830,1,4564982.0,1,2023,7,2023-07-01,2023-07-01,2023-08-31,sensitivity
GA,total,42731,1,4564982.0,1,2023,9,2023-09-01,2023-09-01,2023-10-31,sensitivity
GA,total,41698,1,4564982.0,1,2023,11,2023-11-01,2023-11-01,2023-12-31,sensitivity
HI,total,5919,0,534506.0,0,2016,1,2016-01-01,2016-01-01,2016-02-29,sensitivity
HI,total,5900,0,534506.0,0,2016,3,2016-03-01,2016-03-01,2016-04-30,sensitivity
HI,total,5858,0,534506.0,0,2016,5,2016-05-01,2016-05-01,2016-06-30,sensitivity
HI,total,6174,0,534506.0,0,2016,7,2016-07-01,2016-07-01,2016-08-31,sensitivity
HI,total,6241,0,534506.0,0,2016,9,2016-09-01,2016-09-01,2016-10-31,sensitivity
HI,total,5735,0,534506.0,0,2016,11,2016-11-01,2016-11-01,2016-12-31,sensitivity
HI,total,5732,0,529906.0,0,2017,1,2017-01-01,2017-01-01,2017-02-28,sensitivity
HI,total,5802,0,529906.0,0,2017,3,2017-03-01,2017-03-01,2017-04-30,sensitivity
HI,total,5530,0,529906.0,0,2017,5,2017-05-01,2017-05-01,2017-06-30,sensitivity
HI,total,5977,0,529906.0,0,2017,7,2017-07-01,2017-07-01,2017-08-31,sensitivity
HI,total,6020,0,529906.0,0,2017,9,2017-09-01,2017-09-01,2017-10-31,sensitivity
HI,total,5678,0,529906.0,0,2017,11,2017-11-01,2017-11-01,2017-12-31,sensitivity
HI,total,5323,0,528954.0,0,2018,1,2018-01-01,2018-01-01,2018-02-28,sensitivity
HI,total,5585,0,528954.0,0,2018,3,2018-03-01,2018-03-01,2018-04-30,sensitivity
HI,total,5708,0,528954.0,0,2018,5,2018-05-01,2018-05-01,2018-06-30,sensitivity
HI,total,5627,0,528954.0,0,2018,7,2018-07-01,2018-07-01,2018-08-31,sensitivity
HI,total,5825,0,528954.0,0,2018,9,2018-09-01,2018-09-01,2018-10-31,sensitivity
HI,total,5597,0,528954.0,0,2018,11,2018-11-01,2018-11-01,2018-12-31,sensitivity
HI,total,5397,0,520220.0,0,2019,1,2019-01-01,2019-01-01,2019-02-28,sensitivity
HI,total,5334,0,520220.0,0,2019,3,2019-03-01,2019-03-01,2019-04-30,sensitivity
HI,total,5542,0,520220.0,0,2019,5,2019-05-01,2019-05-01,2019-06-30,sensitivity
HI,total,5817,0,520220.0,0,2019,7,2019-07-01,2019-07-01,2019-08-31,sensitivity
HI,total,5682,0,520220.0,0,2019,9,2019-09-01,2019-09-01,2019-10-31,sensitivity
HI,total,5607,0,520220.0,0,2019,11,2019-11-01,2019-11-01,2019-12-31,sensitivity
HI,total,5245,0,525620.0,0,2020,1,2020-01-01,2020-01-01,2020-02-29,sensitivity
HI,total,5275,0,525620.0,0,2020,3,2020-03-01,2020-03-01,2020-04-30,sensitivity
HI,total,5055,0,525620.0,0,2020,5,2020-05-01,2020-05-01,2020-06-30,sensitivity
HI,total,5275,0,525620.0,0,2020,7,2020-07-01,2020-07-01,2020-08-31,sensitivity
HI,total,5400,0,525620.0,0,2020,9,2020-09-01,2020-09-01,2020-10-31,sensitivity
HI,total,5120,0,525620.0,0,2020,11,2020-11-01,2020-11-01,2020-12-31,sensitivity
HI,total,4625,0,525202.0,0,2021,1,2021-01-01,2021-01-01,2021-02-28,sensitivity
HI,total,5323,0,525202.0,0,2021,3,2021-03-01,2021-03-01,2021-04-30,sensitivity
HI,total,5068,0,525202.0,0,2021,5,2021-05-01,2021-05-01,2021-06-30,sensitivity
HI,total,5509,0,525202.0,0,2021,7,2021-07-01,2021-07-01,2021-08-31,sensitivity
HI,total,5385,0,525202.0,0,2021,9,2021-09-01,2021-09-01,2021-10-31,sensitivity
HI,total,5099,0,525202.0,0,2021,11,2021-11-01,2021-11-01,2021-12-31,sensitivity
HI,total,5231,0,516862.0,0,2022,1,2022-01-01,2022-01-01,2022-02-28,sensitivity
HI,total,5098,0,516862.0,0,2022,3,2022-03-01,2022-03-01,2022-04-30,sensitivity
HI,total,4889,0,516862.0,0,2022,5,2022-05-01,2022-05-01,2022-06-30,sensitivity
HI,total,5260,0,516862.0,0,2022,7,2022-07-01,2022-07-01,2022-08-31,sensitivity
HI,total,5228,0,516862.0,0,2022,9,2022-09-01,2022-09-01,2022-10-31,sensitivity
HI,total,5118,0,516862.0,0,2022,11,2022-11-01,2022-11-01,2022-12-31,sensitivity
HI,total,4917,0,526156.0,0,2023,1,2023-01-01,2023-01-01,2023-02-28,sensitivity
HI,total,4825,0,526156.0,0,2023,3,2023-03-01,2023-03-01,2023-04-30,sensitivity
HI,total,4853,0,526156.0,0,2023,5,2023-05-01,2023-05-01,2023-06-30,sensitivity
HI,total,5017,0,526156.0,0,2023,7,2023-07-01,2023-07-01,2023-08-31,sensitivity
HI,total,4943,0,526156.0,0,2023,9,2023-09-01,2023-09-01,2023-10-31,sensitivity
HI,total,4798,0,526156.0,0,2023,11,2023-11-01,2023-11-01,2023-12-31,sensitivity
IA,total,12049,0,1199194.0,0,2016,1,2016-01-01,2016-01-01,2016-02-29,sensitivity
IA,total,13145,0,1199194.0,0,2016,3,2016-03-01,2016-03-01,2016-04-30,sensitivity
IA,total,13386,0,1199194.0,0,2016,5,2016-05-01,2016-05-01,2016-06-30,sensitivity
IA,total,13864,0,1199194.0,0,2016,7,2016-07-01,2016-07-01,2016-08-31,sensitivity
IA,total,13334,0,1199194.0,0,2016,9,2016-09-01,2016-09-01,2016-10-31,sensitivity
IA,total,12845,0,1199194.0,0,2016,11,2016-11-01,2016-11-01,2016-12-31,sensitivity
IA,total,11908,0,1180578.0,0,2017,1,2017-01-01,2017-01-01,2017-02-28,sensitivity
IA,total,12568,0,1180578.0,0,2017,3,2017-03-01,2017-03-01,2017-04-30,sensitivity
IA,total,12995,0,1180578.0,0,2017,5,2017-05-01,2017-05-01,2017-06-30,sensitivity
IA,total,13944,0,1180578.0,0,2017,7,2017-07-01,2017-07-01,2017-08-31,sensitivity
IA,total,12950,0,1180578.0,0,2017,9,2017-09-01,2017-09-01,2017-10-31,sensitivity
IA,total,12361,0,1180578.0,0,2017,11,2017-11-01,2017-11-01,2017-12-31,sensitivity
IA,total,11937,0,1193102.0,0,2018,1,2018-01-01,2018-01-01,2018-02-28,sensitivity
IA,total,12464,0,1193102.0,0,2018,3,2018-03-01,2018-03-01,2018-04-30,sensitivity
IA,total,12897,0,1193102.0,0,2018,5,2018-05-01,2018-05-01,2018-06-30,sensitivity
IA,total,13343,0,1193102.0,0,2018,7,2018-07-01,2018-07-01,2018-08-31,sensitivity
IA,total,12730,0,1193102.0,0,2018,9,2018-09-01,2018-09-01,2018-10-31,sensitivity
IA,total,12064,0,1193102.0,0,2018,11,2018-11-01,2018-11-01,2018-12-31,sensitivity
IA,total,11838,0,1195494.0,0,2019,1,2019-01-01,2019-01-01,2019-02-28,sensitivity
IA,total,12337,0,1195494.0,0,2019,3,2019-03-01,2019-03-01,2019-04-30,sensitivity
IA,total,12790,0,1195494.0,0,2019,5,2019-05-01,2019-05-01,2019-06-30,sensitivity
IA,total,13666,0,1195494.0,0,2019,7,2019-07-01,2019-07-01,2019-08-31,sensitivity
IA,total,12839,0,1195494.0,0,2019,9,2019-09-01,2019-09-01,2019-10-31,sensitivity
IA,total,11689,0,1195494.0,0,2019,11,2019-11-01,2019-11-01,2019-12-31,sensitivity
IA,total,11726,0,1189938.0,0,2020,1,2020-01-01,2020-01-01,2020-02-29,sensitivity
IA,total,11780,0,1189938.0,0,2020,3,2020-03-01,2020-03-01,2020-04-30,sensitivity
IA,total,12480,0,1189938.0,0,2020,5,2020-05-01,2020-05-01,2020-06-30,sensitivity
IA,total,12660,0,1189938.0,0,2020,7,2020-07-01,2020-07-01,2020-08-31,sensitivity
IA,total,12148,0,1189938.0,0,2020,9,2020-09-01,2020-09-01,2020-10-31,sensitivity
IA,total,11308,0,1189938.0,0,2020,11,2020-11-01,2020-11-01,2020-12-31,sensitivity
IA,total,11060,0,1224828.0,0,2021,1,2021-01-01,2021-01-01,2021-02-28,sensitivity
IA,total,12082,0,1224828.0,0,2021,3,2021-03-01,2021-03-01,2021-04-30,sensitivity
IA,total,12448,0,1224828.0,0,2021,5,2021-05-01,2021-05-01,2021-06-30,sensitivity
IA,total,13245,0,1224828.0,0,2021,7,2021-07-01,2021-07-01,2021-08-31,sensitivity
IA,total,12770,0,1224828.0,0,2021,9,2021-09-01,2021-09-01,2021-10-31,sensitivity
IA,total,11918,0,1224828.0,0,2021,11,2021-11-01,2021-11-01,2021-12-31,sensitivity
IA,total,11303,0,1220744.0,0,2022,1,2022-01-01,2022-01-01,2022-02-28,sensitivity
IA,total,12239,0,1220744.0,0,2022,3,2022-03-01,2022-03-01,2022-04-30,sensitivity
IA,total,12017,0,1220744.0,0,2022,5,2022-05-01,2022-05-01,2022-06-30,sensitivity
IA,total,12949,0,1220744.0,0,2022,7,2022-07-01,2022-07-01,2022-08-31,sensitivity
IA,total,12154,0,1220744.0,0,2022,9,2022-09-01,2022-09-01,2022-10-31,sensitivity
IA,total,12208,0,1220744.0,0,2022,11,2022-11-01,2022-11-01,2022-12-31,sensitivity
IA,total,11234,0,1227246.0,0,2023,1,2023-01-01,2023-01-01,2023-02-28,sensitivity
IA,total,11815,0,1227246.0,0,2023,3,2023-03-01,2023-03-01,2023-04-30,sensitivity
IA,total,12440,0,1227246.0,0,2023,5,2023-05-01,2023-05-01,2023-06-30,sensitivity
IA,total,12933,0,1227246.0,0,2023,7,2023-07-01,2023-07-01,2023-08-31,sensitivity
IA,total,11754,0,1227246.0,0,2023,9,2023-09-01,2023-09-01,2023-10-31,sensitivity
IA,total,11789,0,1227246.0,0,2023,11,2023-11-01,2023-11-01,2023-12-31,sensitivity
ID,total,6823,0,646700.0,1,2016,1,2016-01-01,2016-01-01,2016-02-29,sensitivity
ID,total,7603,0,646700.0,1,2016,3,2016-03-01,2016-03-01,2016-04-30,sensitivity
ID,total,7597,0,646700.0,1,2016,5,2016-05-01,2016-05-01,2016-06-30,sensitivity
ID,total,7767,0,646700.0,1,2016,7,2016-07-01,2016-07-01,2016-08-31,sensitivity
ID,total,7881,0,646700.0,1,2016,9,2016-09-01,2016-09-01,2016-10-31,sensitivity
ID,total,6995,0,646700.0,1,2016,11,2016-11-01,2016-11-01,2016-12-31,sensitivity
ID,total,6883,0,654182.0,1,2017,1,2017-01-01,2017-01-01,2017-02-28,sensitivity
ID,total,7303,0,654182.0,1,2017,3,2017-03-01,2017-03-01,2017-04-30,sensitivity
ID,total,7818,0,654182.0,1,2017,5,2017-05-01,2017-05-01,2017-06-30,sensitivity
ID,total,7805,0,654182.0,1,2017,7,2017-07-01,2017-07-01,2017-08-31,sensitivity
ID,total,7522,0,654182.0,1,2017,9,2017-09-01,2017-09-01,2017-10-31,sensitivity
ID,total,6728,0,654182.0,1,2017,11,2017-11-01,2017-11-01,2017-12-31,sensitivity
ID,total,6496,0,680948.0,1,2018,1,2018-01-01,2018-01-01,2018-02-28,sensitivity
ID,total,7083,0,680948.0,1,2018,3,2018-03-01,2018-03-01,2018-04-30,sensitivity
ID,total,7374,0,680948.0,1,2018,5,2018-05-01,2018-05-01,2018-06-30,sensitivity
ID,total,7524,0,680948.0,1,2018,7,2018-07-01,2018-07-01,2018-08-31,sensitivity
ID,total,7276,0,680948.0,1,2018,9,2018-09-01,2018-09-01,2018-10-31,sensitivity
ID,total,6761,0,680948.0,1,2018,11,2018-11-01,2018-11-01,2018-12-31,sensitivity
ID,total,6679,0,689710.0,1,2019,1,2019-01-01,2019-01-01,2019-02-28,sensitivity
ID,total,7273,0,689710.0,1,2019,3,2019-03-01,2019-03-01,2019-04-30,sensitivity
ID,total,7676,0,689710.0,1,2019,5,2019-05-01,2019-05-01,2019-06-30,sensitivity
ID,total,8104,0,689710.0,1,2019,7,2019-07-01,2019-07-01,2019-08-31,sensitivity
ID,total,7160,0,689710.0,1,2019,9,2019-09-01,2019-09-01,2019-10-31,sensitivity
ID,total,6895,0,689710.0,1,2019,11,2019-11-01,2019-11-01,2019-12-31,sensitivity
ID,total,6578,0,679272.0,1,2020,1,2020-01-01,2020-01-01,2020-02-29,sensitivity
ID,total,7252,0,679272.0,1,2020,3,2020-03-01,2020-03-01,2020-04-30,sensitivity
ID,total,7287,0,679272.0,1,2020,5,2020-05-01,2020-05-01,2020-06-30,sensitivity
ID,total,7687,0,679272.0,1,2020,7,2020-07-01,2020-07-01,2020-08-31,sensitivity
ID,total,7309,0,679272.0,1,2020,9,2020-09-01,2020-09-01,2020-10-31,sensitivity
ID,total,6598,0,679272.0,1,2020,11,2020-11-01,2020-11-01,2020-12-31,sensitivity
ID,total,6430,0,748008.0,1,2021,1,2021-01-01,2021-01-01,2021-02-28,sensitivity
ID,total,7564,0,748008.0,1,2021,3,2021-03-01,2021-03-01,2021-04-30,sensitivity
ID,total,7835,0,748008.0,1,2021,5,2021-05-01,2021-05-01,2021-06-30,sensitivity
ID,total,7974,0,748008.0,1,2021,7,2021-07-01,2021-07-01,2021-08-31,sensitivity
ID,total,7422,0,748008.0,1,2021,9,2021-09-01,2021-09-01,2021-10-31,sensitivity
ID,total,7267,0,748008.0,1,2021,11,2021-11-01,2021-11-01,2021-12-31,sensitivity
ID,total,6776,0,760252.0,1,2022,1,2022-01-01,2022-01-01,2022-02-28,sensitivity
ID,total,7405,0,760252.0,1,2022,3,2022-03-01,2022-03-01,2022-04-30,sensitivity
ID,total,7570,0,760252.0,1,2022,5,2022-05-01,2022-05-01,2022-06-30,sensitivity
ID,total,8052,0,760252.0,1,2022,7,2022-07-01,2022-07-01,2022-08-31,sensitivity
ID,total,7481,0,760252.0,1,2022,9,2022-09-01,2022-09-01,2022-10-31,sensitivity
ID,total,7119,0,760252.0,1,2022,11,2022-11-01,2022-11-01,2022-12-31,sensitivity
ID,total,6919,0,778436.0,1,2023,1,2023-01-01,2023-01-01,2023-02-28,sensitivity
ID,total,7313,1,778436.0,1,2023,3,2023-03-01,2023-03-01,2023-04-30,sensitivity
ID,total,7534,1,778436.0,1,2023,5,2023-05-01,2023-05-01,2023-06-30,sensitivity
ID,total,7773,1,778436.0,1,2023,7,2023-07-01,2023-07-01,2023-08-31,sensitivity
ID,total,7533,1,778436.0,1,2023,9,2023-09-01,2023-09-01,2023-10-31,sensitivity
ID,total,7394,1,778436.0,1,2023,11,2023-11-01,2023-11-01,2023-12-31,sensitivity
IL,total,47865,0,5125966.0,0,2016,1,2016-01-01,2016-01-01,2016-02-29,sensitivity
IL,total,50470,0,5125966.0,0,2016,3,2016-03-01,2016-03-01,2016-04-30,sensitivity
IL,total,52331,0,5125966.0,0,2016,5,2016-05-01,2016-05-01,2016-06-30,sensitivity
IL,total,55462,0,5125966.0,0,2016,7,2016-07-01,2016-07-01,2016-08-31,sensitivity
IL,total,51340,0,5125966.0,0,2016,9,2016-09-01,2016-09-01,2016-10-31,sensitivity
IL,total,48384,0,5125966.0,0,2016,11,2016-11-01,2016-11-01,2016-12-31,sensitivity
IL,total,46067,0,5074030.0,0,2017,1,2017-01-01,2017-01-01,2017-02-28,sensitivity
IL,total,48067,0,5074030.0,0,2017,3,2017-03-01,2017-03-01,2017-04-30,sensitivity
IL,total,50601,0,5074030.0,0,2017,5,2017-05-01,2017-05-01,2017-06-30,sensitivity
IL,total,53163,0,5074030.0,0,2017,7,2017-07-01,2017-07-01,2017-08-31,sensitivity
IL,total,50673,0,5074030.0,0,2017,9,2017-09-01,2017-09-01,2017-10-31,sensitivity
IL,total,47482,0,5074030.0,0,2017,11,2017-11-01,2017-11-01,2017-12-31,sensitivity
IL,total,45285,0,5026018.0,0,2018,1,2018-01-01,2018-01-01,2018-02-28,sensitivity
IL,total,47731,0,5026018.0,0,2018,3,2018-03-01,2018-03-01,2018-04-30,sensitivity
IL,total,49141,0,5026018.0,0,2018,5,2018-05-01,2018-05-01,2018-06-30,sensitivity
IL,total,51367,0,5026018.0,0,2018,7,2018-07-01,2018-07-01,2018-08-31,sensitivity
IL,total,48549,0,5026018.0,0,2018,9,2018-09-01,2018-09-01,2018-10-31,sensitivity
IL,total,45393,0,5026018.0,0,2018,11,2018-11-01,2018-11-01,2018-12-31,sensitivity
IL,total,43351,0,5027504.0,0,2019,1,2019-01-01,2019-01-01,2019-02-28,sensitivity
IL,total,45262,0,5027504.0,0,2019,3,2019-03-01,2019-03-01,2019-04-30,sensitivity
IL,total,47036,0,5027504.0,0,2019,5,2019-05-01,2019-05-01,2019-06-30,sensitivity
IL,total,51522,0,5027504.0,0,2019,7,2019-07-01,2019-07-01,2019-08-31,sensitivity
IL,total,46992,0,5027504.0,0,2019,9,2019-09-01,2019-09-01,2019-10-31,sensitivity
IL,total,43930,0,5027504.0,0,2019,11,2019-11-01,2019-11-01,2019-12-31,sensitivity
IL,total,42786,0,5029182.0,0,2020,1,2020-01-01,2020-01-01,2020-02-29,sensitivity
IL,total,43527,0,5029182.0,0,2020,3,2020-03-01,2020-03-01,2020-04-30,sensitivity
IL,total,45001,0,5029182.0,0,2020,5,2020-05-01,2020-05-01,2020-06-30,sensitivity
IL,total,47647,0,5029182.0,0,2020,7,2020-07-01,2020-07-01,2020-08-31,sensitivity
IL,total,44461,0,5029182.0,0,2020,9,2020-09-01,2020-09-01,2020-10-31,sensitivity
IL,total,41212,0,5029182.0,0,2020,11,2020-11-01,2020-11-01,2020-12-31,sensitivity
IL,total,38697,0,4980308.0,0,2021,1,2021-01-01,2021-01-01,2021-02-28,sensitivity
IL,total,44187,0,4980308.0,0,2021,3,2021-03-01,2021-03-01,2021-04-30,sensitivity
IL,total,45631,0,4980308.0,0,2021,5,2021-05-01,2021-05-01,2021-06-30,sensitivity
IL,total,47308,0,4980308.0,0,2021,7,2021-07-01,2021-07-01,2021-08-31,sensitivity
IL,total,44768,0,4980308.0,0,2021,9,2021-09-01,2021-09-01,2021-10-31,sensitivity
IL,total,42030,0,4980308.0,0,2021,11,2021-11-01,2021-11-01,2021-12-31,sensitivity
IL,total,39171,0,4954282.0,0,2022,1,2022-01-01,2022-01-01,2022-02-28,sensitivity
IL,total,41434,0,4954282.0,0,2022,3,2022-03-01,2022-03-01,2022-04-30,sensitivity
IL,total,43213,0,4954282.0,0,2022,5,2022-05-01,2022-05-01,2022-06-30,sensitivity
IL,total,45732,0,4954282.0,0,2022,7,2022-07-01,2022-07-01,2022-08-31,sensitivity
IL,total,42785,0,4954282.0,0,2022,9,2022-09-01,2022-09-01,2022-10-31,sensitivity
IL,total,42548,0,4954282.0,0,2022,11,2022-11-01,2022-11-01,2022-12-31,sensitivity
IL,total,38450,0,4942172.0,0,2023,1,2023-01-01,2023-01-01,2023-02-28,sensitivity
IL,total,40536,0,4942172.0,0,2023,3,2023-03-01,2023-03-01,2023-04-30,sensitivity
IL,total,42226,0,4942172.0,0,2023,5,2023-05-01,2023-05-01,2023-06-30,sensitivity
IL,total,43522,0,4942172.0,0,2023,7,2023-07-01,2023-07-01,2023-08-31,sensitivity
IL,total,42225,0,4942172.0,0,2023,9,2023-09-01,2023-09-01,2023-10-31,sensitivity
IL,total,40774,0,4942172.0,0,2023,11,2023-11-01,2023-11-01,2023-12-31,sensitivity
IN,total,25660,0,2579320.0,0,2016,1,2016-01-01,2016-01-01,2016-02-29,sensitivity
IN,total,26930,0,2579320.0,0,2016,3,2016-03-01,2016-03-01,2016-04-30,sensitivity
IN,total,27873,0,2579320.0,0,2016,5,2016-05-01,2016-05-01,2016-06-30,sensitivity
IN,total,29466,0,2579320.0,0,2016,7,2016-07-01,2016-07-01,2016-08-31,sensitivity
IN,total,28126,0,2579320.0,0,2016,9,2016-09-01,2016-09-01,2016-10-31,sensitivity
IN,total,27171,0,2579320.0,0,2016,11,2016-11-01,2016-11-01,2016-12-31,sensitivity
IN,total,25266,0,2608342.0,0,2017,1,2017-01-01,2017-01-01,2017-02-28,sensitivity
IN,total,26600,0,2608342.0,0,2017,3,2017-03-01,2017-03-01,2017-04-30,sensitivity
IN,total,26975,0,2608342.0,0,2017,5,2017-05-01,2017-05-01,2017-06-30,sensitivity
IN,total,29460,0,2608342.0,0,2017,7,2017-07-01,2017-07-01,2017-08-31,sensitivity
IN,total,28363,0,2608342.0,0,2017,9,2017-09-01,2017-09-01,2017-10-31,sensitivity
IN,total,26824,0,2608342.0,0,2017,11,2017-11-01,2017-11-01,2017-12-31,sensitivity
IN,total,25580,0,2588294.0,0,2018,1,2018-01-01,2018-01-01,2018-02-28,sensitivity
IN,total,26774,0,2588294.0,0,2018,3,2018-03-01,2018-03-01,2018-04-30,sensitivity
IN,total,27251,0,2588294.0,0,2018,5,2018-05-01,2018-05-01,2018-06-30,sensitivity
IN,total,28778,0,2588294.0,0,2018,7,2018-07-01,2018-07-01,2018-08-31,sensitivity
IN,total,27816,0,2588294.0,0,2018,9,2018-09-01,2018-09-01,2018-10-31,sensitivity
IN,total,26231,0,2588294.0,0,2018,11,2018-11-01,2018-11-01,2018-12-31,sensitivity
IN,total,25243,0,2617924.0,0,2019,1,2019-01-01,2019-01-01,2019-02-28,sensitivity
IN,total,25902,0,2617924.0,0,2019,3,2019-03-01,2019-03-01,2019-04-30,sensitivity
IN,total,26441,0,2617924.0,0,2019,5,2019-05-01,2019-05-01,2019-06-30,sensitivity
IN,total,29266,0,2617924.0,0,2019,7,2019-07-01,2019-07-01,2019-08-31,sensitivity
IN,total,28089,0,2617924.0,0,2019,9,2019-09-01,2019-09-01,2019-10-31,sensitivity
IN,total,25935,0,2617924.0,0,2019,11,2019-11-01,2019-11-01,2019-12-31,sensitivity
IN,total,25613,0,2608396.0,0,2020,1,2020-01-01,2020-01-01,2020-02-29,sensitivity
IN,total,25479,0,2608396.0,0,2020,3,2020-03-01,2020-03-01,2020-04-30,sensitivity
IN,total,26161,0,2608396.0,0,2020,5,2020-05-01,2020-05-01,2020-06-30,sensitivity
IN,total,28164,0,2608396.0,0,2020,7,2020-07-01,2020-07-01,2020-08-31,sensitivity
IN,total,26592,0,2608396.0,0,2020,9,2020-09-01,2020-09-01,2020-10-31,sensitivity
IN,total,24333,0,2608396.0,0,2020,11,2020-11-01,2020-11-01,2020-12-31,sensitivity
IN,total,23540,0,2658366.0,0,2021,1,2021-01-01,2021-01-01,2021-02-28,sensitivity
IN,total,25134,0,2658366.0,0,2021,3,2021-03-01,2021-03-01,2021-04-30,sensitivity
IN,total,26876,0,2658366.0,0,2021,5,2021-05-01,2021-05-01,2021-06-30,sensitivity
IN,total,28710,0,2658366.0,0,2021,7,2021-07-01,2021-07-01,2021-08-31,sensitivity
IN,total,28118,0,2658366.0,0,2021,9,2021-09-01,2021-09-01,2021-10-31,sensitivity
IN,total,26473,0,2658366.0,0,2021,11,2021-11-01,2021-11-01,2021-12-31,sensitivity
IN,total,24211,0,2671238.0,0,2022,1,2022-01-01,2022-01-01,2022-02-28,sensitivity
IN,total,26133,0,2671238.0,0,2022,3,2022-03-01,2022-03-01,2022-04-30,sensitivity
IN,total,26356,0,2671238.0,0,2022,5,2022-05-01,2022-05-01,2022-06-30,sensitivity
IN,total,28133,0,2671238.0,0,2022,7,2022-07-01,2022-07-01,2022-08-31,sensitivity
IN,total,26728,0,2671238.0,0,2022,9,2022-09-01,2022-09-01,2022-10-31,sensitivity
IN,total,26738,0,2671238.0,0,2022,11,2022-11-01,2022-11-01,2022-12-31,sensitivity
IN,total,25149,0,2689536.0,0,2023,1,2023-01-01,2023-01-01,2023-02-28,sensitivity
IN,total,25502,0,2689536.0,0,2023,3,2023-03-01,2023-03-01,2023-04-30,sensitivity
IN,total,26399,0,2689536.0,0,2023,5,2023-05-01,2023-05-01,2023-06-30,sensitivity
IN,total,27712,0,2689536.0,0,2023,7,2023-07-01,2023-07-01,2023-08-31,sensitivity
IN,total,26324,0,2689536.0,0,2023,9,2023-09-01,2023-09-01,2023-10-31,sensitivity
IN,total,25826,0,2689536.0,0,2023,11,2023-11-01,2023-11-01,2023-12-31,sensitivity
KS,total,11878,0,1123322.0,0,2016,1,2016-01-01,2016-01-01,2016-02-29,sensitivity
KS,total,12430,0,1123322.0,0,2016,3,2016-03-01,2016-03-01,2016-04-30,sensitivity
KS,total,12769,0,1123322.0,0,2016,5,2016-05-01,2016-05-01,2016-06-30,sensitivity
KS,total,13483,0,1123322.0,0,2016,7,2016-07-01,2016-07-01,2016-08-31,sensitivity
KS,total,12861,0,1123322.0,0,2016,9,2016-09-01,2016-09-01,2016-10-31,sensitivity
KS,total,12429,0,1123322.0,0,2016,11,2016-11-01,2016-11-01,2016-12-31,sensitivity
KS,total,11171,0,1118920.0,0,2017,1,2017-01-01,2017-01-01,2017-02-28,sensitivity
KS,total,11871,0,1118920.0,0,2017,3,2017-03-01,2017-03-01,2017-04-30,sensitivity
KS,total,12372,0,1118920.0,0,2017,5,2017-05-01,2017-05-01,2017-06-30,sensitivity
KS,total,13271,0,1118920.0,0,2017,7,2017-07-01,2017-07-01,2017-08-31,sensitivity
KS,total,12396,0,1118920.0,0,2017,9,2017-09-01,2017-09-01,2017-10-31,sensitivity
KS,total,11701,0,1118920.0,0,2017,11,2017-11-01,2017-11-01,2017-12-31,sensitivity
KS,total,11396,0,1118440.0,0,2018,1,2018-01-01,2018-01-01,2018-02-28,sensitivity
KS,total,11693,0,1118440.0,0,2018,3,2018-03-01,2018-03-01,2018-04-30,sensitivity
KS,total,12211,0,1118440.0,0,2018,5,2018-05-01,2018-05-01,2018-06-30,sensitivity
KS,total,12750,0,1118440.0,0,2018,7,2018-07-01,2018-07-01,2018-08-31,sensitivity
KS,total,12411,0,1118440.0,0,2018,9,2018-09-01,2018-09-01,2018-10-31,sensitivity
KS,total,11775,0,1118440.0,0,2018,11,2018-11-01,2018-11-01,2018-12-31,sensitivity
KS,total,11097,0,1132302.0,0,2019,1,2019-01-01,2019-01-01,2019-02-28,sensitivity
KS,total,11417,0,1132302.0,0,2019,3,2019-03-01,2019-03-01,2019-04-30,sensitivity
KS,total,11589,0,1132302.0,0,2019,5,2019-05-01,2019-05-01,2019-06-30,sensitivity
KS,total,12889,0,1132302.0,0,2019,7,2019-07-01,2019-07-01,2019-08-31,sensitivity
KS,total,12265,0,1132302.0,0,2019,9,2019-09-01,2019-09-01,2019-10-31,sensitivity
KS,total,11236,0,1132302.0,0,2019,11,2019-11-01,2019-11-01,2019-12-31,sensitivity
KS,total,10844,0,1119642.0,0,2020,1,2020-01-01,2020-01-01,2020-02-29,sensitivity
KS,total,11450,0,1119642.0,0,2020,3,2020-03-01,2020-03-01,2020-04-30,sensitivity
KS,total,11378,0,1119642.0,0,2020,5,2020-05-01,2020-05-01,2020-06-30,sensitivity
KS,total,12067,0,1119642.0,0,2020,7,2020-07-01,2020-07-01,2020-08-31,sensitivity
KS,total,11567,0,1119642.0,0,2020,9,2020-09-01,2020-09-01,2020-10-31,sensitivity
KS,total,11053,0,1119642.0,0,2020,11,2020-11-01,2020-11-01,2020-12-31,sensitivity
KS,total,10214,0,1128416.0,0,2021,1,2021-01-01,2021-01-01,2021-02-28,sensitivity
KS,total,11541,0,1128416.0,0,2021,3,2021-03-01,2021-03-01,2021-04-30,sensitivity
KS,total,11514,0,1128416.0,0,2021,5,2021-05-01,2021-05-01,2021-06-30,sensitivity
KS,total,12197,0,1128416.0,0,2021,7,2021-07-01,2021-07-01,2021-08-31,sensitivity
KS,total,11893,0,1128416.0,0,2021,9,2021-09-01,2021-09-01,2021-10-31,sensitivity
KS,total,11708,0,1128416.0,0,2021,11,2021-11-01,2021-11-01,2021-12-31,sensitivity
KS,total,10650,0,1148520.0,0,2022,1,2022-01-01,2022-01-01,2022-02-28,sensitivity
KS,total,10954,0,1148520.0,0,2022,3,2022-03-01,2022-03-01,2022-04-30,sensitivity
KS,total,11020,0,1148520.0,0,2022,5,2022-05-01,2022-05-01,2022-06-30,sensitivity
KS,total,12255,0,1148520.0,0,2022,7,2022-07-01,2022-07-01,2022-08-31,sensitivity
KS,total,11703,0,1148520.0,0,2022,9,2022-09-01,2022-09-01,2022-10-31,sensitivity
KS,total,11873,0,1148520.0,0,2022,11,2022-11-01,2022-11-01,2022-12-31,sensitivity
KS,total,10737,0,1148416.0,0,2023,1,2023-01-01,2023-01-01,2023-02-28,sensitivity
KS,total,10926,0,1148416.0,0,2023,3,2023-03-01,2023-03-01,2023-04-30,sensitivity
KS,total,11430,0,1148416.0,0,2023,5,2023-05-01,2023-05-01,2023-06-30,sensitivity
KS,total,11812,0,1148416.0,0,2023,7,2023-07-01,2023-07-01,2023-08-31,sensitivity
KS,total,11574,0,1148416.0,0,2023,9,2023-09-01,2023-09-01,2023-10-31,sensitivity
KS,total,11295,0,1148416.0,0,2023,11,2023-11-01,2023-11-01,2023-12-31,sensitivity
KY,total,17334,0,1708224.0,1,2016,1,2016-01-01,2016-01-01,2016-02-29,sensitivity
KY,total,17997,0,1708224.0,1,2016,3,2016-03-01,2016-03-01,2016-04-30,sensitivity
KY,total,18463,0,1708224.0,1,2016,5,2016-05-01,2016-05-01,2016-06-30,sensitivity
KY,total,19678,0,1708224.0,1,2016,7,2016-07-01,2016-07-01,2016-08-31,sensitivity
KY,total,18969,0,1708224.0,1,2016,9,2016-09-01,2016-09-01,2016-10-31,sensitivity
KY,total,17899,0,1708224.0,1,2016,11,2016-11-01,2016-11-01,2016-12-31,sensitivity
KY,total,16627,0,1706094.0,1,2017,1,2017-01-01,2017-01-01,2017-02-28,sensitivity
KY,total,17442,0,1706094.0,1,2017,3,2017-03-01,2017-03-01,2017-04-30,sensitivity
KY,total,18100,0,1706094.0,1,2017,5,2017-05-01,2017-05-01,2017-06-30,sensitivity
KY,total,19692,0,1706094.0,1,2017,7,2017-07-01,2017-07-01,2017-08-31,sensitivity
KY,total,19253,0,1706094.0,1,2017,9,2017-09-01,2017-09-01,2017-10-31,sensitivity
KY,total,17816,0,1706094.0,1,2017,11,2017-11-01,2017-11-01,2017-12-31,sensitivity
KY,total,16961,0,1703562.0,1,2018,1,2018-01-01,2018-01-01,2018-02-28,sensitivity
KY,total,17305,0,1703562.0,1,2018,3,2018-03-01,2018-03-01,2018-04-30,sensitivity
KY,total,17768,0,1703562.0,1,2018,5,2018-05-01,2018-05-01,2018-06-30,sensitivity
KY,total,19470,0,1703562.0,1,2018,7,2018-07-01,2018-07-01,2018-08-31,sensitivity
KY,total,18171,0,1703562.0,1,2018,9,2018-09-01,2018-09-01,2018-10-31,sensitivity
KY,total,17601,0,1703562.0,1,2018,11,2018-11-01,2018-11-01,2018-12-31,sensitivity
KY,total,16637,0,1692564.0,1,2019,1,2019-01-01,2019-01-01,2019-02-28,sensitivity
KY,total,16911,0,1692564.0,1,2019,3,2019-03-01,2019-03-01,2019-04-30,sensitivity
KY,total,17204,0,1692564.0,1,2019,5,2019-05-01,2019-05-01,2019-06-30,sensitivity
KY,total,19534,0,1692564.0,1,2019,7,2019-07-01,2019-07-01,2019-08-31,sensitivity
KY,total,18552,0,1692564.0,1,2019,9,2019-09-01,2019-09-01,2019-10-31,sensitivity
KY,total,16712,0,1692564.0,1,2019,11,2019-11-01,2019-11-01,2019-12-31,sensitivity
KY,total,16655,0,1706076.0,1,2020,1,2020-01-01,2020-01-01,2020-02-29,sensitivity
KY,total,16592,0,1706076.0,1,2020,3,2020-03-01,2020-03-01,2020-04-30,sensitivity
KY,total,16936,0,1706076.0,1,2020,5,2020-05-01,2020-05-01,2020-06-30,sensitivity
KY,total,18320,0,1706076.0,1,2020,7,2020-07-01,2020-07-01,2020-08-31,sensitivity
KY,total,17745,0,1706076.0,1,2020,9,2020-09-01,2020-09-01,2020-10-31,sensitivity
KY,total,16585,0,1706076.0,1,2020,11,2020-11-01,2020-11-01,2020-12-31,sensitivity
KY,total,15945,0,1724968.0,1,2021,1,2021-01-01,2021-01-01,2021-02-28,sensitivity
KY,total,16841,0,1724968.0,1,2021,3,2021-03-01,2021-03-01,2021-04-30,sensitivity
KY,total,17083,0,1724968.0,1,2021,5,2021-05-01,2021-05-01,2021-06-30,sensitivity
KY,total,18880,0,1724968.0,1,2021,7,2021-07-01,2021-07-01,2021-08-31,sensitivity
KY,total,18261,0,1724968.0,1,2021,9,2021-09-01,2021-09-01,2021-10-31,sensitivity
KY,total,16908,0,1724968.0,1,2021,11,2021-11-01,2021-11-01,2021-12-31,sensitivity
KY,total,16490,0,1729542.0,1,2022,1,2022-01-01,2022-01-01,2022-02-28,sensitivity
KY,total,16955,0,1729542.0,1,2022,3,2022-03-01,2022-03-01,2022-04-30,sensitivity
KY,total,16669,0,1729542.0,1,2022,5,2022-05-01,2022-05-01,2022-06-30,sensitivity
KY,total,18670,0,1729542.0,1,2022,7,2022-07-01,2022-07-01,2022-08-31,sensitivity
KY,total,17563,0,1729542.0,1,2022,9,2022-09-01,2022-09-01,2022-10-31,sensitivity
KY,total,17709,0,1729542.0,1,2022,11,2022-11-01,2022-11-01,2022-12-31,sensitivity
KY,total,16478,1,1720854.0,1,2023,1,2023-01-01,2023-01-01,2023-02-28,sensitivity
KY,total,16596,1,1720854.0,1,2023,3,2023-03-01,2023-03-01,2023-04-30,sensitivity
KY,total,17471,1,1720854.0,1,2023,5,2023-05-01,2023-05-01,2023-06-30,sensitivity
KY,total,18101,1,1720854.0,1,2023,7,2023-07-01,2023-07-01,2023-08-31,sensitivity
KY,total,17317,1,1720854.0,1,2023,9,2023-09-01,2023-09-01,2023-10-31,sensitivity
KY,total,17305,1,1720854.0,1,2023,11,2023-11-01,2023-11-01,2023-12-31,sensitivity
LA,total,20007,0,1888726.0,1,2016,1,2016-01-01,2016-01-01,2016-02-29,sensitivity
LA,total,19801,0,1888726.0,1,2016,3,2016-03-01,2016-03-01,2016-04-30,sensitivity
LA,total,20573,0,1888726.0,1,2016,5,2016-05-01,2016-05-01,2016-06-30,sensitivity
LA,total,22451,0,1888726.0,1,2016,7,2016-07-01,2016-07-01,2016-08-31,sensitivity
LA,total,21873,0,1888726.0,1,2016,9,2016-09-01,2016-09-01,2016-10-31,sensitivity
LA,total,21235,0,1888726.0,1,2016,11,2016-11-01,2016-11-01,2016-12-31,sensitivity
LA,total,19195,0,1885428.0,1,2017,1,2017-01-01,2017-01-01,2017-02-28,sensitivity
LA,total,18955,0,1885428.0,1,2017,3,2017-03-01,2017-03-01,2017-04-30,sensitivity
LA,total,19632,0,1885428.0,1,2017,5,2017-05-01,2017-05-01,2017-06-30,sensitivity
LA,total,22207,0,1885428.0,1,2017,7,2017-07-01,2017-07-01,2017-08-31,sensitivity
LA,total,21287,0,1885428.0,1,2017,9,2017-09-01,2017-09-01,2017-10-31,sensitivity
LA,total,20451,0,1885428.0,1,2017,11,2017-11-01,2017-11-01,2017-12-31,sensitivity
LA,total,19360,0,1852158.0,1,2018,1,2018-01-01,2018-01-01,2018-02-28,sensitivity
LA,total,18482,0,1852158.0,1,2018,3,2018-03-01,2018-03-01,2018-04-30,sensitivity
LA,total,19387,0,1852158.0,1,2018,5,2018-05-01,2018-05-01,2018-06-30,sensitivity
LA,total,21500,0,1852158.0,1,2018,7,2018-07-01,2018-07-01,2018-08-31,sensitivity
LA,total,20302,0,1852158.0,1,2018,9,2018-09-01,2018-09-01,2018-10-31,sensitivity
LA,total,19914,0,1852158.0,1,2018,11,2018-11-01,2018-11-01,2018-12-31,sensitivity
LA,total,19204,0,1850968.0,1,2019,1,2019-01-01,2019-01-01,2019-02-28,sensitivity
LA,total,17849,0,1850968.0,1,2019,3,2019-03-01,2019-03-01,2019-04-30,sensitivity
LA,total,18523,0,1850968.0,1,2019,5,2019-05-01,2019-05-01,2019-06-30,sensitivity
LA,total,21083,0,1850968.0,1,2019,7,2019-07-01,2019-07-01,2019-08-31,sensitivity
LA,total,21324,0,1850968.0,1,2019,9,2019-09-01,2019-09-01,2019-10-31,sensitivity
LA,total,19616,0,1850968.0,1,2019,11,2019-11-01,2019-11-01,2019-12-31,sensitivity
LA,total,18845,0,1857052.0,1,2020,1,2020-01-01,2020-01-01,2020-02-29,sensitivity
LA,total,18028,0,1857052.0,1,2020,3,2020-03-01,2020-03-01,2020-04-30,sensitivity
LA,total,18256,0,1857052.0,1,2020,5,2020-05-01,2020-05-01,2020-06-30,sensitivity
LA,total,20021,0,1857052.0,1,2020,7,2020-07-01,2020-07-01,2020-08-31,sensitivity
LA,total,19886,0,1857052.0,1,2020,9,2020-09-01,2020-09-01,2020-10-31,sensitivity
LA,total,19289,0,1857052.0,1,2020,11,2020-11-01,2020-11-01,2020-12-31,sensitivity
LA,total,18063,0,1840376.0,1,2021,1,2021-01-01,2021-01-01,2021-02-28,sensitivity
LA,total,18190,0,1840376.0,1,2021,3,2021-03-01,2021-03-01,2021-04-30,sensitivity
LA,total,18182,0,1840376.0,1,2021,5,2021-05-01,2021-05-01,2021-06-30,sensitivity
LA,total,20244,0,1840376.0,1,2021,7,2021-07-01,2021-07-01,2021-08-31,sensitivity
LA,total,20250,0,1840376.0,1,2021,9,2021-09-01,2021-09-01,2021-10-31,sensitivity
LA,total,19602,0,1840376.0,1,2021,11,2021-11-01,2021-11-01,2021-12-31,sensitivity
LA,total,17806,0,1821934.0,1,2022,1,2022-01-01,2022-01-01,2022-02-28,sensitivity
LA,total,17201,0,1821934.0,1,2022,3,2022-03-01,2022-03-01,2022-04-30,sensitivity
LA,total,17556,0,1821934.0,1,2022,5,2022-05-01,2022-05-01,2022-06-30,sensitivity
LA,total,20652,0,1821934.0,1,2022,7,2022-07-01,2022-07-01,2022-08-31,sensitivity
LA,total,19366,0,1821934.0,1,2022,9,2022-09-01,2022-09-01,2022-10-31,sensitivity
LA,total,20054,0,1821934.0,1,2022,11,2022-11-01,2022-11-01,2022-12-31,sensitivity
LA,total,18060,1,1815548.0,1,2023,1,2023-01-01,2023-01-01,2023-02-28,sensitivity
LA,total,16645,1,1815548.0,1,2023,3,2023-03-01,2023-03-01,2023-04-30,sensitivity
LA,total,18001,1,1815548.0,1,2023,5,2023-05-01,2023-05-01,2023-06-30,sensitivity
LA,total,19745,1,1815548.0,1,2023,7,2023-07-01,2023-07-01,2023-08-31,sensitivity
LA,total,18750,1,1815548.0,1,2023,9,2023-09-01,2023-09-01,2023-10-31,sensitivity
LA,total,18311,1,1815548.0,1,2023,11,2023-11-01,2023-11-01,2023-12-31,sensitivity
MA,total,21517,0,2750252.0,0,2016,1,2016-01-01,2016-01-01,2016-02-29,sensitivity
MA,total,23266,0,2750252.0,0,2016,3,2016-03-01,2016-03-01,2016-04-30,sensitivity
MA,total,24331,0,2750252.0,0,2016,5,2016-05-01,2016-05-01,2016-06-30,sensitivity
MA,total,25511,0,2750252.0,0,2016,7,2016-07-01,2016-07-01,2016-08-31,sensitivity
MA,total,24021,0,2750252.0,0,2016,9,2016-09-01,2016-09-01,2016-10-31,sensitivity
MA,total,22183,0,2750252.0,0,2016,11,2016-11-01,2016-11-01,2016-12-31,sensitivity
MA,total,21255,0,2775018.0,0,2017,1,2017-01-01,2017-01-01,2017-02-28,sensitivity
MA,total,22691,0,2775018.0,0,2017,3,2017-03-01,2017-03-01,2017-04-30,sensitivity
MA,total,23864,0,2775018.0,0,2017,5,2017-05-01,2017-05-01,2017-06-30,sensitivity
MA,total,24866,0,2775018.0,0,2017,7,2017-07-01,2017-07-01,2017-08-31,sensitivity
MA,total,23924,0,2775018.0,0,2017,9,2017-09-01,2017-09-01,2017-10-31,sensitivity
MA,total,22510,0,2775018.0,0,2017,11,2017-11-01,2017-11-01,2017-12-31,sensitivity
MA,total,21037,0,2785568.0,0,2018,1,2018-01-01,2018-01-01,2018-02-28,sensitivity
MA,total,22666,0,2785568.0,0,2018,3,2018-03-01,2018-03-01,2018-04-30,sensitivity
MA,total,23904,0,2785568.0,0,2018,5,2018-05-01,2018-05-01,2018-06-30,sensitivity
MA,total,24357,0,2785568.0,0,2018,7,2018-07-01,2018-07-01,2018-08-31,sensitivity
MA,total,23407,0,2785568.0,0,2018,9,2018-09-01,2018-09-01,2018-10-31,sensitivity
MA,total,21269,0,2785568.0,0,2018,11,2018-11-01,2018-11-01,2018-12-31,sensitivity
MA,total,20871,0,2787206.0,0,2019,1,2019-01-01,2019-01-01,2019-02-28,sensitivity
MA,total,22398,0,2787206.0,0,2019,3,2019-03-01,2019-03-01,2019-04-30,sensitivity
MA,total,23152,0,2787206.0,0,2019,5,2019-05-01,2019-05-01,2019-06-30,sensitivity
MA,total,24860,0,2787206.0,0,2019,7,2019-07-01,2019-07-01,2019-08-31,sensitivity
MA,total,23870,0,2787206.0,0,2019,9,2019-09-01,2019-09-01,2019-10-31,sensitivity
MA,total,21443,0,2787206.0,0,2019,11,2019-11-01,2019-11-01,2019-12-31,sensitivity
MA,total,21105,0,2777448.0,0,2020,1,2020-01-01,2020-01-01,2020-02-29,sensitivity
MA,total,21559,0,2777448.0,0,2020,3,2020-03-01,2020-03-01,2020-04-30,sensitivity
MA,total,23189,0,2777448.0,0,2020,5,2020-05-01,2020-05-01,2020-06-30,sensitivity
MA,total,23674,0,2777448.0,0,2020,7,2020-07-01,2020-07-01,2020-08-31,sensitivity
MA,total,21976,0,2777448.0,0,2020,9,2020-09-01,2020-09-01,2020-10-31,sensitivity
MA,total,19711,0,2777448.0,0,2020,11,2020-11-01,2020-11-01,2020-12-31,sensitivity
MA,total,19169,0,2819798.0,0,2021,1,2021-01-01,2021-01-01,2021-02-28,sensitivity
MA,total,22568,0,2819798.0,0,2021,3,2021-03-01,2021-03-01,2021-04-30,sensitivity
MA,total,24285,0,2819798.0,0,2021,5,2021-05-01,2021-05-01,2021-06-30,sensitivity
MA,total,24818,0,2819798.0,0,2021,7,2021-07-01,2021-07-01,2021-08-31,sensitivity
MA,total,23928,0,2819798.0,0,2021,9,2021-09-01,2021-09-01,2021-10-31,sensitivity
MA,total,21943,0,2819798.0,0,2021,11,2021-11-01,2021-11-01,2021-12-31,sensitivity
MA,total,20337,0,2815030.0,0,2022,1,2022-01-01,2022-01-01,2022-02-28,sensitivity
MA,total,22439,0,2815030.0,0,2022,3,2022-03-01,2022-03-01,2022-04-30,sensitivity
MA,total,22876,0,2815030.0,0,2022,5,2022-05-01,2022-05-01,2022-06-30,sensitivity
MA,total,24376,0,2815030.0,0,2022,7,2022-07-01,2022-07-01,2022-08-31,sensitivity
MA,total,23121,0,2815030.0,0,2022,9,2022-09-01,2022-09-01,2022-10-31,sensitivity
MA,total,22180,0,2815030.0,0,2022,11,2022-11-01,2022-11-01,2022-12-31,sensitivity
MA,total,20165,0,2831718.0,0,2023,1,2023-01-01,2023-01-01,2023-02-28,sensitivity
MA,total,21467,0,2831718.0,0,2023,3,2023-03-01,2023-03-01,2023-04-30,sensitivity
MA,total,23054,0,2831718.0,0,2023,5,2023-05-01,2023-05-01,2023-06-30,sensitivity
MA,total,23530,0,2831718.0,0,2023,7,2023-07-01,2023-07-01,2023-08-31,sensitivity
MA,total,22278,0,2831718.0,0,2023,9,2023-09-01,2023-09-01,2023-10-31,sensitivity
MA,total,21703,0,2831718.0,0,2023,11,2023-11-01,2023-11-01,2023-12-31,sensitivity
MD,total,22765,0,2402580.0,0,2016,1,2016-01-01,2016-01-01,2016-02-29,sensitivity
MD,total,23525,0,2402580.0,0,2016,3,2016-03-01,2016-03-01,2016-04-30,sensitivity
MD,total,24720,0,2402580.0,0,2016,5,2016-05-01,2016-05-01,2016-06-30,sensitivity
MD,total,25948,0,2402580.0,0,2016,7,2016-07-01,2016-07-01,2016-08-31,sensitivity
MD,total,24605,0,2402580.0,0,2016,9,2016-09-01,2016-09-01,2016-10-31,sensitivity
MD,total,23359,0,2402580.0,0,2016,11,2016-11-01,2016-11-01,2016-12-31,sensitivity
MD,total,21649,0,2390508.0,0,2017,1,2017-01-01,2017-01-01,2017-02-28,sensitivity
MD,total,22675,0,2390508.0,0,2017,3,2017-03-01,2017-03-01,2017-04-30,sensitivity
MD,total,23971,0,2390508.0,0,2017,5,2017-05-01,2017-05-01,2017-06-30,sensitivity
MD,total,25833,0,2390508.0,0,2017,7,2017-07-01,2017-07-01,2017-08-31,sensitivity
MD,total,24367,0,2390508.0,0,2017,9,2017-09-01,2017-09-01,2017-10-31,sensitivity
MD,total,23458,0,2390508.0,0,2017,11,2017-11-01,2017-11-01,2017-12-31,sensitivity
MD,total,21909,0,2376926.0,0,2018,1,2018-01-01,2018-01-01,2018-02-28,sensitivity
MD,total,22521,0,2376926.0,0,2018,3,2018-03-01,2018-03-01,2018-04-30,sensitivity
MD,total,23879,0,2376926.0,0,2018,5,2018-05-01,2018-05-01,2018-06-30,sensitivity
MD,total,24927,0,2376926.0,0,2018,7,2018-07-01,2018-07-01,2018-08-31,sensitivity
MD,total,24560,0,2376926.0,0,2018,9,2018-09-01,2018-09-01,2018-10-31,sensitivity
MD,total,22854,0,2376926.0,0,2018,11,2018-11-01,2018-11-01,2018-12-31,sensitivity
MD,total,21655,0,2364716.0,0,2019,1,2019-01-01,2019-01-01,2019-02-28,sensitivity
MD,total,22586,0,2364716.0,0,2019,3,2019-03-01,2019-03-01,2019-04-30,sensitivity
MD,total,23088,0,2364716.0,0,2019,5,2019-05-01,2019-05-01,2019-06-30,sensitivity
MD,total,24973,0,2364716.0,0,2019,7,2019-07-01,2019-07-01,2019-08-31,sensitivity
MD,total,23989,0,2364716.0,0,2019,9,2019-09-01,2019-09-01,2019-10-31,sensitivity
MD,total,22585,0,2364716.0,0,2019,11,2019-11-01,2019-11-01,2019-12-31,sensitivity
MD,total,22073,0,2378196.0,0,2020,1,2020-01-01,2020-01-01,2020-02-29,sensitivity
MD,total,22337,0,2378196.0,0,2020,3,2020-03-01,2020-03-01,2020-04-30,sensitivity
MD,total,22919,0,2378196.0,0,2020,5,2020-05-01,2020-05-01,2020-06-30,sensitivity
MD,total,24570,0,2378196.0,0,2020,7,2020-07-01,2020-07-01,2020-08-31,sensitivity
MD,total,22581,0,2378196.0,0,2020,9,2020-09-01,2020-09-01,2020-10-31,sensitivity
MD,total,21353,0,2378196.0,0,2020,11,2020-11-01,2020-11-01,2020-12-31,sensitivity
MD,total,19947,0,2425976.0,0,2021,1,2021-01-01,2021-01-01,2021-02-28,sensitivity
MD,total,22007,0,2425976.0,0,2021,3,2021-03-01,2021-03-01,2021-04-30,sensitivity
MD,total,23143,0,2425976.0,0,2021,5,2021-05-01,2021-05-01,2021-06-30,sensitivity
MD,total,24539,0,2425976.0,0,2021,7,2021-07-01,2021-07-01,2021-08-31,sensitivity
MD,total,23718,0,2425976.0,0,2021,9,2021-09-01,2021-09-01,2021-10-31,sensitivity
MD,total,22093,0,2425976.0,0,2021,11,2021-11-01,2021-11-01,2021-12-31,sensitivity
MD,total,21417,0,2411814.0,0,2022,1,2022-01-01,2022-01-01,2022-02-28,sensitivity
MD,total,22348,0,2411814.0,0,2022,3,2022-03-01,2022-03-01,2022-04-30,sensitivity
MD,total,22674,0,2411814.0,0,2022,5,2022-05-01,2022-05-01,2022-06-30,sensitivity
MD,total,24407,0,2411814.0,0,2022,7,2022-07-01,2022-07-01,2022-08-31,sensitivity
MD,total,22679,0,2411814.0,0,2022,9,2022-09-01,2022-09-01,2022-10-31,sensitivity
MD,total,22834,0,2411814.0,0,2022,11,2022-11-01,2022-11-01,2022-12-31,sensitivity
MD,total,20749,0,2430232.0,0,2023,1,2023-01-01,2023-01-01,2023-02-28,sensitivity
MD,total,21104,0,2430232.0,0,2023,3,2023-03-01,2023-03-01,2023-04-30,sensitivity
MD,total,22136,0,2430232.0,0,2023,5,2023-05-01,2023-05-01,2023-06-30,sensitivity
MD,total,22958,0,2430232.0,0,2023,7,2023-07-01,2023-07-01,2023-08-31,sensitivity
MD,total,21887,0,2430232.0,0,2023,9,2023-09-01,2023-09-01,2023-10-31,sensitivity
MD,total,20977,0,2430232.0,0,2023,11,2023-11-01,2023-11-01,2023-12-31,sensitivity
ME,total,3910,0,467102.0,0,2016,1,2016-01-01,2016-01-01,2016-02-29,sensitivity
ME,total,4269,0,467102.0,0,2016,3,2016-03-01,2016-03-01,2016-04-30,sensitivity
ME,total,4387,0,467102.0,0,2016,5,2016-05-01,2016-05-01,2016-06-30,sensitivity
ME,total,4707,0,467102.0,0,2016,7,2016-07-01,2016-07-01,2016-08-31,sensitivity
ME,total,4284,0,467102.0,0,2016,9,2016-09-01,2016-09-01,2016-10-31,sensitivity
ME,total,3784,0,467102.0,0,2016,11,2016-11-01,2016-11-01,2016-12-31,sensitivity
ME,total,3570,0,462944.0,0,2017,1,2017-01-01,2017-01-01,2017-02-28,sensitivity
ME,total,4124,0,462944.0,0,2017,3,2017-03-01,2017-03-01,2017-04-30,sensitivity
ME,total,4259,0,462944.0,0,2017,5,2017-05-01,2017-05-01,2017-06-30,sensitivity
ME,total,4487,0,462944.0,0,2017,7,2017-07-01,2017-07-01,2017-08-31,sensitivity
ME,total,4176,0,462944.0,0,2017,9,2017-09-01,2017-09-01,2017-10-31,sensitivity
ME,total,3924,0,462944.0,0,2017,11,2017-11-01,2017-11-01,2017-12-31,sensitivity
ME,total,3620,0,456884.0,0,2018,1,2018-01-01,2018-01-01,2018-02-28,sensitivity
ME,total,4009,0,456884.0,0,2018,3,2018-03-01,2018-03-01,2018-04-30,sensitivity
ME,total,4262,0,456884.0,0,2018,5,2018-05-01,2018-05-01,2018-06-30,sensitivity
ME,total,4483,0,456884.0,0,2018,7,2018-07-01,2018-07-01,2018-08-31,sensitivity
ME,total,4251,0,456884.0,0,2018,9,2018-09-01,2018-09-01,2018-10-31,sensitivity
ME,total,3942,0,456884.0,0,2018,11,2018-11-01,2018-11-01,2018-12-31,sensitivity
ME,total,3551,0,474544.0,0,2019,1,2019-01-01,2019-01-01,2019-02-28,sensitivity
ME,total,3830,0,474544.0,0,2019,3,2019-03-01,2019-03-01,2019-04-30,sensitivity
ME,total,4129,0,474544.0,0,2019,5,2019-05-01,2019-05-01,2019-06-30,sensitivity
ME,total,4260,0,474544.0,0,2019,7,2019-07-01,2019-07-01,2019-08-31,sensitivity
ME,total,4052,0,474544.0,0,2019,9,2019-09-01,2019-09-01,2019-10-31,sensitivity
ME,total,3669,0,474544.0,0,2019,11,2019-11-01,2019-11-01,2019-12-31,sensitivity
ME,total,3444,0,466376.0,0,2020,1,2020-01-01,2020-01-01,2020-02-29,sensitivity
ME,total,3714,0,466376.0,0,2020,3,2020-03-01,2020-03-01,2020-04-30,sensitivity
ME,total,4181,0,466376.0,0,2020,5,2020-05-01,2020-05-01,2020-06-30,sensitivity
ME,total,4198,0,466376.0,0,2020,7,2020-07-01,2020-07-01,2020-08-31,sensitivity
ME,total,3906,0,466376.0,0,2020,9,2020-09-01,2020-09-01,2020-10-31,sensitivity
ME,total,3569,0,466376.0,0,2020,11,2020-11-01,2020-11-01,2020-12-31,sensitivity
ME,total,3389,0,485464.0,0,2021,1,2021-01-01,2021-01-01,2021-02-28,sensitivity
ME,total,3913,0,485464.0,0,2021,3,2021-03-01,2021-03-01,2021-04-30,sensitivity
ME,total,4224,0,485464.0,0,2021,5,2021-05-01,2021-05-01,2021-06-30,sensitivity
ME,total,4480,0,485464.0,0,2021,7,2021-07-01,2021-07-01,2021-08-31,sensitivity
ME,total,4154,0,485464.0,0,2021,9,2021-09-01,2021-09-01,2021-10-31,sensitivity
ME,total,3780,0,485464.0,0,2021,11,2021-11-01,2021-11-01,2021-12-31,sensitivity
ME,total,3499,0,482868.0,0,2022,1,2022-01-01,2022-01-01,2022-02-28,sensitivity
ME,total,3990,0,482868.0,0,2022,3,2022-03-01,2022-03-01,2022-04-30,sensitivity
ME,total,4220,0,482868.0,0,2022,5,2022-05-01,2022-05-01,2022-06-30,sensitivity
ME,total,4290,0,482868.0,0,2022,7,2022-07-01,2022-07-01,2022-08-31,sensitivity
ME,total,3993,0,482868.0,0,2022,9,2022-09-01,2022-09-01,2022-10-31,sensitivity
ME,total,4122,0,482868.0,0,2022,11,2022-11-01,2022-11-01,2022-12-31,sensitivity
ME,total,3672,0,503274.0,0,2023,1,2023-01-01,2023-01-01,2023-02-28,sensitivity
ME,total,3812,0,503274.0,0,2023,3,2023-03-01,2023-03-01,2023-04-30,sensitivity
ME,total,3923,0,503274.0,0,2023,5,2023-05-01,2023-05-01,2023-06-30,sensitivity
ME,total,4204,0,503274.0,0,2023,7,2023-07-01,2023-07-01,2023-08-31,sensitivity
ME,total,3888,0,503274.0,0,2023,9,2023-09-01,2023-09-01,2023-10-31,sensitivity
ME,total,3686,0,503274.0,0,2023,11,2023-11-01,2023-11-01,2023-12-31,sensitivity
MI,total,34878,0,3755426.0,0,2016,1,2016-01-01,2016-01-01,2016-02-29,sensitivity
MI,total,37469,0,3755426.0,0,2016,3,2016-03-01,2016-03-01,2016-04-30,sensitivity
MI,total,38954,0,3755426.0,0,2016,5,2016-05-01,2016-05-01,2016-06-30,sensitivity
MI,total,40295,0,3755426.0,0,2016,7,2016-07-01,2016-07-01,2016-08-31,sensitivity
MI,total,37771,0,3755426.0,0,2016,9,2016-09-01,2016-09-01,2016-10-31,sensitivity
MI,total,36224,0,3755426.0,0,2016,11,2016-11-01,2016-11-01,2016-12-31,sensitivity
MI,total,34663,0,3754064.0,0,2017,1,2017-01-01,2017-01-01,2017-02-28,sensitivity
MI,total,36169,0,3754064.0,0,2017,3,2017-03-01,2017-03-01,2017-04-30,sensitivity
MI,total,38239,0,3754064.0,0,2017,5,2017-05-01,2017-05-01,2017-06-30,sensitivity
MI,total,39912,0,3754064.0,0,2017,7,2017-07-01,2017-07-01,2017-08-31,sensitivity
MI,total,37428,0,3754064.0,0,2017,9,2017-09-01,2017-09-01,2017-10-31,sensitivity
MI,total,35286,0,3754064.0,0,2017,11,2017-11-01,2017-11-01,2017-12-31,sensitivity
MI,total,34077,0,3769638.0,0,2018,1,2018-01-01,2018-01-01,2018-02-28,sensitivity
MI,total,36316,0,3769638.0,0,2018,3,2018-03-01,2018-03-01,2018-04-30,sensitivity
MI,total,37922,0,3769638.0,0,2018,5,2018-05-01,2018-05-01,2018-06-30,sensitivity
MI,total,39057,0,3769638.0,0,2018,7,2018-07-01,2018-07-01,2018-08-31,sensitivity
MI,total,36869,0,3769638.0,0,2018,9,2018-09-01,2018-09-01,2018-10-31,sensitivity
MI,total,34711,0,3769638.0,0,2018,11,2018-11-01,2018-11-01,2018-12-31,sensitivity
MI,total,33376,0,3768112.0,0,2019,1,2019-01-01,2019-01-01,2019-02-28,sensitivity
MI,total,35045,0,3768112.0,0,2019,3,2019-03-01,2019-03-01,2019-04-30,sensitivity
MI,total,37059,0,3768112.0,0,2019,5,2019-05-01,2019-05-01,2019-06-30,sensitivity
MI,total,38954,0,3768112.0,0,2019,7,2019-07-01,2019-07-01,2019-08-31,sensitivity
MI,total,36249,0,3768112.0,0,2019,9,2019-09-01,2019-09-01,2019-10-31,sensitivity
MI,total,33999,0,3768112.0,0,2019,11,2019-11-01,2019-11-01,2019-12-31,sensitivity
MI,total,33714,0,3753542.0,0,2020,1,2020-01-01,2020-01-01,2020-02-29,sensitivity
MI,total,34402,0,3753542.0,0,2020,3,2020-03-01,2020-03-01,2020-04-30,sensitivity
MI,total,35810,0,3753542.0,0,2020,5,2020-05-01,2020-05-01,2020-06-30,sensitivity
MI,total,36661,0,3753542.0,0,2020,7,2020-07-01,2020-07-01,2020-08-31,sensitivity
MI,total,34729,0,3753542.0,0,2020,9,2020-09-01,2020-09-01,2020-10-31,sensitivity
MI,total,31282,0,3753542.0,0,2020,11,2020-11-01,2020-11-01,2020-12-31,sensitivity
MI,total,30501,0,3796758.0,0,2021,1,2021-01-01,2021-01-01,2021-02-28,sensitivity
MI,total,34205,0,3796758.0,0,2021,3,2021-03-01,2021-03-01,2021-04-30,sensitivity
MI,total,36618,0,3796758.0,0,2021,5,2021-05-01,2021-05-01,2021-06-30,sensitivity
MI,total,38075,0,3796758.0,0,2021,7,2021-07-01,2021-07-01,2021-08-31,sensitivity
MI,total,35228,0,3796758.0,0,2021,9,2021-09-01,2021-09-01,2021-10-31,sensitivity
MI,total,33922,0,3796758.0,0,2021,11,2021-11-01,2021-11-01,2021-12-31,sensitivity
MI,total,30956,0,3804606.0,0,2022,1,2022-01-01,2022-01-01,2022-02-28,sensitivity
MI,total,33920,0,3804606.0,0,2022,3,2022-03-01,2022-03-01,2022-04-30,sensitivity
MI,total,35188,0,3804606.0,0,2022,5,2022-05-01,2022-05-01,2022-06-30,sensitivity
MI,total,35931,0,3804606.0,0,2022,7,2022-07-01,2022-07-01,2022-08-31,sensitivity
MI,total,33850,0,3804606.0,0,2022,9,2022-09-01,2022-09-01,2022-10-31,sensitivity
MI,total,33276,0,3804606.0,0,2022,11,2022-11-01,2022-11-01,2022-12-31,sensitivity
MI,total,31049,0,3805214.0,0,2023,1,2023-01-01,2023-01-01,2023-02-28,sensitivity
MI,total,32405,0,3805214.0,0,2023,3,2023-03-01,2023-03-01,2023-04-30,sensitivity
MI,total,33870,0,3805214.0,0,2023,5,2023-05-01,2023-05-01,2023-06-30,sensitivity
MI,total,35110,0,3805214.0,0,2023,7,2023-07-01,2023-07-01,2023-08-31,sensitivity
MI,total,32398,0,3805214.0,0,2023,9,2023-09-01,2023-09-01,2023-10-31,sensitivity
MI,total,31930,0,3805214.0,0,2023,11,2023-11-01,2023-11-01,2023-12-31,sensitivity
MN,total,21870,0,2120732.0,0,2016,1,2016-01-01,2016-01-01,2016-02-29,sensitivity
MN,total,22642,0,2120732.0,0,2016,3,2016-03-01,2016-03-01,2016-04-30,sensitivity
MN,total,24203,0,2120732.0,0,2016,5,2016-05-01,2016-05-01,2016-06-30,sensitivity
MN,total,24845,0,2120732.0,0,2016,7,2016-07-01,2016-07-01,2016-08-31,sensitivity
MN,total,22885,0,2120732.0,0,2016,9,2016-09-01,2016-09-01,2016-10-31,sensitivity
MN,total,22225,0,2120732.0,0,2016,11,2016-11-01,2016-11-01,2016-12-31,sensitivity
MN,total,20880,0,2144692.0,0,2017,1,2017-01-01,2017-01-01,2017-02-28,sensitivity
MN,total,22619,0,2144692.0,0,2017,3,2017-03-01,2017-03-01,2017-04-30,sensitivity
MN,total,24248,0,2144692.0,0,2017,5,2017-05-01,2017-05-01,2017-06-30,sensitivity
MN,total,24247,0,2144692.0,0,2017,7,2017-07-01,2017-07-01,2017-08-31,sensitivity
MN,total,22846,0,2144692.0,0,2017,9,2017-09-01,2017-09-01,2017-10-31,sensitivity
MN,total,21534,0,2144692.0,0,2017,11,2017-11-01,2017-11-01,2017-12-31,sensitivity
MN,total,20682,0,2142880.0,0,2018,1,2018-01-01,2018-01-01,2018-02-28,sensitivity
MN,total,22472,0,2142880.0,0,2018,3,2018-03-01,2018-03-01,2018-04-30,sensitivity
MN,total,23191,0,2142880.0,0,2018,5,2018-05-01,2018-05-01,2018-06-30,sensitivity
MN,total,24051,0,2142880.0,0,2018,7,2018-07-01,2018-07-01,2018-08-31,sensitivity
MN,total,22172,0,2142880.0,0,2018,9,2018-09-01,2018-09-01,2018-10-31,sensitivity
MN,total,21416,0,2142880.0,0,2018,11,2018-11-01,2018-11-01,2018-12-31,sensitivity
MN,total,20076,0,2191600.0,0,2019,1,2019-01-01,2019-01-01,2019-02-28,sensitivity
MN,total,21634,0,2191600.0,0,2019,3,2019-03-01,2019-03-01,2019-04-30,sensitivity
MN,total,22938,0,2191600.0,0,2019,5,2019-05-01,2019-05-01,2019-06-30,sensitivity
MN,total,23832,0,2191600.0,0,2019,7,2019-07-01,2019-07-01,2019-08-31,sensitivity
MN,total,22568,0,2191600.0,0,2019,9,2019-09-01,2019-09-01,2019-10-31,sensitivity
MN,total,20361,0,2191600.0,0,2019,11,2019-11-01,2019-11-01,2019-12-31,sensitivity
MN,total,19792,0,2150268.0,0,2020,1,2020-01-01,2020-01-01,2020-02-29,sensitivity
MN,total,21315,0,2150268.0,0,2020,3,2020-03-01,2020-03-01,2020-04-30,sensitivity
MN,total,22200,0,2150268.0,0,2020,5,2020-05-01,2020-05-01,2020-06-30,sensitivity
MN,total,22509,0,2150268.0,0,2020,7,2020-07-01,2020-07-01,2020-08-31,sensitivity
MN,total,21032,0,2150268.0,0,2020,9,2020-09-01,2020-09-01,2020-10-31,sensitivity
MN,total,19425,0,2150268.0,0,2020,11,2020-11-01,2020-11-01,2020-12-31,sensitivity
MN,total,18579,0,2204472.0,0,2021,1,2021-01-01,2021-01-01,2021-02-28,sensitivity
MN,total,21270,0,2204472.0,0,2021,3,2021-03-01,2021-03-01,2021-04-30,sensitivity
MN,total,22668,0,2204472.0,0,2021,5,2021-05-01,2021-05-01,2021-06-30,sensitivity
MN,total,23129,0,2204472.0,0,2021,7,2021-07-01,2021-07-01,2021-08-31,sensitivity
MN,total,21879,0,2204472.0,0,2021,9,2021-09-01,2021-09-01,2021-10-31,sensitivity
MN,total,20643,0,2204472.0,0,2021,11,2021-11-01,2021-11-01,2021-12-31,sensitivity
MN,total,19516,0,2202958.0,0,2022,1,2022-01-01,2022-01-01,2022-02-28,sensitivity
MN,total,21012,0,2202958.0,0,2022,3,2022-03-01,2022-03-01,2022-04-30,sensitivity
MN,total,22328,0,2202958.0,0,2022,5,2022-05-01,2022-05-01,2022-06-30,sensitivity
MN,total,22283,0,2202958.0,0,2022,7,2022-07-01,2022-07-01,2022-08-31,sensitivity
MN,total,21184,0,2202958.0,0,2022,9,2022-09-01,2022-09-01,2022-10-31,sensitivity
MN,total,20925,0,2202958.0,0,2022,11,2022-11-01,2022-11-01,2022-12-31,sensitivity
MN,total,19386,0,2232200.0,0,2023,1,2023-01-01,2023-01-01,2023-02-28,sensitivity
MN,total,20483,0,2232200.0,0,2023,3,2023-03-01,2023-03-01,2023-04-30,sensitivity
MN,total,21147,0,2232200.0,0,2023,5,2023-05-01,2023-05-01,2023-06-30,sensitivity
MN,total,21444,0,2232200.0,0,2023,7,2023-07-01,2023-07-01,2023-08-31,sensitivity
MN,total,20472,0,2232200.0,0,2023,9,2023-09-01,2023-09-01,2023-10-31,sensitivity
MN,total,19722,0,2232200.0,0,2023,11,2023-11-01,2023-11-01,2023-12-31,sensitivity
MO,total,23478,0,2336364.0,1,2016,1,2016-01-01,2016-01-01,2016-02-29,sensitivity
MO,total,23811,0,2336364.0,1,2016,3,2016-03-01,2016-03-01,2016-04-30,sensitivity
MO,total,24663,0,2336364.0,1,2016,5,2016-05-01,2016-05-01,2016-06-30,sensitivity
MO,total,26611,0,2336364.0,1,2016,7,2016-07-01,2016-07-01,2016-08-31,sensitivity
MO,total,25298,0,2336364.0,1,2016,9,2016-09-01,2016-09-01,2016-10-31,sensitivity
MO,total,23920,0,2336364.0,1,2016,11,2016-11-01,2016-11-01,2016-12-31,sensitivity
MO,total,22387,0,2340200.0,1,2017,1,2017-01-01,2017-01-01,2017-02-28,sensitivity
MO,total,23087,0,2340200.0,1,2017,3,2017-03-01,2017-03-01,2017-04-30,sensitivity
MO,total,24614,0,2340200.0,1,2017,5,2017-05-01,2017-05-01,2017-06-30,sensitivity
MO,total,25889,0,2340200.0,1,2017,7,2017-07-01,2017-07-01,2017-08-31,sensitivity
MO,total,24910,0,2340200.0,1,2017,9,2017-09-01,2017-09-01,2017-10-31,sensitivity
MO,total,23724,0,2340200.0,1,2017,11,2017-11-01,2017-11-01,2017-12-31,sensitivity
MO,total,22831,0,2342798.0,1,2018,1,2018-01-01,2018-01-01,2018-02-28,sensitivity
MO,total,23286,0,2342798.0,1,2018,3,2018-03-01,2018-03-01,2018-04-30,sensitivity
MO,total,25069,0,2342798.0,1,2018,5,2018-05-01,2018-05-01,2018-06-30,sensitivity
MO,total,26066,0,2342798.0,1,2018,7,2018-07-01,2018-07-01,2018-08-31,sensitivity
MO,total,24586,0,2342798.0,1,2018,9,2018-09-01,2018-09-01,2018-10-31,sensitivity
MO,total,23376,0,2342798.0,1,2018,11,2018-11-01,2018-11-01,2018-12-31,sensitivity
MO,total,22215,0,2356318.0,1,2019,1,2019-01-01,2019-01-01,2019-02-28,sensitivity
MO,total,23165,0,2356318.0,1,2019,3,2019-03-01,2019-03-01,2019-04-30,sensitivity
MO,total,24020,0,2356318.0,1,2019,5,2019-05-01,2019-05-01,2019-06-30,sensitivity
MO,total,25866,0,2356318.0,1,2019,7,2019-07-01,2019-07-01,2019-08-31,sensitivity
MO,total,24726,0,2356318.0,1,2019,9,2019-09-01,2019-09-01,2019-10-31,sensitivity
MO,total,22811,0,2356318.0,1,2019,11,2019-11-01,2019-11-01,2019-12-31,sensitivity
MO,total,22308,0,2349006.0,1,2020,1,2020-01-01,2020-01-01,2020-02-29,sensitivity
MO,total,22405,0,2349006.0,1,2020,3,2020-03-01,2020-03-01,2020-04-30,sensitivity
MO,total,23091,0,2349006.0,1,2020,5,2020-05-01,2020-05-01,2020-06-30,sensitivity
MO,total,24987,0,2349006.0,1,2020,7,2020-07-01,2020-07-01,2020-08-31,sensitivity
MO,total,23245,0,2349006.0,1,2020,9,2020-09-01,2020-09-01,2020-10-31,sensitivity
MO,total,21162,0,2349006.0,1,2020,11,2020-11-01,2020-11-01,2020-12-31,sensitivity
MO,total,20675,0,2378160.0,1,2021,1,2021-01-01,2021-01-01,2021-02-28,sensitivity
MO,total,22570,0,2378160.0,1,2021,3,2021-03-01,2021-03-01,2021-04-30,sensitivity
MO,total,23503,0,2378160.0,1,2021,5,2021-05-01,2021-05-01,2021-06-30,sensitivity
MO,total,24440,0,2378160.0,1,2021,7,2021-07-01,2021-07-01,2021-08-31,sensitivity
MO,total,23303,0,2378160.0,1,2021,9,2021-09-01,2021-09-01,2021-10-31,sensitivity
MO,total,21953,0,2378160.0,1,2021,11,2021-11-01,2021-11-01,2021-12-31,sensitivity
MO,total,20537,0,2396456.0,1,2022,1,2022-01-01,2022-01-01,2022-02-28,sensitivity
MO,total,22043,0,2396456.0,1,2022,3,2022-03-01,2022-03-01,2022-04-30,sensitivity
MO,total,22573,0,2396456.0,1,2022,5,2022-05-01,2022-05-01,2022-06-30,sensitivity
MO,total,24593,0,2396456.0,1,2022,7,2022-07-01,2022-07-01,2022-08-31,sensitivity
MO,total,22905,0,2396456.0,1,2022,9,2022-09-01,2022-09-01,2022-10-31,sensitivity
MO,total,22623,0,2396456.0,1,2022,11,2022-11-01,2022-11-01,2022-12-31,sensitivity
MO,total,20685,1,2420652.0,1,2023,1,2023-01-01,2023-01-01,2023-02-28,sensitivity
MO,total,20977,1,2420652.0,1,2023,3,2023-03-01,2023-03-01,2023-04-30,sensitivity
MO,total,22179,1,2420652.0,1,2023,5,2023-05-01,2023-05-01,2023-06-30,sensitivity
MO,total,23589,1,2420652.0,1,2023,7,2023-07-01,2023-07-01,2023-08-31,sensitivity
MO,total,22461,1,2420652.0,1,2023,9,2023-09-01,2023-09-01,2023-10-31,sensitivity
MO,total,21732,1,2420652.0,1,2023,11,2023-11-01,2023-11-01,2023-12-31,sensitivity
MS,total,12102,0,1207326.0,1,2016,1,2016-01-01,2016-01-01,2016-02-29,sensitivity
MS,total,11943,0,1207326.0,1,2016,3,2016-03-01,2016-03-01,2016-04-30,sensitivity
MS,total,12283,0,1207326.0,1,2016,5,2016-05-01,2016-05-01,2016-06-30,sensitivity
MS,total,13524,0,1207326.0,1,2016,7,2016-07-01,2016-07-01,2016-08-31,sensitivity
MS,total,13156,0,1207326.0,1,2016,9,2016-09-01,2016-09-01,2016-10-31,sensitivity
MS,total,12624,0,1207326.0,1,2016,11,2016-11-01,2016-11-01,2016-12-31,sensitivity
MS,total,11936,0,1186088.0,1,2017,1,2017-01-01,2017-01-01,2017-02-28,sensitivity
MS,total,11235,0,1186088.0,1,2017,3,2017-03-01,2017-03-01,2017-04-30,sensitivity
MS,total,12088,0,1186088.0,1,2017,5,2017-05-01,2017-05-01,2017-06-30,sensitivity
MS,total,13521,0,1186088.0,1,2017,7,2017-07-01,2017-07-01,2017-08-31,sensitivity
MS,total,12922,0,1186088.0,1,2017,9,2017-09-01,2017-09-01,2017-10-31,sensitivity
MS,total,12777,0,1186088.0,1,2017,11,2017-11-01,2017-11-01,2017-12-31,sensitivity
MS,total,11945,0,1197290.0,1,2018,1,2018-01-01,2018-01-01,2018-02-28,sensitivity
MS,total,11518,0,1197290.0,1,2018,3,2018-03-01,2018-03-01,2018-04-30,sensitivity
MS,total,12088,0,1197290.0,1,2018,5,2018-05-01,2018-05-01,2018-06-30,sensitivity
MS,total,13133,0,1197290.0,1,2018,7,2018-07-01,2018-07-01,2018-08-31,sensitivity
MS,total,12571,0,1197290.0,1,2018,9,2018-09-01,2018-09-01,2018-10-31,sensitivity
MS,total,12498,0,1197290.0,1,2018,11,2018-11-01,2018-11-01,2018-12-31,sensitivity
MS,total,11662,0,1176378.0,1,2019,1,2019-01-01,2019-01-01,2019-02-28,sensitivity
MS,total,11287,0,1176378.0,1,2019,3,2019-03-01,2019-03-01,2019-04-30,sensitivity
MS,total,11403,0,1176378.0,1,2019,5,2019-05-01,2019-05-01,2019-06-30,sensitivity
MS,total,13463,0,1176378.0,1,2019,7,2019-07-01,2019-07-01,2019-08-31,sensitivity
MS,total,12982,0,1176378.0,1,2019,9,2019-09-01,2019-09-01,2019-10-31,sensitivity
MS,total,12269,0,1176378.0,1,2019,11,2019-11-01,2019-11-01,2019-12-31,sensitivity
MS,total,11561,0,1181570.0,1,2020,1,2020-01-01,2020-01-01,2020-02-29,sensitivity
MS,total,11171,0,1181570.0,1,2020,3,2020-03-01,2020-03-01,2020-04-30,sensitivity
MS,total,11570,0,1181570.0,1,2020,5,2020-05-01,2020-05-01,2020-06-30,sensitivity
MS,total,12534,0,1181570.0,1,2020,7,2020-07-01,2020-07-01,2020-08-31,sensitivity
MS,total,12412,0,1181570.0,1,2020,9,2020-09-01,2020-09-01,2020-10-31,sensitivity
MS,total,11507,0,1181570.0,1,2020,11,2020-11-01,2020-11-01,2020-12-31,sensitivity
MS,total,10749,0,1165574.0,1,2021,1,2021-01-01,2021-01-01,2021-02-28,sensitivity
MS,total,11019,0,1165574.0,1,2021,3,2021-03-01,2021-03-01,2021-04-30,sensitivity
MS,total,11476,0,1165574.0,1,2021,5,2021-05-01,2021-05-01,2021-06-30,sensitivity
MS,total,12556,0,1165574.0,1,2021,7,2021-07-01,2021-07-01,2021-08-31,sensitivity
MS,total,12552,0,1165574.0,1,2021,9,2021-09-01,2021-09-01,2021-10-31,sensitivity
MS,total,11708,0,1165574.0,1,2021,11,2021-11-01,2021-11-01,2021-12-31,sensitivity
MS,total,10986,0,1172088.0,1,2022,1,2022-01-01,2022-01-01,2022-02-28,sensitivity
MS,total,10739,0,1172088.0,1,2022,3,2022-03-01,2022-03-01,2022-04-30,sensitivity
MS,total,11014,0,1172088.0,1,2022,5,2022-05-01,2022-05-01,2022-06-30,sensitivity
MS,total,12790,0,1172088.0,1,2022,7,2022-07-01,2022-07-01,2022-08-31,sensitivity
MS,total,11510,0,1172088.0,1,2022,9,2022-09-01,2022-09-01,2022-10-31,sensitivity
MS,total,12073,0,1172088.0,1,2022,11,2022-11-01,2022-11-01,2022-12-31,sensitivity
MS,total,11201,1,1167724.0,1,2023,1,2023-01-01,2023-01-01,2023-02-28,sensitivity
MS,total,10704,1,1167724.0,1,2023,3,2023-03-01,2023-03-01,2023-04-30,sensitivity
MS,total,11536,1,1167724.0,1,2023,5,2023-05-01,2023-05-01,2023-06-30,sensitivity
MS,total,12259,1,1167724.0,1,2023,7,2023-07-01,2023-07-01,2023-08-31,sensitivity
MS,total,11757,1,1167724.0,1,2023,9,2023-09-01,2023-09-01,2023-10-31,sensitivity
MS,total,11261,1,1167724.0,1,2023,11,2023-11-01,2023-11-01,2023-12-31,sensitivity
MT,total,3763,0,371668.0,0,2016,1,2016-01-01,2016-01-01,2016-02-29,sensitivity
MT,total,4053,0,371668.0,0,2016,3,2016-03-01,2016-03-01,2016-04-30,sensitivity
MT,total,4361,0,371668.0,0,2016,5,2016-05-01,2016-05-01,2016-06-30,sensitivity
MT,total,4435,0,371668.0,0,2016,7,2016-07-01,2016-07-01,2016-08-31,sensitivity
MT,total,4081,0,371668.0,0,2016,9,2016-09-01,2016-09-01,2016-10-31,sensitivity
MT,total,3775,0,371668.0,0,2016,11,2016-11-01,2016-11-01,2016-12-31,sensitivity
MT,total,3612,0,387664.0,0,2017,1,2017-01-01,2017-01-01,2017-02-28,sensitivity
MT,total,3971,0,387664.0,0,2017,3,2017-03-01,2017-03-01,2017-04-30,sensitivity
MT,total,4254,0,387664.0,0,2017,5,2017-05-01,2017-05-01,2017-06-30,sensitivity
MT,total,4101,0,387664.0,0,2017,7,2017-07-01,2017-07-01,2017-08-31,sensitivity
MT,total,3854,0,387664.0,0,2017,9,2017-09-01,2017-09-01,2017-10-31,sensitivity
MT,total,3706,0,387664.0,0,2017,11,2017-11-01,2017-11-01,2017-12-31,sensitivity
MT,total,3752,0,386468.0,0,2018,1,2018-01-01,2018-01-01,2018-02-28,sensitivity
MT,total,3857,0,386468.0,0,2018,3,2018-03-01,2018-03-01,2018-04-30,sensitivity
MT,total,3976,0,386468.0,0,2018,5,2018-05-01,2018-05-01,2018-06-30,sensitivity
MT,total,4141,0,386468.0,0,2018,7,2018-07-01,2018-07-01,2018-08-31,sensitivity
MT,total,3641,0,386468.0,0,2018,9,2018-09-01,2018-09-01,2018-10-31,sensitivity
MT,total,3591,0,386468.0,0,2018,11,2018-11-01,2018-11-01,2018-12-31,sensitivity
MT,total,3465,0,391132.0,0,2019,1,2019-01-01,2019-01-01,2019-02-28,sensitivity
MT,total,3691,0,391132.0,0,2019,3,2019-03-01,2019-03-01,2019-04-30,sensitivity
MT,total,3890,0,391132.0,0,2019,5,2019-05-01,2019-05-01,2019-06-30,sensitivity
MT,total,3970,0,391132.0,0,2019,7,2019-07-01,2019-07-01,2019-08-31,sensitivity
MT,total,3671,0,391132.0,0,2019,9,2019-09-01,2019-09-01,2019-10-31,sensitivity
MT,total,3396,0,391132.0,0,2019,11,2019-11-01,2019-11-01,2019-12-31,sensitivity
MT,total,3487,0,387184.0,0,2020,1,2020-01-01,2020-01-01,2020-02-29,sensitivity
MT,total,3681,0,387184.0,0,2020,3,2020-03-01,2020-03-01,2020-04-30,sensitivity
MT,total,3805,0,387184.0,0,2020,5,2020-05-01,2020-05-01,2020-06-30,sensitivity
MT,total,3764,0,387184.0,0,2020,7,2020-07-01,2020-07-01,2020-08-31,sensitivity
MT,total,3441,0,387184.0,0,2020,9,2020-09-01,2020-09-01,2020-10-31,sensitivity
MT,total,3360,0,387184.0,0,2020,11,2020-11-01,2020-11-01,2020-12-31,sensitivity
MT,total,3316,0,415136.0,0,2021,1,2021-01-01,2021-01-01,2021-02-28,sensitivity
MT,total,3827,0,415136.0,0,2021,3,2021-03-01,2021-03-01,2021-04-30,sensitivity
MT,total,3939,0,415136.0,0,2021,5,2021-05-01,2021-05-01,2021-06-30,sensitivity
MT,total,3935,0,415136.0,0,2021,7,2021-07-01,2021-07-01,2021-08-31,sensitivity
MT,total,3738,0,415136.0,0,2021,9,2021-09-01,2021-09-01,2021-10-31,sensitivity
MT,total,3640,0,415136.0,0,2021,11,2021-11-01,2021-11-01,2021-12-31,sensitivity
MT,total,3344,0,422734.0,0,2022,1,2022-01-01,2022-01-01,2022-02-28,sensitivity
MT,total,3663,0,422734.0,0,2022,3,2022-03-01,2022-03-01,2022-04-30,sensitivity
MT,total,4040,0,422734.0,0,2022,5,2022-05-01,2022-05-01,2022-06-30,sensitivity
MT,total,3906,0,422734.0,0,2022,7,2022-07-01,2022-07-01,2022-08-31,sensitivity
MT,total,3710,0,422734.0,0,2022,9,2022-09-01,2022-09-01,2022-10-31,sensitivity
MT,total,3609,0,422734.0,0,2022,11,2022-11-01,2022-11-01,2022-12-31,sensitivity
MT,total,3351,0,425156.0,0,2023,1,2023-01-01,2023-01-01,2023-02-28,sensitivity
MT,total,3647,0,425156.0,0,2023,3,2023-03-01,2023-03-01,2023-04-30,sensitivity
MT,total,3821,0,425156.0,0,2023,5,2023-05-01,2023-05-01,2023-06-30,sensitivity
MT,total,3976,0,425156.0,0,2023,7,2023-07-01,2023-07-01,2023-08-31,sensitivity
MT,total,3788,0,425156.0,0,2023,9,2023-09-01,2023-09-01,2023-10-31,sensitivity
MT,total,3491,0,425156.0,0,2023,11,2023-11-01,2023-11-01,2023-12-31,sensitivity
NC,total,38024,0,4021924.0,0,2016,1,2016-01-01,2016-01-01,2016-02-29,sensitivity
NC,total,38022,0,4021924.0,0,2016,3,2016-03-01,2016-03-01,2016-04-30,sensitivity
NC,total,40010,0,4021924.0,0,2016,5,2016-05-01,2016-05-01,2016-06-30,sensitivity
NC,total,42881,0,4021924.0,0,2016,7,2016-07-01,2016-07-01,2016-08-31,sensitivity
NC,total,41332,0,4021924.0,0,2016,9,2016-09-01,2016-09-01,2016-10-31,sensitivity
NC,total,39598,0,4021924.0,0,2016,11,2016-11-01,2016-11-01,2016-12-31,sensitivity
NC,total,36943,0,4050312.0,0,2017,1,2017-01-01,2017-01-01,2017-02-28,sensitivity
NC,total,37768,0,4050312.0,0,2017,3,2017-03-01,2017-03-01,2017-04-30,sensitivity
NC,total,39430,0,4050312.0,0,2017,5,2017-05-01,2017-05-01,2017-06-30,sensitivity
NC,total,42931,0,4050312.0,0,2017,7,2017-07-01,2017-07-01,2017-08-31,sensitivity
NC,total,41593,0,4050312.0,0,2017,9,2017-09-01,2017-09-01,2017-10-31,sensitivity
NC,total,39957,0,4050312.0,0,2017,11,2017-11-01,2017-11-01,2017-12-31,sensitivity
NC,total,36644,0,4090888.0,0,2018,1,2018-01-01,2018-01-01,2018-02-28,sensitivity
NC,total,37931,0,4090888.0,0,2018,3,2018-03-01,2018-03-01,2018-04-30,sensitivity
NC,total,39565,0,4090888.0,0,2018,5,2018-05-01,2018-05-01,2018-06-30,sensitivity
NC,total,42013,0,4090888.0,0,2018,7,2018-07-01,2018-07-01,2018-08-31,sensitivity
NC,total,41286,0,4090888.0,0,2018,9,2018-09-01,2018-09-01,2018-10-31,sensitivity
NC,total,38831,0,4090888.0,0,2018,11,2018-11-01,2018-11-01,2018-12-31,sensitivity
NC,total,37377,0,4149308.0,0,2019,1,2019-01-01,2019-01-01,2019-02-28,sensitivity
NC,total,37764,0,4149308.0,0,2019,3,2019-03-01,2019-03-01,2019-04-30,sensitivity
NC,total,38841,0,4149308.0,0,2019,5,2019-05-01,2019-05-01,2019-06-30,sensitivity
NC,total,42486,0,4149308.0,0,2019,7,2019-07-01,2019-07-01,2019-08-31,sensitivity
NC,total,40814,0,4149308.0,0,2019,9,2019-09-01,2019-09-01,2019-10-31,sensitivity
NC,total,38589,0,4149308.0,0,2019,11,2019-11-01,2019-11-01,2019-12-31,sensitivity
NC,total,37670,0,4089168.0,0,2020,1,2020-01-01,2020-01-01,2020-02-29,sensitivity
NC,total,37906,0,4089168.0,0,2020,3,2020-03-01,2020-03-01,2020-04-30,sensitivity
NC,total,38376,0,4089168.0,0,2020,5,2020-05-01,2020-05-01,2020-06-30,sensitivity
NC,total,41138,0,4089168.0,0,2020,7,2020-07-01,2020-07-01,2020-08-31,sensitivity
NC,total,39725,0,4089168.0,0,2020,9,2020-09-01,2020-09-01,2020-10-31,sensitivity
NC,total,36880,0,4089168.0,0,2020,11,2020-11-01,2020-11-01,2020-12-31,sensitivity
NC,total,35868,0,4158930.0,0,2021,1,2021-01-01,2021-01-01,2021-02-28,sensitivity
NC,total,38264,0,4158930.0,0,2021,3,2021-03-01,2021-03-01,2021-04-30,sensitivity
NC,total,39839,0,4158930.0,0,2021,5,2021-05-01,2021-05-01,2021-06-30,sensitivity
NC,total,42800,0,4158930.0,0,2021,7,2021-07-01,2021-07-01,2021-08-31,sensitivity
NC,total,41783,0,4158930.0,0,2021,9,2021-09-01,2021-09-01,2021-10-31,sensitivity
NC,total,40562,0,4158930.0,0,2021,11,2021-11-01,2021-11-01,2021-12-31,sensitivity
NC,total,38169,0,4227264.0,0,2022,1,2022-01-01,2022-01-01,2022-02-28,sensitivity
NC,total,39197,0,4227264.0,0,2022,3,2022-03-01,2022-03-01,2022-04-30,sensitivity
NC,total,38644,0,4227264.0,0,2022,5,2022-05-01,2022-05-01,2022-06-30,sensitivity
NC,total,43351,0,4227264.0,0,2022,7,2022-07-01,2022-07-01,2022-08-31,sensitivity
NC,total,40570,0,4227264.0,0,2022,9,2022-09-01,2022-09-01,2022-10-31,sensitivity
NC,total,41213,0,4227264.0,0,2022,11,2022-11-01,2022-11-01,2022-12-31,sensitivity
NC,total,38078,0,4286424.0,0,2023,1,2023-01-01,2023-01-01,2023-02-28,sensitivity
NC,total,37813,0,4286424.0,0,2023,3,2023-03-01,2023-03-01,2023-04-30,sensitivity
NC,total,39607,0,4286424.0,0,2023,5,2023-05-01,2023-05-01,2023-06-30,sensitivity
NC,total,42213,0,4286424.0,0,2023,7,2023-07-01,2023-07-01,2023-08-31,sensitivity
NC,total,40688,0,4286424.0,0,2023,9,2023-09-01,2023-09-01,2023-10-31,sensitivity
NC,total,39825,0,4286424.0,0,2023,11,2023-11-01,2023-11-01,2023-12-31,sensitivity
ND,total,3553,0,297584.0,0,2016,1,2016-01-01,2016-01-01,2016-02-29,sensitivity
ND,total,3638,0,297584.0,0,2016,3,2016-03-01,2016-03-01,2016-04-30,sensitivity
ND,total,3879,0,297584.0,0,2016,5,2016-05-01,2016-05-01,2016-06-30,sensitivity
ND,total,3901,0,297584.0,0,2016,7,2016-07-01,2016-07-01,2016-08-31,sensitivity
ND,total,3885,0,297584.0,0,2016,9,2016-09-01,2016-09-01,2016-10-31,sensitivity
ND,total,3527,0,297584.0,0,2016,11,2016-11-01,2016-11-01,2016-12-31,sensitivity
ND,total,3265,0,292708.0,0,2017,1,2017-01-01,2017-01-01,2017-02-28,sensitivity
ND,total,3651,0,292708.0,0,2017,3,2017-03-01,2017-03-01,2017-04-30,sensitivity
ND,total,3593,0,292708.0,0,2017,5,2017-05-01,2017-05-01,2017-06-30,sensitivity
ND,total,3588,0,292708.0,0,2017,7,2017-07-01,2017-07-01,2017-08-31,sensitivity
ND,total,3630,0,292708.0,0,2017,9,2017-09-01,2017-09-01,2017-10-31,sensitivity
ND,total,3447,0,292708.0,0,2017,11,2017-11-01,2017-11-01,2017-12-31,sensitivity
ND,total,3323,0,294672.0,0,2018,1,2018-01-01,2018-01-01,2018-02-28,sensitivity
ND,total,3431,0,294672.0,0,2018,3,2018-03-01,2018-03-01,2018-04-30,sensitivity
ND,total,3646,0,294672.0,0,2018,5,2018-05-01,2018-05-01,2018-06-30,sensitivity
ND,total,3700,0,294672.0,0,2018,7,2018-07-01,2018-07-01,2018-08-31,sensitivity
ND,total,3446,0,294672.0,0,2018,9,2018-09-01,2018-09-01,2018-10-31,sensitivity
ND,total,3363,0,294672.0,0,2018,11,2018-11-01,2018-11-01,2018-12-31,sensitivity
ND,total,3225,0,305016.0,0,2019,1,2019-01-01,2019-01-01,2019-02-28,sensitivity
ND,total,3551,0,305016.0,0,2019,3,2019-03-01,2019-03-01,2019-04-30,sensitivity
ND,total,3587,0,305016.0,0,2019,5,2019-05-01,2019-05-01,2019-06-30,sensitivity
ND,total,3773,0,305016.0,0,2019,7,2019-07-01,2019-07-01,2019-08-31,sensitivity
ND,total,3319,0,305016.0,0,2019,9,2019-09-01,2019-09-01,2019-10-31,sensitivity
ND,total,3072,0,305016.0,0,2019,11,2019-11-01,2019-11-01,2019-12-31,sensitivity
ND,total,3178,0,299018.0,0,2020,1,2020-01-01,2020-01-01,2020-02-29,sensitivity
ND,total,3268,0,299018.0,0,2020,3,2020-03-01,2020-03-01,2020-04-30,sensitivity
ND,total,3406,0,299018.0,0,2020,5,2020-05-01,2020-05-01,2020-06-30,sensitivity
ND,total,3555,0,299018.0,0,2020,7,2020-07-01,2020-07-01,2020-08-31,sensitivity
ND,total,3212,0,299018.0,0,2020,9,2020-09-01,2020-09-01,2020-10-31,sensitivity
ND,total,3106,0,299018.0,0,2020,11,2020-11-01,2020-11-01,2020-12-31,sensitivity
ND,total,3028,0,304208.0,0,2021,1,2021-01-01,2021-01-01,2021-02-28,sensitivity
ND,total,3435,0,304208.0,0,2021,3,2021-03-01,2021-03-01,2021-04-30,sensitivity
ND,total,3341,0,304208.0,0,2021,5,2021-05-01,2021-05-01,2021-06-30,sensitivity
ND,total,3343,0,304208.0,0,2021,7,2021-07-01,2021-07-01,2021-08-31,sensitivity
ND,total,3197,0,304208.0,0,2021,9,2021-09-01,2021-09-01,2021-10-31,sensitivity
ND,total,3046,0,304208.0,0,2021,11,2021-11-01,2021-11-01,2021-12-31,sensitivity
ND,total,2904,0,313230.0,0,2022,1,2022-01-01,2022-01-01,2022-02-28,sensitivity
ND,total,3067,0,313230.0,0,2022,3,2022-03-01,2022-03-01,2022-04-30,sensitivity
ND,total,3187,0,313230.0,0,2022,5,2022-05-01,2022-05-01,2022-06-30,sensitivity
ND,total,3339,0,313230.0,0,2022,7,2022-07-01,2022-07-01,2022-08-31,sensitivity
ND,total,3111,0,313230.0,0,2022,9,2022-09-01,2022-09-01,2022-10-31,sensitivity
ND,total,3066,0,313230.0,0,2022,11,2022-11-01,2022-11-01,2022-12-31,sensitivity
ND,total,2995,0,314672.0,0,2023,1,2023-01-01,2023-01-01,2023-02-28,sensitivity
ND,total,3237,0,314672.0,0,2023,3,2023-03-01,2023-03-01,2023-04-30,sensitivity
ND,total,3287,0,314672.0,0,2023,5,2023-05-01,2023-05-01,2023-06-30,sensitivity
ND,total,3260,0,314672.0,0,2023,7,2023-07-01,2023-07-01,2023-08-31,sensitivity
ND,total,3070,0,314672.0,0,2023,9,2023-09-01,2023-09-01,2023-10-31,sensitivity
ND,total,3065,0,314672.0,0,2023,11,2023-11-01,2023-11-01,2023-12-31,sensitivity
NE,total,8149,0,738718.0,0,2016,1,2016-01-01,2016-01-01,2016-02-29,sensitivity
NE,total,8926,0,738718.0,0,2016,3,2016-03-01,2016-03-01,2016-04-30,sensitivity
NE,total,8862,0,738718.0,0,2016,5,2016-05-01,2016-05-01,2016-06-30,sensitivity
NE,total,9336,0,738718.0,0,2016,7,2016-07-01,2016-07-01,2016-08-31,sensitivity
NE,total,9181,0,738718.0,0,2016,9,2016-09-01,2016-09-01,2016-10-31,sensitivity
NE,total,8588,0,738718.0,0,2016,11,2016-11-01,2016-11-01,2016-12-31,sensitivity
NE,total,7850,0,734388.0,0,2017,1,2017-01-01,2017-01-01,2017-02-28,sensitivity
NE,total,8439,0,734388.0,0,2017,3,2017-03-01,2017-03-01,2017-04-30,sensitivity
NE,total,9045,0,734388.0,0,2017,5,2017-05-01,2017-05-01,2017-06-30,sensitivity
NE,total,9012,0,734388.0,0,2017,7,2017-07-01,2017-07-01,2017-08-31,sensitivity
NE,total,8804,0,734388.0,0,2017,9,2017-09-01,2017-09-01,2017-10-31,sensitivity
NE,total,8342,0,734388.0,0,2017,11,2017-11-01,2017-11-01,2017-12-31,sensitivity
NE,total,7852,0,751928.0,0,2018,1,2018-01-01,2018-01-01,2018-02-28,sensitivity
NE,total,8199,0,751928.0,0,2018,3,2018-03-01,2018-03-01,2018-04-30,sensitivity
NE,total,8859,0,751928.0,0,2018,5,2018-05-01,2018-05-01,2018-06-30,sensitivity
NE,total,9108,0,751928.0,0,2018,7,2018-07-01,2018-07-01,2018-08-31,sensitivity
NE,total,8481,0,751928.0,0,2018,9,2018-09-01,2018-09-01,2018-10-31,sensitivity
NE,total,8353,0,751928.0,0,2018,11,2018-11-01,2018-11-01,2018-12-31,sensitivity
NE,total,7605,0,759272.0,0,2019,1,2019-01-01,2019-01-01,2019-02-28,sensitivity
NE,total,8238,0,759272.0,0,2019,3,2019-03-01,2019-03-01,2019-04-30,sensitivity
NE,total,8399,0,759272.0,0,2019,5,2019-05-01,2019-05-01,2019-06-30,sensitivity
NE,total,8717,0,759272.0,0,2019,7,2019-07-01,2019-07-01,2019-08-31,sensitivity
NE,total,8539,0,759272.0,0,2019,9,2019-09-01,2019-09-01,2019-10-31,sensitivity
NE,total,7847,0,759272.0,0,2019,11,2019-11-01,2019-11-01,2019-12-31,sensitivity
NE,total,7722,0,748164.0,0,2020,1,2020-01-01,2020-01-01,2020-02-29,sensitivity
NE,total,8282,0,748164.0,0,2020,3,2020-03-01,2020-03-01,2020-04-30,sensitivity
NE,total,8120,0,748164.0,0,2020,5,2020-05-01,2020-05-01,2020-06-30,sensitivity
NE,total,8529,0,748164.0,0,2020,7,2020-07-01,2020-07-01,2020-08-31,sensitivity
NE,total,8246,0,748164.0,0,2020,9,2020-09-01,2020-09-01,2020-10-31,sensitivity
NE,total,7576,0,748164.0,0,2020,11,2020-11-01,2020-11-01,2020-12-31,sensitivity
NE,total,7392,0,763236.0,0,2021,1,2021-01-01,2021-01-01,2021-02-28,sensitivity
NE,total,8254,0,763236.0,0,2021,3,2021-03-01,2021-03-01,2021-04-30,sensitivity
NE,total,8655,0,763236.0,0,2021,5,2021-05-01,2021-05-01,2021-06-30,sensitivity
NE,total,8600,0,763236.0,0,2021,7,2021-07-01,2021-07-01,2021-08-31,sensitivity
NE,total,8348,0,763236.0,0,2021,9,2021-09-01,2021-09-01,2021-10-31,sensitivity
NE,total,7865,0,763236.0,0,2021,11,2021-11-01,2021-11-01,2021-12-31,sensitivity
NE,total,7379,0,785140.0,0,2022,1,2022-01-01,2022-01-01,2022-02-28,sensitivity
NE,total,7902,0,785140.0,0,2022,3,2022-03-01,2022-03-01,2022-04-30,sensitivity
NE,total,8156,0,785140.0,0,2022,5,2022-05-01,2022-05-01,2022-06-30,sensitivity
NE,total,8778,0,785140.0,0,2022,7,2022-07-01,2022-07-01,2022-08-31,sensitivity
NE,total,8268,0,785140.0,0,2022,9,2022-09-01,2022-09-01,2022-10-31,sensitivity
NE,total,8050,0,785140.0,0,2022,11,2022-11-01,2022-11-01,2022-12-31,sensitivity
NE,total,7619,0,769888.0,0,2023,1,2023-01-01,2023-01-01,2023-02-28,sensitivity
NE,total,8106,0,769888.0,0,2023,3,2023-03-01,2023-03-01,2023-04-30,sensitivity
NE,total,8213,0,769888.0,0,2023,5,2023-05-01,2023-05-01,2023-06-30,sensitivity
NE,total,8287,0,769888.0,0,2023,7,2023-07-01,2023-07-01,2023-08-31,sensitivity
NE,total,7863,0,769888.0,0,2023,9,2023-09-01,2023-09-01,2023-10-31,sensitivity
NE,total,7990,0,769888.0,0,2023,11,2023-11-01,2023-11-01,2023-12-31,sensitivity
NH,total,3807,0,478820.0,0,2016,1,2016-01-01,2016-01-01,2016-02-29,sensitivity
NH,total,4131,0,478820.0,0,2016,3,2016-03-01,2016-03-01,2016-04-30,sensitivity
NH,total,4075,0,478820.0,0,2016,5,2016-05-01,2016-05-01,2016-06-30,sensitivity
NH,total,4388,0,478820.0,0,2016,7,2016-07-01,2016-07-01,2016-08-31,sensitivity
NH,total,4283,0,478820.0,0,2016,9,2016-09-01,2016-09-01,2016-10-31,sensitivity
NH,total,3704,0,478820.0,0,2016,11,2016-11-01,2016-11-01,2016-12-31,sensitivity
NH,total,3629,0,483194.0,0,2017,1,2017-01-01,2017-01-01,2017-02-28,sensitivity
NH,total,3887,0,483194.0,0,2017,3,2017-03-01,2017-03-01,2017-04-30,sensitivity
NH,total,4360,0,483194.0,0,2017,5,2017-05-01,2017-05-01,2017-06-30,sensitivity
NH,total,4343,0,483194.0,0,2017,7,2017-07-01,2017-07-01,2017-08-31,sensitivity
NH,total,4134,0,483194.0,0,2017,9,2017-09-01,2017-09-01,2017-10-31,sensitivity
NH,total,3746,0,483194.0,0,2017,11,2017-11-01,2017-11-01,2017-12-31,sensitivity
NH,total,3660,0,490018.0,0,2018,1,2018-01-01,2018-01-01,2018-02-28,sensitivity
NH,total,3980,0,490018.0,0,2018,3,2018-03-01,2018-03-01,2018-04-30,sensitivity
NH,total,4006,0,490018.0,0,2018,5,2018-05-01,2018-05-01,2018-06-30,sensitivity
NH,total,4365,0,490018.0,0,2018,7,2018-07-01,2018-07-01,2018-08-31,sensitivity
NH,total,4157,0,490018.0,0,2018,9,2018-09-01,2018-09-01,2018-10-31,sensitivity
NH,total,3681,0,490018.0,0,2018,11,2018-11-01,2018-11-01,2018-12-31,sensitivity
NH,total,3510,0,492216.0,0,2019,1,2019-01-01,2019-01-01,2019-02-28,sensitivity
NH,total,3883,0,492216.0,0,2019,3,2019-03-01,2019-03-01,2019-04-30,sensitivity
NH,total,3992,0,492216.0,0,2019,5,2019-05-01,2019-05-01,2019-06-30,sensitivity
NH,total,4361,0,492216.0,0,2019,7,2019-07-01,2019-07-01,2019-08-31,sensitivity
NH,total,4088,0,492216.0,0,2019,9,2019-09-01,2019-09-01,2019-10-31,sensitivity
NH,total,3676,0,492216.0,0,2019,11,2019-11-01,2019-11-01,2019-12-31,sensitivity
NH,total,3521,0,489080.0,0,2020,1,2020-01-01,2020-01-01,2020-02-29,sensitivity
NH,total,3983,0,489080.0,0,2020,3,2020-03-01,2020-03-01,2020-04-30,sensitivity
NH,total,4012,0,489080.0,0,2020,5,2020-05-01,2020-05-01,2020-06-30,sensitivity
NH,total,4399,0,489080.0,0,2020,7,2020-07-01,2020-07-01,2020-08-31,sensitivity
NH,total,4022,0,489080.0,0,2020,9,2020-09-01,2020-09-01,2020-10-31,sensitivity
NH,total,3479,0,489080.0,0,2020,11,2020-11-01,2020-11-01,2020-12-31,sensitivity
NH,total,3532,0,503634.0,0,2021,1,2021-01-01,2021-01-01,2021-02-28,sensitivity
NH,total,4124,0,503634.0,0,2021,3,2021-03-01,2021-03-01,2021-04-30,sensitivity
NH,total,4432,0,503634.0,0,2021,5,2021-05-01,2021-05-01,2021-06-30,sensitivity
NH,total,4703,0,503634.0,0,2021,7,2021-07-01,2021-07-01,2021-08-31,sensitivity
NH,total,4369,0,503634.0,0,2021,9,2021-09-01,2021-09-01,2021-10-31,sensitivity
NH,total,3919,0,503634.0,0,2021,11,2021-11-01,2021-11-01,2021-12-31,sensitivity
NH,total,3530,0,506768.0,0,2022,1,2022-01-01,2022-01-01,2022-02-28,sensitivity
NH,total,3879,0,506768.0,0,2022,3,2022-03-01,2022-03-01,2022-04-30,sensitivity
NH,total,4131,0,506768.0,0,2022,5,2022-05-01,2022-05-01,2022-06-30,sensitivity
NH,total,4421,0,506768.0,0,2022,7,2022-07-01,2022-07-01,2022-08-31,sensitivity
NH,total,4091,0,506768.0,0,2022,9,2022-09-01,2022-09-01,2022-10-31,sensitivity
NH,total,3953,0,506768.0,0,2022,11,2022-11-01,2022-11-01,2022-12-31,sensitivity
NH,total,3577,0,509068.0,0,2023,1,2023-01-01,2023-01-01,2023-02-28,sensitivity
NH,total,3931,0,509068.0,0,2023,3,2023-03-01,2023-03-01,2023-04-30,sensitivity
NH,total,4129,0,509068.0,0,2023,5,2023-05-01,2023-05-01,2023-06-30,sensitivity
NH,total,4350,0,509068.0,0,2023,7,2023-07-01,2023-07-01,2023-08-31,sensitivity
NH,total,4002,0,509068.0,0,2023,9,2023-09-01,2023-09-01,2023-10-31,sensitivity
NH,total,3720,0,509068.0,0,2023,11,2023-11-01,2023-11-01,2023-12-31,sensitivity
NJ,total,31738,0,3420040.0,0,2016,1,2016-01-01,2016-01-01,2016-02-29,sensitivity
NJ,total,32774,0,3420040.0,0,2016,3,2016-03-01,2016-03-01,2016-04-30,sensitivity
NJ,total,34507,0,3420040.0,0,2016,5,2016-05-01,2016-05-01,2016-06-30,sensitivity
NJ,total,35897,0,3420040.0,0,2016,7,2016-07-01,2016-07-01,2016-08-31,sensitivity
NJ,total,34371,0,3420040.0,0,2016,9,2016-09-01,2016-09-01,2016-10-31,sensitivity
NJ,total,33358,0,3420040.0,0,2016,11,2016-11-01,2016-11-01,2016-12-31,sensitivity
NJ,total,30655,0,3435174.0,0,2017,1,2017-01-01,2017-01-01,2017-02-28,sensitivity
NJ,total,32139,0,3435174.0,0,2017,3,2017-03-01,2017-03-01,2017-04-30,sensitivity
NJ,total,33969,0,3435174.0,0,2017,5,2017-05-01,2017-05-01,2017-06-30,sensitivity
NJ,total,35683,0,3435174.0,0,2017,7,2017-07-01,2017-07-01,2017-08-31,sensitivity
NJ,total,34286,0,3435174.0,0,2017,9,2017-09-01,2017-09-01,2017-10-31,sensitivity
NJ,total,33115,0,3435174.0,0,2017,11,2017-11-01,2017-11-01,2017-12-31,sensitivity
NJ,total,30878,0,3373094.0,0,2018,1,2018-01-01,2018-01-01,2018-02-28,sensitivity
NJ,total,32965,0,3373094.0,0,2018,3,2018-03-01,2018-03-01,2018-04-30,sensitivity
NJ,total,34040,0,3373094.0,0,2018,5,2018-05-01,2018-05-01,2018-06-30,sensitivity
NJ,total,35689,0,3373094.0,0,2018,7,2018-07-01,2018-07-01,2018-08-31,sensitivity
NJ,total,34061,0,3373094.0,0,2018,9,2018-09-01,2018-09-01,2018-10-31,sensitivity
NJ,total,32105,0,3373094.0,0,2018,11,2018-11-01,2018-11-01,2018-12-31,sensitivity
NJ,total,30417,0,3331750.0,0,2019,1,2019-01-01,2019-01-01,2019-02-28,sensitivity
NJ,total,31766,0,3331750.0,0,2019,3,2019-03-01,2019-03-01,2019-04-30,sensitivity
NJ,total,33258,0,3331750.0,0,2019,5,2019-05-01,2019-05-01,2019-06-30,sensitivity
NJ,total,35501,0,3331750.0,0,2019,7,2019-07-01,2019-07-01,2019-08-31,sensitivity
NJ,total,34365,0,3331750.0,0,2019,9,2019-09-01,2019-09-01,2019-10-31,sensitivity
NJ,total,31847,0,3331750.0,0,2019,11,2019-11-01,2019-11-01,2019-12-31,sensitivity
NJ,total,31092,0,3349490.0,0,2020,1,2020-01-01,2020-01-01,2020-02-29,sensitivity
NJ,total,31658,0,3349490.0,0,2020,3,2020-03-01,2020-03-01,2020-04-30,sensitivity
NJ,total,33318,0,3349490.0,0,2020,5,2020-05-01,2020-05-01,2020-06-30,sensitivity
NJ,total,34332,0,3349490.0,0,2020,7,2020-07-01,2020-07-01,2020-08-31,sensitivity
NJ,total,32780,0,3349490.0,0,2020,9,2020-09-01,2020-09-01,2020-10-31,sensitivity
NJ,total,30384,0,3349490.0,0,2020,11,2020-11-01,2020-11-01,2020-12-31,sensitivity
NJ,total,28768,0,3496826.0,0,2021,1,2021-01-01,2021-01-01,2021-02-28,sensitivity
NJ,total,33217,0,3496826.0,0,2021,3,2021-03-01,2021-03-01,2021-04-30,sensitivity
NJ,total,33905,0,3496826.0,0,2021,5,2021-05-01,2021-05-01,2021-06-30,sensitivity
NJ,total,36174,0,3496826.0,0,2021,7,2021-07-01,2021-07-01,2021-08-31,sensitivity
NJ,total,35249,0,3496826.0,0,2021,9,2021-09-01,2021-09-01,2021-10-31,sensitivity
NJ,total,33101,0,3496826.0,0,2021,11,2021-11-01,2021-11-01,2021-12-31,sensitivity
NJ,total,31522,0,3513440.0,0,2022,1,2022-01-01,2022-01-01,2022-02-28,sensitivity
NJ,total,33408,0,3513440.0,0,2022,3,2022-03-01,2022-03-01,2022-04-30,sensitivity
NJ,total,33650,0,3513440.0,0,2022,5,2022-05-01,2022-05-01,2022-06-30,sensitivity
NJ,total,36491,0,3513440.0,0,2022,7,2022-07-01,2022-07-01,2022-08-31,sensitivity
NJ,total,34283,0,3513440.0,0,2022,9,2022-09-01,2022-09-01,2022-10-31,sensitivity
NJ,total,34556,0,3513440.0,0,2022,11,2022-11-01,2022-11-01,2022-12-31,sensitivity
NJ,total,31480,0,3520628.0,0,2023,1,2023-01-01,2023-01-01,2023-02-28,sensitivity
NJ,total,31778,0,3520628.0,0,2023,3,2023-03-01,2023-03-01,2023-04-30,sensitivity
NJ,total,34115,0,3520628.0,0,2023,5,2023-05-01,2023-05-01,2023-06-30,sensitivity
NJ,total,35423,0,3520628.0,0,2023,7,2023-07-01,2023-07-01,2023-08-31,sensitivity
NJ,total,34140,0,3520628.0,0,2023,9,2023-09-01,2023-09-01,2023-10-31,sensitivity
NJ,total,32786,0,3520628.0,0,2023,11,2023-11-01,2023-11-01,2023-12-31,sensitivity
NM,total,8065,0,792960.0,0,2016,1,2016-01-01,2016-01-01,2016-02-29,sensitivity
NM,total,7947,0,792960.0,0,2016,3,2016-03-01,2016-03-01,2016-04-30,sensitivity
NM,total,8142,0,792960.0,0,2016,5,2016-05-01,2016-05-01,2016-06-30,sensitivity
NM,total,8712,0,792960.0,0,2016,7,2016-07-01,2016-07-01,2016-08-31,sensitivity
NM,total,8406,0,792960.0,0,2016,9,2016-09-01,2016-09-01,2016-10-31,sensitivity
NM,total,7879,0,792960.0,0,2016,11,2016-11-01,2016-11-01,2016-12-31,sensitivity
NM,total,7619,0,798452.0,0,2017,1,2017-01-01,2017-01-01,2017-02-28,sensitivity
NM,total,7693,0,798452.0,0,2017,3,2017-03-01,2017-03-01,2017-04-30,sensitivity
NM,total,7797,0,798452.0,0,2017,5,2017-05-01,2017-05-01,2017-06-30,sensitivity
NM,total,8550,0,798452.0,0,2017,7,2017-07-01,2017-07-01,2017-08-31,sensitivity
NM,total,8167,0,798452.0,0,2017,9,2017-09-01,2017-09-01,2017-10-31,sensitivity
NM,total,7487,0,798452.0,0,2017,11,2017-11-01,2017-11-01,2017-12-31,sensitivity
NM,total,7192,0,793354.0,0,2018,1,2018-01-01,2018-01-01,2018-02-28,sensitivity
NM,total,7234,0,793354.0,0,2018,3,2018-03-01,2018-03-01,2018-04-30,sensitivity
NM,total,7524,0,793354.0,0,2018,5,2018-05-01,2018-05-01,2018-06-30,sensitivity
NM,total,8210,0,793354.0,0,2018,7,2018-07-01,2018-07-01,2018-08-31,sensitivity
NM,total,8181,0,793354.0,0,2018,9,2018-09-01,2018-09-01,2018-10-31,sensitivity
NM,total,7532,0,793354.0,0,2018,11,2018-11-01,2018-11-01,2018-12-31,sensitivity
NM,total,6980,0,798856.0,0,2019,1,2019-01-01,2019-01-01,2019-02-28,sensitivity
NM,total,7367,0,798856.0,0,2019,3,2019-03-01,2019-03-01,2019-04-30,sensitivity
NM,total,7659,0,798856.0,0,2019,5,2019-05-01,2019-05-01,2019-06-30,sensitivity
NM,total,8292,0,798856.0,0,2019,7,2019-07-01,2019-07-01,2019-08-31,sensitivity
NM,total,7988,0,798856.0,0,2019,9,2019-09-01,2019-09-01,2019-10-31,sensitivity
NM,total,7438,0,798856.0,0,2019,11,2019-11-01,2019-11-01,2019-12-31,sensitivity
NM,total,7056,0,798538.0,0,2020,1,2020-01-01,2020-01-01,2020-02-29,sensitivity
NM,total,7215,0,798538.0,0,2020,3,2020-03-01,2020-03-01,2020-04-30,sensitivity
NM,total,7166,0,798538.0,0,2020,5,2020-05-01,2020-05-01,2020-06-30,sensitivity
NM,total,7858,0,798538.0,0,2020,7,2020-07-01,2020-07-01,2020-08-31,sensitivity
NM,total,7575,0,798538.0,0,2020,9,2020-09-01,2020-09-01,2020-10-31,sensitivity
NM,total,6785,0,798538.0,0,2020,11,2020-11-01,2020-11-01,2020-12-31,sensitivity
NM,total,6460,0,802818.0,0,2021,1,2021-01-01,2021-01-01,2021-02-28,sensitivity
NM,total,6905,0,802818.0,0,2021,3,2021-03-01,2021-03-01,2021-04-30,sensitivity
NM,total,7100,0,802818.0,0,2021,5,2021-05-01,2021-05-01,2021-06-30,sensitivity
NM,total,7463,0,802818.0,0,2021,7,2021-07-01,2021-07-01,2021-08-31,sensitivity
NM,total,7432,0,802818.0,0,2021,9,2021-09-01,2021-09-01,2021-10-31,sensitivity
NM,total,7271,0,802818.0,0,2021,11,2021-11-01,2021-11-01,2021-12-31,sensitivity
NM,total,6572,0,813744.0,0,2022,1,2022-01-01,2022-01-01,2022-02-28,sensitivity
NM,total,7002,0,813744.0,0,2022,3,2022-03-01,2022-03-01,2022-04-30,sensitivity
NM,total,6951,0,813744.0,0,2022,5,2022-05-01,2022-05-01,2022-06-30,sensitivity
NM,total,8057,0,813744.0,0,2022,7,2022-07-01,2022-07-01,2022-08-31,sensitivity
NM,total,7261,0,813744.0,0,2022,9,2022-09-01,2022-09-01,2022-10-31,sensitivity
NM,total,7153,0,813744.0,0,2022,11,2022-11-01,2022-11-01,2022-12-31,sensitivity
NM,total,6659,0,805266.0,0,2023,1,2023-01-01,2023-01-01,2023-02-28,sensitivity
NM,total,6797,0,805266.0,0,2023,3,2023-03-01,2023-03-01,2023-04-30,sensitivity
NM,total,7036,0,805266.0,0,2023,5,2023-05-01,2023-05-01,2023-06-30,sensitivity
NM,total,7489,0,805266.0,0,2023,7,2023-07-01,2023-07-01,2023-08-31,sensitivity
NM,total,6821,0,805266.0,0,2023,9,2023-09-01,2023-09-01,2023-10-31,sensitivity
NM,total,6897,0,805266.0,0,2023,11,2023-11-01,2023-11-01,2023-12-31,sensitivity
NV,total,11414,0,1166604.0,0,2016,1,2016-01-01,2016-01-01,2016-02-29,sensitivity
NV,total,11521,0,1166604.0,0,2016,3,2016-03-01,2016-03-01,2016-04-30,sensitivity
NV,total,12072,0,1166604.0,0,2016,5,2016-05-01,2016-05-01,2016-06-30,sensitivity
NV,total,12819,0,1166604.0,0,2016,7,2016-07-01,2016-07-01,2016-08-31,sensitivity
NV,total,12562,0,1166604.0,0,2016,9,2016-09-01,2016-09-01,2016-10-31,sensitivity
NV,total,11783,0,1166604.0,0,2016,11,2016-11-01,2016-11-01,2016-12-31,sensitivity
NV,total,11221,0,1184968.0,0,2017,1,2017-01-01,2017-01-01,2017-02-28,sensitivity
NV,total,11196,0,1184968.0,0,2017,3,2017-03-01,2017-03-01,2017-04-30,sensitivity
NV,total,12064,0,1184968.0,0,2017,5,2017-05-01,2017-05-01,2017-06-30,sensitivity
NV,total,12410,0,1184968.0,0,2017,7,2017-07-01,2017-07-01,2017-08-31,sensitivity
NV,total,12418,0,1184968.0,0,2017,9,2017-09-01,2017-09-01,2017-10-31,sensitivity
NV,total,11697,0,1184968.0,0,2017,11,2017-11-01,2017-11-01,2017-12-31,sensitivity
NV,total,11075,0,1186346.0,0,2018,1,2018-01-01,2018-01-01,2018-02-28,sensitivity
NV,total,11316,0,1186346.0,0,2018,3,2018-03-01,2018-03-01,2018-04-30,sensitivity
NV,total,11855,0,1186346.0,0,2018,5,2018-05-01,2018-05-01,2018-06-30,sensitivity
NV,total,12801,0,1186346.0,0,2018,7,2018-07-01,2018-07-01,2018-08-31,sensitivity
NV,total,12005,0,1186346.0,0,2018,9,2018-09-01,2018-09-01,2018-10-31,sensitivity
NV,total,11867,0,1186346.0,0,2018,11,2018-11-01,2018-11-01,2018-12-31,sensitivity
NV,total,11048,0,1205734.0,0,2019,1,2019-01-01,2019-01-01,2019-02-28,sensitivity
NV,total,10920,0,1205734.0,0,2019,3,2019-03-01,2019-03-01,2019-04-30,sensitivity
NV,total,11394,0,1205734.0,0,2019,5,2019-05-01,2019-05-01,2019-06-30,sensitivity
NV,total,12737,0,1205734.0,0,2019,7,2019-07-01,2019-07-01,2019-08-31,sensitivity
NV,total,12212,0,1205734.0,0,2019,9,2019-09-01,2019-09-01,2019-10-31,sensitivity
NV,total,11368,0,1205734.0,0,2019,11,2019-11-01,2019-11-01,2019-12-31,sensitivity
NV,total,10701,0,1186974.0,0,2020,1,2020-01-01,2020-01-01,2020-02-29,sensitivity
NV,total,10940,0,1186974.0,0,2020,3,2020-03-01,2020-03-01,2020-04-30,sensitivity
NV,total,10905,0,1186974.0,0,2020,5,2020-05-01,2020-05-01,2020-06-30,sensitivity
NV,total,11962,0,1186974.0,0,2020,7,2020-07-01,2020-07-01,2020-08-31,sensitivity
NV,total,11586,0,1186974.0,0,2020,9,2020-09-01,2020-09-01,2020-10-31,sensitivity
NV,total,10816,0,1186974.0,0,2020,11,2020-11-01,2020-11-01,2020-12-31,sensitivity
NV,total,9946,0,1233876.0,0,2021,1,2021-01-01,2021-01-01,2021-02-28,sensitivity
NV,total,10690,0,1233876.0,0,2021,3,2021-03-01,2021-03-01,2021-04-30,sensitivity
NV,total,11247,0,1233876.0,0,2021,5,2021-05-01,2021-05-01,2021-06-30,sensitivity
NV,total,12071,0,1233876.0,0,2021,7,2021-07-01,2021-07-01,2021-08-31,sensitivity
NV,total,11697,0,1233876.0,0,2021,9,2021-09-01,2021-09-01,2021-10-31,sensitivity
NV,total,11313,0,1233876.0,0,2021,11,2021-11-01,2021-11-01,2021-12-31,sensitivity
NV,total,10443,0,1256044.0,0,2022,1,2022-01-01,2022-01-01,2022-02-28,sensitivity
NV,total,10507,0,1256044.0,0,2022,3,2022-03-01,2022-03-01,2022-04-30,sensitivity
NV,total,10561,0,1256044.0,0,2022,5,2022-05-01,2022-05-01,2022-06-30,sensitivity
NV,total,11799,0,1256044.0,0,2022,7,2022-07-01,2022-07-01,2022-08-31,sensitivity
NV,total,11328,0,1256044.0,0,2022,9,2022-09-01,2022-09-01,2022-10-31,sensitivity
NV,total,11337,0,1256044.0,0,2022,11,2022-11-01,2022-11-01,2022-12-31,sensitivity
NV,total,10268,0,1252712.0,0,2023,1,2023-01-01,2023-01-01,2023-02-28,sensitivity
NV,total,10050,0,1252712.0,0,2023,3,2023-03-01,2023-03-01,2023-04-30,sensitivity
NV,total,10317,0,1252712.0,0,2023,5,2023-05-01,2023-05-01,2023-06-30,sensitivity
NV,total,10998,0,1252712.0,0,2023,7,2023-07-01,2023-07-01,2023-08-31,sensitivity
NV,total,10843,0,1252712.0,0,2023,9,2023-09-01,2023-09-01,2023-10-31,sensitivity
NV,total,10684,0,1252712.0,0,2023,11,2023-11-01,2023-11-01,2023-12-31,sensitivity
NY,total,73562,0,8010560.0,0,2016,1,2016-01-01,2016-01-01,2016-02-29,sensitivity
NY,total,75234,0,8010560.0,0,2016,3,2016-03-01,2016-03-01,2016-04-30,sensitivity
NY,total,77958,0,8010560.0,0,2016,5,2016-05-01,2016-05-01,2016-06-30,sensitivity
NY,total,82276,0,8010560.0,0,2016,7,2016-07-01,2016-07-01,2016-08-31,sensitivity
NY,total,78170,0,8010560.0,0,2016,9,2016-09-01,2016-09-01,2016-10-31,sensitivity
NY,total,74861,0,8010560.0,0,2016,11,2016-11-01,2016-11-01,2016-12-31,sensitivity
NY,total,71010,0,7989414.0,0,2017,1,2017-01-01,2017-01-01,2017-02-28,sensitivity
NY,total,73940,0,7989414.0,0,2017,3,2017-03-01,2017-03-01,2017-04-30,sensitivity
NY,total,76870,0,7989414.0,0,2017,5,2017-05-01,2017-05-01,2017-06-30,sensitivity
NY,total,80902,0,7989414.0,0,2017,7,2017-07-01,2017-07-01,2017-08-31,sensitivity
NY,total,78089,0,7989414.0,0,2017,9,2017-09-01,2017-09-01,2017-10-31,sensitivity
NY,total,74314,0,7989414.0,0,2017,11,2017-11-01,2017-11-01,2017-12-31,sensitivity
NY,total,70848,0,7826450.0,0,2018,1,2018-01-01,2018-01-01,2018-02-28,sensitivity
NY,total,72631,0,7826450.0,0,2018,3,2018-03-01,2018-03-01,2018-04-30,sensitivity
NY,total,76916,0,7826450.0,0,2018,5,2018-05-01,2018-05-01,2018-06-30,sensitivity
NY,total,78970,0,7826450.0,0,2018,7,2018-07-01,2018-07-01,2018-08-31,sensitivity
NY,total,75504,0,7826450.0,0,2018,9,2018-09-01,2018-09-01,2018-10-31,sensitivity
NY,total,72652,0,7826450.0,0,2018,11,2018-11-01,2018-11-01,2018-12-31,sensitivity
NY,total,68443,0,7758478.0,0,2019,1,2019-01-01,2019-01-01,2019-02-28,sensitivity
NY,total,71035,0,7758478.0,0,2019,3,2019-03-01,2019-03-01,2019-04-30,sensitivity
NY,total,73997,0,7758478.0,0,2019,5,2019-05-01,2019-05-01,2019-06-30,sensitivity
NY,total,79014,0,7758478.0,0,2019,7,2019-07-01,2019-07-01,2019-08-31,sensitivity
NY,total,75247,0,7758478.0,0,2019,9,2019-09-01,2019-09-01,2019-10-31,sensitivity
NY,total,71015,0,7758478.0,0,2019,11,2019-11-01,2019-11-01,2019-12-31,sensitivity
NY,total,68567,0,7793044.0,0,2020,1,2020-01-01,2020-01-01,2020-02-29,sensitivity
NY,total,69025,0,7793044.0,0,2020,3,2020-03-01,2020-03-01,2020-04-30,sensitivity
NY,total,71184,0,7793044.0,0,2020,5,2020-05-01,2020-05-01,2020-06-30,sensitivity
NY,total,72871,0,7793044.0,0,2020,7,2020-07-01,2020-07-01,2020-08-31,sensitivity
NY,total,70063,0,7793044.0,0,2020,9,2020-09-01,2020-09-01,2020-10-31,sensitivity
NY,total,62391,0,7793044.0,0,2020,11,2020-11-01,2020-11-01,2020-12-31,sensitivity
NY,total,60212,0,7797388.0,0,2021,1,2021-01-01,2021-01-01,2021-02-28,sensitivity
NY,total,69387,0,7797388.0,0,2021,3,2021-03-01,2021-03-01,2021-04-30,sensitivity
NY,total,71769,0,7797388.0,0,2021,5,2021-05-01,2021-05-01,2021-06-30,sensitivity
NY,total,74456,0,7797388.0,0,2021,7,2021-07-01,2021-07-01,2021-08-31,sensitivity
NY,total,72336,0,7797388.0,0,2021,9,2021-09-01,2021-09-01,2021-10-31,sensitivity
NY,total,68856,0,7797388.0,0,2021,11,2021-11-01,2021-11-01,2021-12-31,sensitivity
NY,total,63860,0,7758846.0,0,2022,1,2022-01-01,2022-01-01,2022-02-28,sensitivity
NY,total,66959,0,7758846.0,0,2022,3,2022-03-01,2022-03-01,2022-04-30,sensitivity
NY,total,69379,0,7758846.0,0,2022,5,2022-05-01,2022-05-01,2022-06-30,sensitivity
NY,total,73049,0,7758846.0,0,2022,7,2022-07-01,2022-07-01,2022-08-31,sensitivity
NY,total,69234,0,7758846.0,0,2022,9,2022-09-01,2022-09-01,2022-10-31,sensitivity
NY,total,69166,0,7758846.0,0,2022,11,2022-11-01,2022-11-01,2022-12-31,sensitivity
NY,total,62145,0,7715954.0,0,2023,1,2023-01-01,2023-01-01,2023-02-28,sensitivity
NY,total,65435,0,7715954.0,0,2023,3,2023-03-01,2023-03-01,2023-04-30,sensitivity
NY,total,68971,0,7715954.0,0,2023,5,2023-05-01,2023-05-01,2023-06-30,sensitivity
NY,total,70862,0,7715954.0,0,2023,7,2023-07-01,2023-07-01,2023-08-31,sensitivity
NY,total,68851,0,7715954.0,0,2023,9,2023-09-01,2023-09-01,2023-10-31,sensitivity
NY,total,66816,0,7715954.0,0,2023,11,2023-11-01,2023-11-01,2023-12-31,sensitivity
OH,total,43005,0,4387134.0,0,2016,1,2016-01-01,2016-01-01,2016-02-29,sensitivity
OH,total,44377,0,4387134.0,0,2016,3,2016-03-01,2016-03-01,2016-04-30,sensitivity
OH,total,46637,0,4387134.0,0,2016,5,2016-05-01,2016-05-01,2016-06-30,sensitivity
OH,total,48920,0,4387134.0,0,2016,7,2016-07-01,2016-07-01,2016-08-31,sensitivity
OH,total,46239,0,4387134.0,0,2016,9,2016-09-01,2016-09-01,2016-10-31,sensitivity
OH,total,43994,0,4387134.0,0,2016,11,2016-11-01,2016-11-01,2016-12-31,sensitivity
OH,total,41822,0,4416460.0,0,2017,1,2017-01-01,2017-01-01,2017-02-28,sensitivity
OH,total,43942,0,4416460.0,0,2017,3,2017-03-01,2017-03-01,2017-04-30,sensitivity
OH,total,45945,0,4416460.0,0,2017,5,2017-05-01,2017-05-01,2017-06-30,sensitivity
OH,total,48481,0,4416460.0,0,2017,7,2017-07-01,2017-07-01,2017-08-31,sensitivity
OH,total,47302,0,4416460.0,0,2017,9,2017-09-01,2017-09-01,2017-10-31,sensitivity
OH,total,43976,0,4416460.0,0,2017,11,2017-11-01,2017-11-01,2017-12-31,sensitivity
OH,total,42353,0,4419902.0,0,2018,1,2018-01-01,2018-01-01,2018-02-28,sensitivity
OH,total,43814,0,4419902.0,0,2018,3,2018-03-01,2018-03-01,2018-04-30,sensitivity
OH,total,45758,0,4419902.0,0,2018,5,2018-05-01,2018-05-01,2018-06-30,sensitivity
OH,total,47720,0,4419902.0,0,2018,7,2018-07-01,2018-07-01,2018-08-31,sensitivity
OH,total,45511,0,4419902.0,0,2018,9,2018-09-01,2018-09-01,2018-10-31,sensitivity
OH,total,43102,0,4419902.0,0,2018,11,2018-11-01,2018-11-01,2018-12-31,sensitivity
OH,total,42162,0,4421760.0,0,2019,1,2019-01-01,2019-01-01,2019-02-28,sensitivity
OH,total,43036,0,4421760.0,0,2019,3,2019-03-01,2019-03-01,2019-04-30,sensitivity
OH,total,44889,0,4421760.0,0,2019,5,2019-05-01,2019-05-01,2019-06-30,sensitivity
OH,total,48485,0,4421760.0,0,2019,7,2019-07-01,2019-07-01,2019-08-31,sensitivity
OH,total,46545,0,4421760.0,0,2019,9,2019-09-01,2019-09-01,2019-10-31,sensitivity
OH,total,42396,0,4421760.0,0,2019,11,2019-11-01,2019-11-01,2019-12-31,sensitivity
OH,total,41465,0,4418792.0,0,2020,1,2020-01-01,2020-01-01,2020-02-29,sensitivity
OH,total,41903,0,4418792.0,0,2020,3,2020-03-01,2020-03-01,2020-04-30,sensitivity
OH,total,43775,0,4418792.0,0,2020,5,2020-05-01,2020-05-01,2020-06-30,sensitivity
OH,total,46157,0,4418792.0,0,2020,7,2020-07-01,2020-07-01,2020-08-31,sensitivity
OH,total,43505,0,4418792.0,0,2020,9,2020-09-01,2020-09-01,2020-10-31,sensitivity
OH,total,40333,0,4418792.0,0,2020,11,2020-11-01,2020-11-01,2020-12-31,sensitivity
OH,total,39030,0,4482792.0,0,2021,1,2021-01-01,2021-01-01,2021-02-28,sensitivity
OH,total,42426,0,4482792.0,0,2021,3,2021-03-01,2021-03-01,2021-04-30,sensitivity
OH,total,44028,0,4482792.0,0,2021,5,2021-05-01,2021-05-01,2021-06-30,sensitivity
OH,total,46192,0,4482792.0,0,2021,7,2021-07-01,2021-07-01,2021-08-31,sensitivity
OH,total,44710,0,4482792.0,0,2021,9,2021-09-01,2021-09-01,2021-10-31,sensitivity
OH,total,42063,0,4482792.0,0,2021,11,2021-11-01,2021-11-01,2021-12-31,sensitivity
OH,total,38763,0,4472562.0,0,2022,1,2022-01-01,2022-01-01,2022-02-28,sensitivity
OH,total,42052,0,4472562.0,0,2022,3,2022-03-01,2022-03-01,2022-04-30,sensitivity
OH,total,42897,0,4472562.0,0,2022,5,2022-05-01,2022-05-01,2022-06-30,sensitivity
OH,total,45567,0,4472562.0,0,2022,7,2022-07-01,2022-07-01,2022-08-31,sensitivity
OH,total,42462,0,4472562.0,0,2022,9,2022-09-01,2022-09-01,2022-10-31,sensitivity
OH,total,43391,0,4472562.0,0,2022,11,2022-11-01,2022-11-01,2022-12-31,sensitivity
OH,total,40406,0,4494258.0,0,2023,1,2023-01-01,2023-01-01,2023-02-28,sensitivity
OH,total,41836,0,4494258.0,0,2023,3,2023-03-01,2023-03-01,2023-04-30,sensitivity
OH,total,42447,0,4494258.0,0,2023,5,2023-05-01,2023-05-01,2023-06-30,sensitivity
OH,total,44380,0,4494258.0,0,2023,7,2023-07-01,2023-07-01,2023-08-31,sensitivity
OH,total,42855,0,4494258.0,0,2023,9,2023-09-01,2023-09-01,2023-10-31,sensitivity
OH,total,40527,0,4494258.0,0,2023,11,2023-11-01,2023-11-01,2023-12-31,sensitivity
OK,total,17070,0,1544010.0,1,2016,1,2016-01-01,2016-01-01,2016-02-29,sensitivity
OK,total,16970,0,1544010.0,1,2016,3,2016-03-01,2016-03-01,2016-04-30,sensitivity
OK,total,17367,0,1544010.0,1,2016,5,2016-05-01,2016-05-01,2016-06-30,sensitivity
OK,total,18494,0,1544010.0,1,2016,7,2016-07-01,2016-07-01,2016-08-31,sensitivity
OK,total,17898,0,1544010.0,1,2016,9,2016-09-01,2016-09-01,2016-10-31,sensitivity
OK,total,17049,0,1544010.0,1,2016,11,2016-11-01,2016-11-01,2016-12-31,sensitivity
OK,total,15600,0,1538852.0,1,2017,1,2017-01-01,2017-01-01,2017-02-28,sensitivity
OK,total,15830,0,1538852.0,1,2017,3,2017-03-01,2017-03-01,2017-04-30,sensitivity
OK,total,17049,0,1538852.0,1,2017,5,2017-05-01,2017-05-01,2017-06-30,sensitivity
OK,total,17798,0,1538852.0,1,2017,7,2017-07-01,2017-07-01,2017-08-31,sensitivity
OK,total,17483,0,1538852.0,1,2017,9,2017-09-01,2017-09-01,2017-10-31,sensitivity
OK,total,16328,0,1538852.0,1,2017,11,2017-11-01,2017-11-01,2017-12-31,sensitivity
OK,total,15920,0,1549500.0,1,2018,1,2018-01-01,2018-01-01,2018-02-28,sensitivity
OK,total,15997,0,1549500.0,1,2018,3,2018-03-01,2018-03-01,2018-04-30,sensitivity
OK,total,16438,0,1549500.0,1,2018,5,2018-05-01,2018-05-01,2018-06-30,sensitivity
OK,total,17789,0,1549500.0,1,2018,7,2018-07-01,2018-07-01,2018-08-31,sensitivity
OK,total,16997,0,1549500.0,1,2018,9,2018-09-01,2018-09-01,2018-10-31,sensitivity
OK,total,16184,0,1549500.0,1,2018,11,2018-11-01,2018-11-01,2018-12-31,sensitivity
OK,total,15433,0,1568106.0,1,2019,1,2019-01-01,2019-01-01,2019-02-28,sensitivity
OK,total,15639,0,1568106.0,1,2019,3,2019-03-01,2019-03-01,2019-04-30,sensitivity
OK,total,16004,0,1568106.0,1,2019,5,2019-05-01,2019-05-01,2019-06-30,sensitivity
OK,total,17615,0,1568106.0,1,2019,7,2019-07-01,2019-07-01,2019-08-31,sensitivity
OK,total,17182,0,1568106.0,1,2019,9,2019-09-01,2019-09-01,2019-10-31,sensitivity
OK,total,16111,0,1568106.0,1,2019,11,2019-11-01,2019-11-01,2019-12-31,sensitivity
OK,total,15428,0,1546098.0,1,2020,1,2020-01-01,2020-01-01,2020-02-29,sensitivity
OK,total,15703,0,1546098.0,1,2020,3,2020-03-01,2020-03-01,2020-04-30,sensitivity
OK,total,15459,0,1546098.0,1,2020,5,2020-05-01,2020-05-01,2020-06-30,sensitivity
OK,total,16711,0,1546098.0,1,2020,7,2020-07-01,2020-07-01,2020-08-31,sensitivity
OK,total,16294,0,1546098.0,1,2020,9,2020-09-01,2020-09-01,2020-10-31,sensitivity
OK,total,15339,0,1546098.0,1,2020,11,2020-11-01,2020-11-01,2020-12-31,sensitivity
OK,total,14480,0,1589100.0,1,2021,1,2021-01-01,2021-01-01,2021-02-28,sensitivity
OK,total,15608,0,1589100.0,1,2021,3,2021-03-01,2021-03-01,2021-04-30,sensitivity
OK,total,16204,0,1589100.0,1,2021,5,2021-05-01,2021-05-01,2021-06-30,sensitivity
OK,total,17231,0,1589100.0,1,2021,7,2021-07-01,2021-07-01,2021-08-31,sensitivity
OK,total,16564,0,1589100.0,1,2021,9,2021-09-01,2021-09-01,2021-10-31,sensitivity
OK,total,16385,0,1589100.0,1,2021,11,2021-11-01,2021-11-01,2021-12-31,sensitivity
OK,total,15060,0,1607402.0,1,2022,1,2022-01-01,2022-01-01,2022-02-28,sensitivity
OK,total,15501,0,1607402.0,1,2022,3,2022-03-01,2022-03-01,2022-04-30,sensitivity
OK,total,15410,0,1607402.0,1,2022,5,2022-05-01,2022-05-01,2022-06-30,sensitivity
OK,total,17602,0,1607402.0,1,2022,7,2022-07-01,2022-07-01,2022-08-31,sensitivity
OK,total,16003,0,1607402.0,1,2022,9,2022-09-01,2022-09-01,2022-10-31,sensitivity
OK,total,16786,1,1607402.0,1,2022,11,2022-11-01,2022-11-01,2022-12-31,sensitivity
OK,total,15361,1,1639130.0,1,2023,1,2023-01-01,2023-01-01,2023-02-28,sensitivity
OK,total,15222,1,1639130.0,1,2023,3,2023-03-01,2023-03-01,2023-04-30,sensitivity
OK,total,16066,1,1639130.0,1,2023,5,2023-05-01,2023-05-01,2023-06-30,sensitivity
OK,total,16695,1,1639130.0,1,2023,7,2023-07-01,2023-07-01,2023-08-31,sensitivity
OK,total,16083,1,1639130.0,1,2023,9,2023-09-01,2023-09-01,2023-10-31,sensitivity
OK,total,16092,1,1639130.0,1,2023,11,2023-11-01,2023-11-01,2023-12-31,sensitivity
OR,total,14410,0,1595786.0,0,2016,1,2016-01-01,2016-01-01,2016-02-29,sensitivity
OR,total,15136,0,1595786.0,0,2016,3,2016-03-01,2016-03-01,2016-04-30,sensitivity
OR,total,15325,0,1595786.0,0,2016,5,2016-05-01,2016-05-01,2016-06-30,sensitivity
OR,total,16114,0,1595786.0,0,2016,7,2016-07-01,2016-07-01,2016-08-31,sensitivity
OR,total,15187,0,1595786.0,0,2016,9,2016-09-01,2016-09-01,2016-10-31,sensitivity
OR,total,14367,0,1595786.0,0,2016,11,2016-11-01,2016-11-01,2016-12-31,sensitivity
OR,total,13419,0,1618892.0,0,2017,1,2017-01-01,2017-01-01,2017-02-28,sensitivity
OR,total,14356,0,1618892.0,0,2017,3,2017-03-01,2017-03-01,2017-04-30,sensitivity
OR,total,15157,0,1618892.0,0,2017,5,2017-05-01,2017-05-01,2017-06-30,sensitivity
OR,total,15308,0,1618892.0,0,2017,7,2017-07-01,2017-07-01,2017-08-31,sensitivity
OR,total,14672,0,1618892.0,0,2017,9,2017-09-01,2017-09-01,2017-10-31,sensitivity
OR,total,13771,0,1618892.0,0,2017,11,2017-11-01,2017-11-01,2017-12-31,sensitivity
OR,total,13169,0,1650054.0,0,2018,1,2018-01-01,2018-01-01,2018-02-28,sensitivity
OR,total,13827,0,1650054.0,0,2018,3,2018-03-01,2018-03-01,2018-04-30,sensitivity
OR,total,14516,0,1650054.0,0,2018,5,2018-05-01,2018-05-01,2018-06-30,sensitivity
OR,total,15177,0,1650054.0,0,2018,7,2018-07-01,2018-07-01,2018-08-31,sensitivity
OR,total,13866,0,1650054.0,0,2018,9,2018-09-01,2018-09-01,2018-10-31,sensitivity
OR,total,13214,0,1650054.0,0,2018,11,2018-11-01,2018-11-01,2018-12-31,sensitivity
OR,total,13276,0,1664388.0,0,2019,1,2019-01-01,2019-01-01,2019-02-28,sensitivity
OR,total,13945,0,1664388.0,0,2019,3,2019-03-01,2019-03-01,2019-04-30,sensitivity
OR,total,14353,0,1664388.0,0,2019,5,2019-05-01,2019-05-01,2019-06-30,sensitivity
OR,total,14655,0,1664388.0,0,2019,7,2019-07-01,2019-07-01,2019-08-31,sensitivity
OR,total,13823,0,1664388.0,0,2019,9,2019-09-01,2019-09-01,2019-10-31,sensitivity
OR,total,13104,0,1664388.0,0,2019,11,2019-11-01,2019-11-01,2019-12-31,sensitivity
OR,total,12591,0,1642528.0,0,2020,1,2020-01-01,2020-01-01,2020-02-29,sensitivity
OR,total,13422,0,1642528.0,0,2020,3,2020-03-01,2020-03-01,2020-04-30,sensitivity
OR,total,13719,0,1642528.0,0,2020,5,2020-05-01,2020-05-01,2020-06-30,sensitivity
OR,total,14128,0,1642528.0,0,2020,7,2020-07-01,2020-07-01,2020-08-31,sensitivity
OR,total,13137,0,1642528.0,0,2020,9,2020-09-01,2020-09-01,2020-10-31,sensitivity
OR,total,12103,0,1642528.0,0,2020,11,2020-11-01,2020-11-01,2020-12-31,sensitivity
OR,total,11847,0,1661544.0,0,2021,1,2021-01-01,2021-01-01,2021-02-28,sensitivity
OR,total,13466,0,1661544.0,0,2021,3,2021-03-01,2021-03-01,2021-04-30,sensitivity
OR,total,14029,0,1661544.0,0,2021,5,2021-05-01,2021-05-01,2021-06-30,sensitivity
OR,total,14606,0,1661544.0,0,2021,7,2021-07-01,2021-07-01,2021-08-31,sensitivity
OR,total,14022,0,1661544.0,0,2021,9,2021-09-01,2021-09-01,2021-10-31,sensitivity
OR,total,13197,0,1661544.0,0,2021,11,2021-11-01,2021-11-01,2021-12-31,sensitivity
OR,total,11839,0,1660658.0,0,2022,1,2022-01-01,2022-01-01,2022-02-28,sensitivity
OR,total,12676,0,1660658.0,0,2022,3,2022-03-01,2022-03-01,2022-04-30,sensitivity
OR,total,12928,0,1660658.0,0,2022,5,2022-05-01,2022-05-01,2022-06-30,sensitivity
OR,total,13425,0,1660658.0,0,2022,7,2022-07-01,2022-07-01,2022-08-31,sensitivity
OR,total,12795,0,1660658.0,0,2022,9,2022-09-01,2022-09-01,2022-10-31,sensitivity
OR,total,12870,0,1660658.0,0,2022,11,2022-11-01,2022-11-01,2022-12-31,sensitivity
OR,total,11485,0,1679778.0,0,2023,1,2023-01-01,2023-01-01,2023-02-28,sensitivity
OR,total,12155,0,1679778.0,0,2023,3,2023-03-01,2023-03-01,2023-04-30,sensitivity
OR,total,12842,0,1679778.0,0,2023,5,2023-05-01,2023-05-01,2023-06-30,sensitivity
OR,total,13307,0,1679778.0,0,2023,7,2023-07-01,2023-07-01,2023-08-31,sensitivity
OR,total,12833,0,1679778.0,0,2023,9,2023-09-01,2023-09-01,2023-10-31,sensitivity
OR,total,12511,0,1679778.0,0,2023,11,2023-11-01,2023-11-01,2023-12-31,sensitivity
PA,total,42986,0,4788478.0,0,2016,1,2016-01-01,2016-01-01,2016-02-29,sensitivity
PA,total,45530,0,4788478.0,0,2016,3,2016-03-01,2016-03-01,2016-04-30,sensitivity
PA,total,47033,0,4788478.0,0,2016,5,2016-05-01,2016-05-01,2016-06-30,sensitivity
PA,total,49272,0,4788478.0,0,2016,7,2016-07-01,2016-07-01,2016-08-31,sensitivity
PA,total,46625,0,4788478.0,0,2016,9,2016-09-01,2016-09-01,2016-10-31,sensitivity
PA,total,44081,0,4788478.0,0,2016,11,2016-11-01,2016-11-01,2016-12-31,sensitivity
PA,total,42123,0,4759864.0,0,2017,1,2017-01-01,2017-01-01,2017-02-28,sensitivity
PA,total,44126,0,4759864.0,0,2017,3,2017-03-01,2017-03-01,2017-04-30,sensitivity
PA,total,45886,0,4759864.0,0,2017,5,2017-05-01,2017-05-01,2017-06-30,sensitivity
PA,total,48646,0,4759864.0,0,2017,7,2017-07-01,2017-07-01,2017-08-31,sensitivity
PA,total,47804,0,4759864.0,0,2017,9,2017-09-01,2017-09-01,2017-10-31,sensitivity
PA,total,43686,0,4759864.0,0,2017,11,2017-11-01,2017-11-01,2017-12-31,sensitivity
PA,total,41532,0,4794820.0,0,2018,1,2018-01-01,2018-01-01,2018-02-28,sensitivity
PA,total,43792,0,4794820.0,0,2018,3,2018-03-01,2018-03-01,2018-04-30,sensitivity
PA,total,46168,0,4794820.0,0,2018,5,2018-05-01,2018-05-01,2018-06-30,sensitivity
PA,total,47693,0,4794820.0,0,2018,7,2018-07-01,2018-07-01,2018-08-31,sensitivity
PA,total,45917,0,4794820.0,0,2018,9,2018-09-01,2018-09-01,2018-10-31,sensitivity
PA,total,42891,0,4794820.0,0,2018,11,2018-11-01,2018-11-01,2018-12-31,sensitivity
PA,total,41575,0,4783510.0,0,2019,1,2019-01-01,2019-01-01,2019-02-28,sensitivity
PA,total,43098,0,4783510.0,0,2019,3,2019-03-01,2019-03-01,2019-04-30,sensitivity
PA,total,44097,0,4783510.0,0,2019,5,2019-05-01,2019-05-01,2019-06-30,sensitivity
PA,total,48171,0,4783510.0,0,2019,7,2019-07-01,2019-07-01,2019-08-31,sensitivity
PA,total,46209,0,4783510.0,0,2019,9,2019-09-01,2019-09-01,2019-10-31,sensitivity
PA,total,41895,0,4783510.0,0,2019,11,2019-11-01,2019-11-01,2019-12-31,sensitivity
PA,total,41368,0,4764616.0,0,2020,1,2020-01-01,2020-01-01,2020-02-29,sensitivity
PA,total,42292,0,4764616.0,0,2020,3,2020-03-01,2020-03-01,2020-04-30,sensitivity
PA,total,44144,0,4764616.0,0,2020,5,2020-05-01,2020-05-01,2020-06-30,sensitivity
PA,total,46079,0,4764616.0,0,2020,7,2020-07-01,2020-07-01,2020-08-31,sensitivity
PA,total,43778,0,4764616.0,0,2020,9,2020-09-01,2020-09-01,2020-10-31,sensitivity
PA,total,40598,0,4764616.0,0,2020,11,2020-11-01,2020-11-01,2020-12-31,sensitivity
PA,total,39120,0,4842584.0,0,2021,1,2021-01-01,2021-01-01,2021-02-28,sensitivity
PA,total,43110,0,4842584.0,0,2021,3,2021-03-01,2021-03-01,2021-04-30,sensitivity
PA,total,44632,0,4842584.0,0,2021,5,2021-05-01,2021-05-01,2021-06-30,sensitivity
PA,total,47380,0,4842584.0,0,2021,7,2021-07-01,2021-07-01,2021-08-31,sensitivity
PA,total,44936,0,4842584.0,0,2021,9,2021-09-01,2021-09-01,2021-10-31,sensitivity
PA,total,42406,0,4842584.0,0,2021,11,2021-11-01,2021-11-01,2021-12-31,sensitivity
PA,total,39417,0,4905224.0,0,2022,1,2022-01-01,2022-01-01,2022-02-28,sensitivity
PA,total,42086,0,4905224.0,0,2022,3,2022-03-01,2022-03-01,2022-04-30,sensitivity
PA,total,42939,0,4905224.0,0,2022,5,2022-05-01,2022-05-01,2022-06-30,sensitivity
PA,total,46050,0,4905224.0,0,2022,7,2022-07-01,2022-07-01,2022-08-31,sensitivity
PA,total,43141,0,4905224.0,0,2022,9,2022-09-01,2022-09-01,2022-10-31,sensitivity
PA,total,42556,0,4905224.0,0,2022,11,2022-11-01,2022-11-01,2022-12-31,sensitivity
PA,total,39311,0,4908098.0,0,2023,1,2023-01-01,2023-01-01,2023-02-28,sensitivity
PA,total,40729,0,4908098.0,0,2023,3,2023-03-01,2023-03-01,2023-04-30,sensitivity
PA,total,42177,0,4908098.0,0,2023,5,2023-05-01,2023-05-01,2023-06-30,sensitivity
PA,total,44055,0,4908098.0,0,2023,7,2023-07-01,2023-07-01,2023-08-31,sensitivity
PA,total,42691,0,4908098.0,0,2023,9,2023-09-01,2023-09-01,2023-10-31,sensitivity
PA,total,40673,0,4908098.0,0,2023,11,2023-11-01,2023-11-01,2023-12-31,sensitivity
RI,total,3384,0,418800.0,0,2016,1,2016-01-01,2016-01-01,2016-02-29,sensitivity
RI,total,3571,0,418800.0,0,2016,3,2016-03-01,2016-03-01,2016-04-30,sensitivity
RI,total,3608,0,418800.0,0,2016,5,2016-05-01,2016-05-01,2016-06-30,sensitivity
RI,total,3984,0,418800.0,0,2016,7,2016-07-01,2016-07-01,2016-08-31,sensitivity
RI,total,3556,0,418800.0,0,2016,9,2016-09-01,2016-09-01,2016-10-31,sensitivity
RI,total,3363,0,418800.0,0,2016,11,2016-11-01,2016-11-01,2016-12-31,sensitivity
RI,total,3191,0,424834.0,0,2017,1,2017-01-01,2017-01-01,2017-02-28,sensitivity
RI,total,3390,0,424834.0,0,2017,3,2017-03-01,2017-03-01,2017-04-30,sensitivity
RI,total,3521,0,424834.0,0,2017,5,2017-05-01,2017-05-01,2017-06-30,sensitivity
RI,total,3893,0,424834.0,0,2017,7,2017-07-01,2017-07-01,2017-08-31,sensitivity
RI,total,3689,0,424834.0,0,2017,9,2017-09-01,2017-09-01,2017-10-31,sensitivity
RI,total,3426,0,424834.0,0,2017,11,2017-11-01,2017-11-01,2017-12-31,sensitivity
RI,total,3275,0,419770.0,0,2018,1,2018-01-01,2018-01-01,2018-02-28,sensitivity
RI,total,3532,0,419770.0,0,2018,3,2018-03-01,2018-03-01,2018-04-30,sensitivity
RI,total,3509,0,419770.0,0,2018,5,2018-05-01,2018-05-01,2018-06-30,sensitivity
RI,total,3747,0,419770.0,0,2018,7,2018-07-01,2018-07-01,2018-08-31,sensitivity
RI,total,3587,0,419770.0,0,2018,9,2018-09-01,2018-09-01,2018-10-31,sensitivity
RI,total,3242,0,419770.0,0,2018,11,2018-11-01,2018-11-01,2018-12-31,sensitivity
RI,total,3237,0,410554.0,0,2019,1,2019-01-01,2019-01-01,2019-02-28,sensitivity
RI,total,3231,0,410554.0,0,2019,3,2019-03-01,2019-03-01,2019-04-30,sensitivity
RI,total,3484,0,410554.0,0,2019,5,2019-05-01,2019-05-01,2019-06-30,sensitivity
RI,total,3496,0,410554.0,0,2019,7,2019-07-01,2019-07-01,2019-08-31,sensitivity
RI,total,3594,0,410554.0,0,2019,9,2019-09-01,2019-09-01,2019-10-31,sensitivity
RI,total,3199,0,410554.0,0,2019,11,2019-11-01,2019-11-01,2019-12-31,sensitivity
RI,total,3267,0,416774.0,0,2020,1,2020-01-01,2020-01-01,2020-02-29,sensitivity
RI,total,3356,0,416774.0,0,2020,3,2020-03-01,2020-03-01,2020-04-30,sensitivity
RI,total,3440,0,416774.0,0,2020,5,2020-05-01,2020-05-01,2020-06-30,sensitivity
RI,total,3697,0,416774.0,0,2020,7,2020-07-01,2020-07-01,2020-08-31,sensitivity
RI,total,3318,0,416774.0,0,2020,9,2020-09-01,2020-09-01,2020-10-31,sensitivity
RI,total,3009,0,416774.0,0,2020,11,2020-11-01,2020-11-01,2020-12-31,sensitivity
RI,total,2844,0,432614.0,0,2021,1,2021-01-01,2021-01-01,2021-02-28,sensitivity
RI,total,3482,0,432614.0,0,2021,3,2021-03-01,2021-03-01,2021-04-30,sensitivity
RI,total,3631,0,432614.0,0,2021,5,2021-05-01,2021-05-01,2021-06-30,sensitivity
RI,total,3872,0,432614.0,0,2021,7,2021-07-01,2021-07-01,2021-08-31,sensitivity
RI,total,3649,0,432614.0,0,2021,9,2021-09-01,2021-09-01,2021-10-31,sensitivity
RI,total,3351,0,432614.0,0,2021,11,2021-11-01,2021-11-01,2021-12-31,sensitivity
RI,total,3198,0,432714.0,0,2022,1,2022-01-01,2022-01-01,2022-02-28,sensitivity
RI,total,3268,0,432714.0,0,2022,3,2022-03-01,2022-03-01,2022-04-30,sensitivity
RI,total,3454,0,432714.0,0,2022,5,2022-05-01,2022-05-01,2022-06-30,sensitivity
RI,total,3686,0,432714.0,0,2022,7,2022-07-01,2022-07-01,2022-08-31,sensitivity
RI,total,3429,0,432714.0,0,2022,9,2022-09-01,2022-09-01,2022-10-31,sensitivity
RI,total,3300,0,432714.0,0,2022,11,2022-11-01,2022-11-01,2022-12-31,sensitivity
RI,total,2942,0,434446.0,0,2023,1,2023-01-01,2023-01-01,2023-02-28,sensitivity
RI,total,3125,0,434446.0,0,2023,3,2023-03-01,2023-03-01,2023-04-30,sensitivity
RI,total,3454,0,434446.0,0,2023,5,2023-05-01,2023-05-01,2023-06-30,sensitivity
RI,total,3485,0,434446.0,0,2023,7,2023-07-01,2023-07-01,2023-08-31,sensitivity
RI,total,3232,0,434446.0,0,2023,9,2023-09-01,2023-09-01,2023-10-31,sensitivity
RI,total,3164,0,434446.0,0,2023,11,2023-11-01,2023-11-01,2023-12-31,sensitivity
SC,total,18365,0,1935244.0,0,2016,1,2016-01-01,2016-01-01,2016-02-29,sensitivity
SC,total,18275,0,1935244.0,0,2016,3,2016-03-01,2016-03-01,2016-04-30,sensitivity
SC,total,18940,0,1935244.0,0,2016,5,2016-05-01,2016-05-01,2016-06-30,sensitivity
SC,total,20087,0,1935244.0,0,2016,7,2016-07-01,2016-07-01,2016-08-31,sensitivity
SC,total,19241,0,1935244.0,0,2016,9,2016-09-01,2016-09-01,2016-10-31,sensitivity
SC,total,19174,0,1935244.0,0,2016,11,2016-11-01,2016-11-01,2016-12-31,sensitivity
SC,total,17890,0,1942736.0,0,2017,1,2017-01-01,2017-01-01,2017-02-28,sensitivity
SC,total,18030,0,1942736.0,0,2017,3,2017-03-01,2017-03-01,2017-04-30,sensitivity
SC,total,18573,0,1942736.0,0,2017,5,2017-05-01,2017-05-01,2017-06-30,sensitivity
SC,total,20417,0,1942736.0,0,2017,7,2017-07-01,2017-07-01,2017-08-31,sensitivity
SC,total,19826,0,1942736.0,0,2017,9,2017-09-01,2017-09-01,2017-10-31,sensitivity
SC,total,18817,0,1942736.0,0,2017,11,2017-11-01,2017-11-01,2017-12-31,sensitivity
SC,total,17713,0,1941180.0,0,2018,1,2018-01-01,2018-01-01,2018-02-28,sensitivity
SC,total,18220,0,1941180.0,0,2018,3,2018-03-01,2018-03-01,2018-04-30,sensitivity
SC,total,18365,0,1941180.0,0,2018,5,2018-05-01,2018-05-01,2018-06-30,sensitivity
SC,total,19874,0,1941180.0,0,2018,7,2018-07-01,2018-07-01,2018-08-31,sensitivity
SC,total,19497,0,1941180.0,0,2018,9,2018-09-01,2018-09-01,2018-10-31,sensitivity
SC,total,19085,0,1941180.0,0,2018,11,2018-11-01,2018-11-01,2018-12-31,sensitivity
SC,total,18275,0,1980642.0,0,2019,1,2019-01-01,2019-01-01,2019-02-28,sensitivity
SC,total,18012,0,1980642.0,0,2019,3,2019-03-01,2019-03-01,2019-04-30,sensitivity
SC,total,18431,0,1980642.0,0,2019,5,2019-05-01,2019-05-01,2019-06-30,sensitivity
SC,total,20622,0,1980642.0,0,2019,7,2019-07-01,2019-07-01,2019-08-31,sensitivity
SC,total,19680,0,1980642.0,0,2019,9,2019-09-01,2019-09-01,2019-10-31,sensitivity
SC,total,18474,0,1980642.0,0,2019,11,2019-11-01,2019-11-01,2019-12-31,sensitivity
SC,total,17878,0,1954908.0,0,2020,1,2020-01-01,2020-01-01,2020-02-29,sensitivity
SC,total,18019,0,1954908.0,0,2020,3,2020-03-01,2020-03-01,2020-04-30,sensitivity
SC,total,18110,0,1954908.0,0,2020,5,2020-05-01,2020-05-01,2020-06-30,sensitivity
SC,total,19400,0,1954908.0,0,2020,7,2020-07-01,2020-07-01,2020-08-31,sensitivity
SC,total,19162,0,1954908.0,0,2020,9,2020-09-01,2020-09-01,2020-10-31,sensitivity
SC,total,18241,0,1954908.0,0,2020,11,2020-11-01,2020-11-01,2020-12-31,sensitivity
SC,total,17492,0,1997888.0,0,2021,1,2021-01-01,2021-01-01,2021-02-28,sensitivity
SC,total,18057,0,1997888.0,0,2021,3,2021-03-01,2021-03-01,2021-04-30,sensitivity
SC,total,18660,0,1997888.0,0,2021,5,2021-05-01,2021-05-01,2021-06-30,sensitivity
SC,total,20537,0,1997888.0,0,2021,7,2021-07-01,2021-07-01,2021-08-31,sensitivity
SC,total,19776,0,1997888.0,0,2021,9,2021-09-01,2021-09-01,2021-10-31,sensitivity
SC,total,19214,0,1997888.0,0,2021,11,2021-11-01,2021-11-01,2021-12-31,sensitivity
SC,total,17936,0,2029506.0,0,2022,1,2022-01-01,2022-01-01,2022-02-28,sensitivity
SC,total,18767,0,2029506.0,0,2022,3,2022-03-01,2022-03-01,2022-04-30,sensitivity
SC,total,18414,0,2029506.0,0,2022,5,2022-05-01,2022-05-01,2022-06-30,sensitivity
SC,total,21015,0,2029506.0,0,2022,7,2022-07-01,2022-07-01,2022-08-31,sensitivity
SC,total,19008,0,2029506.0,0,2022,9,2022-09-01,2022-09-01,2022-10-31,sensitivity
SC,total,19914,0,2029506.0,0,2022,11,2022-11-01,2022-11-01,2022-12-31,sensitivity
SC,total,18147,0,2078534.0,0,2023,1,2023-01-01,2023-01-01,2023-02-28,sensitivity
SC,total,18323,0,2078534.0,0,2023,3,2023-03-01,2023-03-01,2023-04-30,sensitivity
SC,total,19308,0,2078534.0,0,2023,5,2023-05-01,2023-05-01,2023-06-30,sensitivity
SC,total,19849,0,2078534.0,0,2023,7,2023-07-01,2023-07-01,2023-08-31,sensitivity
SC,total,19947,0,2078534.0,0,2023,9,2023-09-01,2023-09-01,2023-10-31,sensitivity
SC,total,19322,0,2078534.0,0,2023,11,2023-11-01,2023-11-01,2023-12-31,sensitivity
SD,total,3817,0,314968.0,1,2016,1,2016-01-01,2016-01-01,2016-02-29,sensitivity
SD,total,4052,0,314968.0,1,2016,3,2016-03-01,2016-03-01,2016-04-30,sensitivity
SD,total,4077,0,314968.0,1,2016,5,2016-05-01,2016-05-01,2016-06-30,sensitivity
SD,total,4321,0,314968.0,1,2016,7,2016-07-01,2016-07-01,2016-08-31,sensitivity
SD,total,4170,0,314968.0,1,2016,9,2016-09-01,2016-09-01,2016-10-31,sensitivity
SD,total,4064,0,314968.0,1,2016,11,2016-11-01,2016-11-01,2016-12-31,sensitivity
SD,total,3738,0,317616.0,1,2017,1,2017-01-01,2017-01-01,2017-02-28,sensitivity
SD,total,3934,0,317616.0,1,2017,3,2017-03-01,2017-03-01,2017-04-30,sensitivity
SD,total,4261,0,317616.0,1,2017,5,2017-05-01,2017-05-01,2017-06-30,sensitivity
SD,total,4409,0,317616.0,1,2017,7,2017-07-01,2017-07-01,2017-08-31,sensitivity
SD,total,4106,0,317616.0,1,2017,9,2017-09-01,2017-09-01,2017-10-31,sensitivity
SD,total,3765,0,317616.0,1,2017,11,2017-11-01,2017-11-01,2017-12-31,sensitivity
SD,total,3703,0,340880.0,1,2018,1,2018-01-01,2018-01-01,2018-02-28,sensitivity
SD,total,4087,0,340880.0,1,2018,3,2018-03-01,2018-03-01,2018-04-30,sensitivity
SD,total,4175,0,340880.0,1,2018,5,2018-05-01,2018-05-01,2018-06-30,sensitivity
SD,total,4044,0,340880.0,1,2018,7,2018-07-01,2018-07-01,2018-08-31,sensitivity
SD,total,4008,0,340880.0,1,2018,9,2018-09-01,2018-09-01,2018-10-31,sensitivity
SD,total,3697,0,340880.0,1,2018,11,2018-11-01,2018-11-01,2018-12-31,sensitivity
SD,total,3575,0,325232.0,1,2019,1,2019-01-01,2019-01-01,2019-02-28,sensitivity
SD,total,3734,0,325232.0,1,2019,3,2019-03-01,2019-03-01,2019-04-30,sensitivity
SD,total,4029,0,325232.0,1,2019,5,2019-05-01,2019-05-01,2019-06-30,sensitivity
SD,total,4048,0,325232.0,1,2019,7,2019-07-01,2019-07-01,2019-08-31,sensitivity
SD,total,3870,0,325232.0,1,2019,9,2019-09-01,2019-09-01,2019-10-31,sensitivity
SD,total,3563,0,325232.0,1,2019,11,2019-11-01,2019-11-01,2019-12-31,sensitivity
SD,total,3535,0,323070.0,1,2020,1,2020-01-01,2020-01-01,2020-02-29,sensitivity
SD,total,3690,0,323070.0,1,2020,3,2020-03-01,2020-03-01,2020-04-30,sensitivity
SD,total,3787,0,323070.0,1,2020,5,2020-05-01,2020-05-01,2020-06-30,sensitivity
SD,total,3831,0,323070.0,1,2020,7,2020-07-01,2020-07-01,2020-08-31,sensitivity
SD,total,3646,0,323070.0,1,2020,9,2020-09-01,2020-09-01,2020-10-31,sensitivity
SD,total,3375,0,323070.0,1,2020,11,2020-11-01,2020-11-01,2020-12-31,sensitivity
SD,total,3434,0,332840.0,1,2021,1,2021-01-01,2021-01-01,2021-02-28,sensitivity
SD,total,3867,0,332840.0,1,2021,3,2021-03-01,2021-03-01,2021-04-30,sensitivity
SD,total,3949,0,332840.0,1,2021,5,2021-05-01,2021-05-01,2021-06-30,sensitivity
SD,total,3923,0,332840.0,1,2021,7,2021-07-01,2021-07-01,2021-08-31,sensitivity
SD,total,3911,0,332840.0,1,2021,9,2021-09-01,2021-09-01,2021-10-31,sensitivity
SD,total,3574,0,332840.0,1,2021,11,2021-11-01,2021-11-01,2021-12-31,sensitivity
SD,total,3245,0,331776.0,1,2022,1,2022-01-01,2022-01-01,2022-02-28,sensitivity
SD,total,3826,0,331776.0,1,2022,3,2022-03-01,2022-03-01,2022-04-30,sensitivity
SD,total,3985,0,331776.0,1,2022,5,2022-05-01,2022-05-01,2022-06-30,sensitivity
SD,total,3936,0,331776.0,1,2022,7,2022-07-01,2022-07-01,2022-08-31,sensitivity
SD,total,3705,0,331776.0,1,2022,9,2022-09-01,2022-09-01,2022-10-31,sensitivity
SD,total,3649,0,331776.0,1,2022,11,2022-11-01,2022-11-01,2022-12-31,sensitivity
SD,total,3466,1,348572.0,1,2023,1,2023-01-01,2023-01-01,2023-02-28,sensitivity
SD,total,3647,1,348572.0,1,2023,3,2023-03-01,2023-03-01,2023-04-30,sensitivity
SD,total,3969,1,348572.0,1,2023,5,2023-05-01,2023-05-01,2023-06-30,sensitivity
SD,total,3979,1,348572.0,1,2023,7,2023-07-01,2023-07-01,2023-08-31,sensitivity
SD,total,3677,1,348572.0,1,2023,9,2023-09-01,2023-09-01,2023-10-31,sensitivity
SD,total,3595,1,348572.0,1,2023,11,2023-11-01,2023-11-01,2023-12-31,sensitivity
TN,total,25365,0,2604172.0,1,2016,1,2016-01-01,2016-01-01,2016-02-29,sensitivity
TN,total,25951,0,2604172.0,1,2016,3,2016-03-01,2016-03-01,2016-04-30,sensitivity
TN,total,26816,0,2604172.0,1,2016,5,2016-05-01,2016-05-01,2016-06-30,sensitivity
TN,total,28398,0,2604172.0,1,2016,7,2016-07-01,2016-07-01,2016-08-31,sensitivity
TN,total,27697,0,2604172.0,1,2016,9,2016-09-01,2016-09-01,2016-10-31,sensitivity
TN,total,26365,0,2604172.0,1,2016,11,2016-11-01,2016-11-01,2016-12-31,sensitivity
TN,total,25541,0,2634800.0,1,2017,1,2017-01-01,2017-01-01,2017-02-28,sensitivity
TN,total,25155,0,2634800.0,1,2017,3,2017-03-01,2017-03-01,2017-04-30,sensitivity
TN,total,26420,0,2634800.0,1,2017,5,2017-05-01,2017-05-01,2017-06-30,sensitivity
TN,total,29048,0,2634800.0,1,2017,7,2017-07-01,2017-07-01,2017-08-31,sensitivity
TN,total,28306,0,2634800.0,1,2017,9,2017-09-01,2017-09-01,2017-10-31,sensitivity
TN,total,26521,0,2634800.0,1,2017,11,2017-11-01,2017-11-01,2017-12-31,sensitivity
TN,total,25357,0,2647804.0,1,2018,1,2018-01-01,2018-01-01,2018-02-28,sensitivity
TN,total,26085,0,2647804.0,1,2018,3,2018-03-01,2018-03-01,2018-04-30,sensitivity
TN,total,26543,0,2647804.0,1,2018,5,2018-05-01,2018-05-01,2018-06-30,sensitivity
TN,total,28488,0,2647804.0,1,2018,7,2018-07-01,2018-07-01,2018-08-31,sensitivity
TN,total,27470,0,2647804.0,1,2018,9,2018-09-01,2018-09-01,2018-10-31,sensitivity
TN,total,26321,0,2647804.0,1,2018,11,2018-11-01,2018-11-01,2018-12-31,sensitivity
TN,total,25345,0,2668030.0,1,2019,1,2019-01-01,2019-01-01,2019-02-28,sensitivity
TN,total,25237,0,2668030.0,1,2019,3,2019-03-01,2019-03-01,2019-04-30,sensitivity
TN,total,26244,0,2668030.0,1,2019,5,2019-05-01,2019-05-01,2019-06-30,sensitivity
TN,total,28683,0,2668030.0,1,2019,7,2019-07-01,2019-07-01,2019-08-31,sensitivity
TN,total,28096,0,2668030.0,1,2019,9,2019-09-01,2019-09-01,2019-10-31,sensitivity
TN,total,26254,0,2668030.0,1,2019,11,2019-11-01,2019-11-01,2019-12-31,sensitivity
TN,total,25088,0,2650448.0,1,2020,1,2020-01-01,2020-01-01,2020-02-29,sensitivity
TN,total,25066,0,2650448.0,1,2020,3,2020-03-01,2020-03-01,2020-04-30,sensitivity
TN,total,26053,0,2650448.0,1,2020,5,2020-05-01,2020-05-01,2020-06-30,sensitivity
TN,total,27653,0,2650448.0,1,2020,7,2020-07-01,2020-07-01,2020-08-31,sensitivity
TN,total,26874,0,2650448.0,1,2020,9,2020-09-01,2020-09-01,2020-10-31,sensitivity
TN,total,26019,0,2650448.0,1,2020,11,2020-11-01,2020-11-01,2020-12-31,sensitivity
TN,total,24675,0,2741652.0,1,2021,1,2021-01-01,2021-01-01,2021-02-28,sensitivity
TN,total,26228,0,2741652.0,1,2021,3,2021-03-01,2021-03-01,2021-04-30,sensitivity
TN,total,26783,0,2741652.0,1,2021,5,2021-05-01,2021-05-01,2021-06-30,sensitivity
TN,total,28916,0,2741652.0,1,2021,7,2021-07-01,2021-07-01,2021-08-31,sensitivity
TN,total,28611,0,2741652.0,1,2021,9,2021-09-01,2021-09-01,2021-10-31,sensitivity
TN,total,27522,0,2741652.0,1,2021,11,2021-11-01,2021-11-01,2021-12-31,sensitivity
TN,total,25656,0,2781042.0,1,2022,1,2022-01-01,2022-01-01,2022-02-28,sensitivity
TN,total,26610,0,2781042.0,1,2022,3,2022-03-01,2022-03-01,2022-04-30,sensitivity
TN,total,26288,0,2781042.0,1,2022,5,2022-05-01,2022-05-01,2022-06-30,sensitivity
TN,total,29177,0,2781042.0,1,2022,7,2022-07-01,2022-07-01,2022-08-31,sensitivity
TN,total,27820,0,2781042.0,1,2022,9,2022-09-01,2022-09-01,2022-10-31,sensitivity
TN,total,28260,0,2781042.0,1,2022,11,2022-11-01,2022-11-01,2022-12-31,sensitivity
TN,total,26525,0,2816302.0,1,2023,1,2023-01-01,2023-01-01,2023-02-28,sensitivity
TN,total,26264,1,2816302.0,1,2023,3,2023-03-01,2023-03-01,2023-04-30,sensitivity
TN,total,27528,1,2816302.0,1,2023,5,2023-05-01,2023-05-01,2023-06-30,sensitivity
TN,total,29786,1,2816302.0,1,2023,7,2023-07-01,2023-07-01,2023-08-31,sensitivity
TN,total,27952,1,2816302.0,1,2023,9,2023-09-01,2023-09-01,2023-10-31,sensitivity
TN,total,27350,1,2816302.0,1,2023,11,2023-11-01,2023-11-01,2023-12-31,sensitivity
TX,total,124769,0,11647002.0,0,2016,1,2016-01-01,2016-01-01,2016-02-29,sensitivity
TX,total,126678,0,11647002.0,0,2016,3,2016-03-01,2016-03-01,2016-04-30,sensitivity
TX,total,130150,0,11647002.0,0,2016,5,2016-05-01,2016-05-01,2016-06-30,sensitivity
TX,total,140422,0,11647002.0,0,2016,7,2016-07-01,2016-07-01,2016-08-31,sensitivity
TX,total,138139,0,11647002.0,0,2016,9,2016-09-01,2016-09-01,2016-10-31,sensitivity
TX,total,132869,0,11647002.0,0,2016,11,2016-11-01,2016-11-01,2016-12-31,sensitivity
TX,total,119910,0,11809474.0,0,2017,1,2017-01-01,2017-01-01,2017-02-28,sensitivity
TX,total,119420,0,11809474.0,0,2017,3,2017-03-01,2017-03-01,2017-04-30,sensitivity
TX,total,124999,0,11809474.0,0,2017,5,2017-05-01,2017-05-01,2017-06-30,sensitivity
TX,total,134727,0,11809474.0,0,2017,7,2017-07-01,2017-07-01,2017-08-31,sensitivity
TX,total,134412,0,11809474.0,0,2017,9,2017-09-01,2017-09-01,2017-10-31,sensitivity
TX,total,127668,0,11809474.0,0,2017,11,2017-11-01,2017-11-01,2017-12-31,sensitivity
TX,total,120375,0,11957724.0,0,2018,1,2018-01-01,2018-01-01,2018-02-28,sensitivity
TX,total,118600,0,11957724.0,0,2018,3,2018-03-01,2018-03-01,2018-04-30,sensitivity
TX,total,123999,0,11957724.0,0,2018,5,2018-05-01,2018-05-01,2018-06-30,sensitivity
TX,total,133804,0,11957724.0,0,2018,7,2018-07-01,2018-07-01,2018-08-31,sensitivity
TX,total,131886,0,11957724.0,0,2018,9,2018-09-01,2018-09-01,2018-10-31,sensitivity
TX,total,125387,0,11957724.0,0,2018,11,2018-11-01,2018-11-01,2018-12-31,sensitivity
TX,total,118457,0,12073230.0,0,2019,1,2019-01-01,2019-01-01,2019-02-28,sensitivity
TX,total,117469,0,12073230.0,0,2019,3,2019-03-01,2019-03-01,2019-04-30,sensitivity
TX,total,122502,0,12073230.0,0,2019,5,2019-05-01,2019-05-01,2019-06-30,sensitivity
TX,total,135655,0,12073230.0,0,2019,7,2019-07-01,2019-07-01,2019-08-31,sensitivity
TX,total,132812,0,12073230.0,0,2019,9,2019-09-01,2019-09-01,2019-10-31,sensitivity
TX,total,125172,0,12073230.0,0,2019,11,2019-11-01,2019-11-01,2019-12-31,sensitivity
TX,total,119484,0,11948568.0,0,2020,1,2020-01-01,2020-01-01,2020-02-29,sensitivity
TX,total,118163,0,11948568.0,0,2020,3,2020-03-01,2020-03-01,2020-04-30,sensitivity
TX,total,117780,0,11948568.0,0,2020,5,2020-05-01,2020-05-01,2020-06-30,sensitivity
TX,total,129839,0,11948568.0,0,2020,7,2020-07-01,2020-07-01,2020-08-31,sensitivity
TX,total,128280,0,11948568.0,0,2020,9,2020-09-01,2020-09-01,2020-10-31,sensitivity
TX,total,119886,0,11948568.0,0,2020,11,2020-11-01,2020-11-01,2020-12-31,sensitivity
TX,total,109968,0,12302172.0,0,2021,1,2021-01-01,2021-01-01,2021-02-28,sensitivity
TX,total,117398,0,12302172.0,0,2021,3,2021-03-01,2021-03-01,2021-04-30,sensitivity
TX,total,120413,0,12302172.0,0,2021,5,2021-05-01,2021-05-01,2021-06-30,sensitivity
TX,total,133134,0,12302172.0,0,2021,7,2021-07-01,2021-07-01,2021-08-31,sensitivity
TX,total,132483,0,12302172.0,0,2021,9,2021-09-01,2021-09-01,2021-10-31,sensitivity
TX,total,130290,0,12302172.0,0,2021,11,2021-11-01,2021-11-01,2021-12-31,sensitivity
TX,total,119781,0,12587234.0,0,2022,1,2022-01-01,2022-01-01,2022-02-28,sensitivity
TX,total,123450,1,12587234.0,0,2022,3,2022-03-01,2022-03-01,2022-04-30,sensitivity
TX,total,124548,1,12587234.0,0,2022,5,2022-05-01,2022-05-01,2022-06-30,sensitivity
TX,total,139172,1,12587234.0,0,2022,7,2022-07-01,2022-07-01,2022-08-31,sensitivity
TX,total,132944,1,12587234.0,0,2022,9,2022-09-01,2022-09-01,2022-10-31,sensitivity
TX,total,135090,1,12587234.0,0,2022,11,2022-11-01,2022-11-01,2022-12-31,sensitivity
TX,total,122322,1,12779260.0,0,2023,1,2023-01-01,2023-01-01,2023-02-28,sensitivity
TX,total,119832,1,12779260.0,0,2023,3,2023-03-01,2023-03-01,2023-04-30,sensitivity
TX,total,126987,1,12779260.0,0,2023,5,2023-05-01,2023-05-01,2023-06-30,sensitivity
TX,total,136439,1,12779260.0,0,2023,7,2023-07-01,2023-07-01,2023-08-31,sensitivity
TX,total,134723,1,12779260.0,0,2023,9,2023-09-01,2023-09-01,2023-10-31,sensitivity
TX,total,131208,1,12779260.0,0,2023,11,2023-11-01,2023-11-01,2023-12-31,sensitivity
UT,total,15047,0,1325210.0,0,2016,1,2016-01-01,2016-01-01,2016-02-29,sensitivity
UT,total,17146,0,1325210.0,0,2016,3,2016-03-01,2016-03-01,2016-04-30,sensitivity
UT,total,17483,0,1325210.0,0,2016,5,2016-05-01,2016-05-01,2016-06-30,sensitivity
UT,total,17978,0,1325210.0,0,2016,7,2016-07-01,2016-07-01,2016-08-31,sensitivity
UT,total,16674,0,1325210.0,0,2016,9,2016-09-01,2016-09-01,2016-10-31,sensitivity
UT,total,15165,0,1325210.0,0,2016,11,2016-11-01,2016-11-01,2016-12-31,sensitivity
UT,total,14617,0,1356310.0,0,2017,1,2017-01-01,2017-01-01,2017-02-28,sensitivity
UT,total,16222,0,1356310.0,0,2017,3,2017-03-01,2017-03-01,2017-04-30,sensitivity
UT,total,17332,0,1356310.0,0,2017,5,2017-05-01,2017-05-01,2017-06-30,sensitivity
UT,total,17341,0,1356310.0,0,2017,7,2017-07-01,2017-07-01,2017-08-31,sensitivity
UT,total,15968,0,1356310.0,0,2017,9,2017-09-01,2017-09-01,2017-10-31,sensitivity
UT,total,14961,0,1356310.0,0,2017,11,2017-11-01,2017-11-01,2017-12-31,sensitivity
UT,total,14345,0,1381760.0,0,2018,1,2018-01-01,2018-01-01,2018-02-28,sensitivity
UT,total,15565,0,1381760.0,0,2018,3,2018-03-01,2018-03-01,2018-04-30,sensitivity
UT,total,16126,0,1381760.0,0,2018,5,2018-05-01,2018-05-01,2018-06-30,sensitivity
UT,total,16856,0,1381760.0,0,2018,7,2018-07-01,2018-07-01,2018-08-31,sensitivity
UT,total,15778,0,1381760.0,0,2018,9,2018-09-01,2018-09-01,2018-10-31,sensitivity
UT,total,14348,0,1381760.0,0,2018,11,2018-11-01,2018-11-01,2018-12-31,sensitivity
UT,total,14238,0,1412998.0,0,2019,1,2019-01-01,2019-01-01,2019-02-28,sensitivity
UT,total,15097,0,1412998.0,0,2019,3,2019-03-01,2019-03-01,2019-04-30,sensitivity
UT,total,15958,0,1412998.0,0,2019,5,2019-05-01,2019-05-01,2019-06-30,sensitivity
UT,total,16682,0,1412998.0,0,2019,7,2019-07-01,2019-07-01,2019-08-31,sensitivity
UT,total,15758,0,1412998.0,0,2019,9,2019-09-01,2019-09-01,2019-10-31,sensitivity
UT,total,13858,0,1412998.0,0,2019,11,2019-11-01,2019-11-01,2019-12-31,sensitivity
UT,total,14222,0,1377220.0,0,2020,1,2020-01-01,2020-01-01,2020-02-29,sensitivity
UT,total,15566,0,1377220.0,0,2020,3,2020-03-01,2020-03-01,2020-04-30,sensitivity
UT,total,15804,0,1377220.0,0,2020,5,2020-05-01,2020-05-01,2020-06-30,sensitivity
UT,total,16308,0,1377220.0,0,2020,7,2020-07-01,2020-07-01,2020-08-31,sensitivity
UT,total,14989,0,1377220.0,0,2020,9,2020-09-01,2020-09-01,2020-10-31,sensitivity
UT,total,13467,0,1377220.0,0,2020,11,2020-11-01,2020-11-01,2020-12-31,sensitivity
UT,total,13431,0,1471282.0,0,2021,1,2021-01-01,2021-01-01,2021-02-28,sensitivity
UT,total,15875,0,1471282.0,0,2021,3,2021-03-01,2021-03-01,2021-04-30,sensitivity
UT,total,16433,0,1471282.0,0,2021,5,2021-05-01,2021-05-01,2021-06-30,sensitivity
UT,total,16516,0,1471282.0,0,2021,7,2021-07-01,2021-07-01,2021-08-31,sensitivity
UT,total,15548,0,1471282.0,0,2021,9,2021-09-01,2021-09-01,2021-10-31,sensitivity
UT,total,14639,0,1471282.0,0,2021,11,2021-11-01,2021-11-01,2021-12-31,sensitivity
UT,total,13775,0,1496320.0,0,2022,1,2022-01-01,2022-01-01,2022-02-28,sensitivity
UT,total,15516,0,1496320.0,0,2022,3,2022-03-01,2022-03-01,2022-04-30,sensitivity
UT,total,15599,0,1496320.0,0,2022,5,2022-05-01,2022-05-01,2022-06-30,sensitivity
UT,total,16131,0,1496320.0,0,2022,7,2022-07-01,2022-07-01,2022-08-31,sensitivity
UT,total,15040,0,1496320.0,0,2022,9,2022-09-01,2022-09-01,2022-10-31,sensitivity
UT,total,14704,0,1496320.0,0,2022,11,2022-11-01,2022-11-01,2022-12-31,sensitivity
UT,total,13867,0,1517640.0,0,2023,1,2023-01-01,2023-01-01,2023-02-28,sensitivity
UT,total,15048,0,1517640.0,0,2023,3,2023-03-01,2023-03-01,2023-04-30,sensitivity
UT,total,15549,0,1517640.0,0,2023,5,2023-05-01,2023-05-01,2023-06-30,sensitivity
UT,total,16051,0,1517640.0,0,2023,7,2023-07-01,2023-07-01,2023-08-31,sensitivity
UT,total,15036,0,1517640.0,0,2023,9,2023-09-01,2023-09-01,2023-10-31,sensitivity
UT,total,13943,0,1517640.0,0,2023,11,2023-11-01,2023-11-01,2023-12-31,sensitivity
VA,total,32270,0,3353624.0,0,2016,1,2016-01-01,2016-01-01,2016-02-29,sensitivity
VA,total,33606,0,3353624.0,0,2016,3,2016-03-01,2016-03-01,2016-04-30,sensitivity
VA,total,34567,0,3353624.0,0,2016,5,2016-05-01,2016-05-01,2016-06-30,sensitivity
VA,total,36033,0,3353624.0,0,2016,7,2016-07-01,2016-07-01,2016-08-31,sensitivity
VA,total,34149,0,3353624.0,0,2016,9,2016-09-01,2016-09-01,2016-10-31,sensitivity
VA,total,32588,0,3353624.0,0,2016,11,2016-11-01,2016-11-01,2016-12-31,sensitivity
VA,total,30435,0,3389212.0,0,2017,1,2017-01-01,2017-01-01,2017-02-28,sensitivity
VA,total,31871,0,3389212.0,0,2017,3,2017-03-01,2017-03-01,2017-04-30,sensitivity
VA,total,33674,0,3389212.0,0,2017,5,2017-05-01,2017-05-01,2017-06-30,sensitivity
VA,total,35553,0,3389212.0,0,2017,7,2017-07-01,2017-07-01,2017-08-31,sensitivity
VA,total,35232,0,3389212.0,0,2017,9,2017-09-01,2017-09-01,2017-10-31,sensitivity
VA,total,32598,0,3389212.0,0,2017,11,2017-11-01,2017-11-01,2017-12-31,sensitivity
VA,total,31209,0,3388566.0,0,2018,1,2018-01-01,2018-01-01,2018-02-28,sensitivity
VA,total,32608,0,3388566.0,0,2018,3,2018-03-01,2018-03-01,2018-04-30,sensitivity
VA,total,33523,0,3388566.0,0,2018,5,2018-05-01,2018-05-01,2018-06-30,sensitivity
VA,total,35241,0,3388566.0,0,2018,7,2018-07-01,2018-07-01,2018-08-31,sensitivity
VA,total,34229,0,3388566.0,0,2018,9,2018-09-01,2018-09-01,2018-10-31,sensitivity
VA,total,31705,0,3388566.0,0,2018,11,2018-11-01,2018-11-01,2018-12-31,sensitivity
VA,total,30207,0,3360592.0,0,2019,1,2019-01-01,2019-01-01,2019-02-28,sensitivity
VA,total,31874,0,3360592.0,0,2019,3,2019-03-01,2019-03-01,2019-04-30,sensitivity
VA,total,31942,0,3360592.0,0,2019,5,2019-05-01,2019-05-01,2019-06-30,sensitivity
VA,total,34695,0,3360592.0,0,2019,7,2019-07-01,2019-07-01,2019-08-31,sensitivity
VA,total,33512,0,3360592.0,0,2019,9,2019-09-01,2019-09-01,2019-10-31,sensitivity
VA,total,31515,0,3360592.0,0,2019,11,2019-11-01,2019-11-01,2019-12-31,sensitivity
VA,total,30563,0,3373808.0,0,2020,1,2020-01-01,2020-01-01,2020-02-29,sensitivity
VA,total,31034,0,3373808.0,0,2020,3,2020-03-01,2020-03-01,2020-04-30,sensitivity
VA,total,31535,0,3373808.0,0,2020,5,2020-05-01,2020-05-01,2020-06-30,sensitivity
VA,total,33565,0,3373808.0,0,2020,7,2020-07-01,2020-07-01,2020-08-31,sensitivity
VA,total,32186,0,3373808.0,0,2020,9,2020-09-01,2020-09-01,2020-10-31,sensitivity
VA,total,29523,0,3373808.0,0,2020,11,2020-11-01,2020-11-01,2020-12-31,sensitivity
VA,total,28315,0,3434456.0,0,2021,1,2021-01-01,2021-01-01,2021-02-28,sensitivity
VA,total,31513,0,3434456.0,0,2021,3,2021-03-01,2021-03-01,2021-04-30,sensitivity
VA,total,32161,0,3434456.0,0,2021,5,2021-05-01,2021-05-01,2021-06-30,sensitivity
VA,total,33774,0,3434456.0,0,2021,7,2021-07-01,2021-07-01,2021-08-31,sensitivity
VA,total,33152,0,3434456.0,0,2021,9,2021-09-01,2021-09-01,2021-10-31,sensitivity
VA,total,31253,0,3434456.0,0,2021,11,2021-11-01,2021-11-01,2021-12-31,sensitivity
VA,total,29586,0,3454802.0,0,2022,1,2022-01-01,2022-01-01,2022-02-28,sensitivity
VA,total,30502,0,3454802.0,0,2022,3,2022-03-01,2022-03-01,2022-04-30,sensitivity
VA,total,31624,0,3454802.0,0,2022,5,2022-05-01,2022-05-01,2022-06-30,sensitivity
VA,total,34496,0,3454802.0,0,2022,7,2022-07-01,2022-07-01,2022-08-31,sensitivity
VA,total,31814,0,3454802.0,0,2022,9,2022-09-01,2022-09-01,2022-10-31,sensitivity
VA,total,31657,0,3454802.0,0,2022,11,2022-11-01,2022-11-01,2022-12-31,sensitivity
VA,total,29179,0,3470402.0,0,2023,1,2023-01-01,2023-01-01,2023-02-28,sensitivity
VA,total,29200,0,3470402.0,0,2023,3,2023-03-01,2023-03-01,2023-04-30,sensitivity
VA,total,31029,0,3470402.0,0,2023,5,2023-05-01,2023-05-01,2023-06-30,sensitivity
VA,total,32460,0,3470402.0,0,2023,7,2023-07-01,2023-07-01,2023-08-31,sensitivity
VA,total,31572,0,3470402.0,0,2023,9,2023-09-01,2023-09-01,2023-10-31,sensitivity
VA,total,30450,0,3470402.0,0,2023,11,2023-11-01,2023-11-01,2023-12-31,sensitivity
VT,total,1726,0,228538.0,0,2016,1,2016-01-01,2016-01-01,2016-02-29,sensitivity
VT,total,1876,0,228538.0,0,2016,3,2016-03-01,2016-03-01,2016-04-30,sensitivity
VT,total,2030,0,228538.0,0,2016,5,2016-05-01,2016-05-01,2016-06-30,sensitivity
VT,total,2145,0,228538.0,0,2016,7,2016-07-01,2016-07-01,2016-08-31,sensitivity
VT,total,1876,0,228538.0,0,2016,9,2016-09-01,2016-09-01,2016-10-31,sensitivity
VT,total,1720,0,228538.0,0,2016,11,2016-11-01,2016-11-01,2016-12-31,sensitivity
VT,total,1732,0,226048.0,0,2017,1,2017-01-01,2017-01-01,2017-02-28,sensitivity
VT,total,1861,0,226048.0,0,2017,3,2017-03-01,2017-03-01,2017-04-30,sensitivity
VT,total,2052,0,226048.0,0,2017,5,2017-05-01,2017-05-01,2017-06-30,sensitivity
VT,total,1979,0,226048.0,0,2017,7,2017-07-01,2017-07-01,2017-08-31,sensitivity
VT,total,1906,0,226048.0,0,2017,9,2017-09-01,2017-09-01,2017-10-31,sensitivity
VT,total,1702,0,226048.0,0,2017,11,2017-11-01,2017-11-01,2017-12-31,sensitivity
VT,total,1600,0,231212.0,0,2018,1,2018-01-01,2018-01-01,2018-02-28,sensitivity
VT,total,1796,0,231212.0,0,2018,3,2018-03-01,2018-03-01,2018-04-30,sensitivity
VT,total,1818,0,231212.0,0,2018,5,2018-05-01,2018-05-01,2018-06-30,sensitivity
VT,total,2030,0,231212.0,0,2018,7,2018-07-01,2018-07-01,2018-08-31,sensitivity
VT,total,1829,0,231212.0,0,2018,9,2018-09-01,2018-09-01,2018-10-31,sensitivity
VT,total,1723,0,231212.0,0,2018,11,2018-11-01,2018-11-01,2018-12-31,sensitivity
VT,total,1622,0,231068.0,0,2019,1,2019-01-01,2019-01-01,2019-02-28,sensitivity
VT,total,1783,0,231068.0,0,2019,3,2019-03-01,2019-03-01,2019-04-30,sensitivity
VT,total,1929,0,231068.0,0,2019,5,2019-05-01,2019-05-01,2019-06-30,sensitivity
VT,total,1891,0,231068.0,0,2019,7,2019-07-01,2019-07-01,2019-08-31,sensitivity
VT,total,1800,0,231068.0,0,2019,9,2019-09-01,2019-09-01,2019-10-31,sensitivity
VT,total,1607,0,231068.0,0,2019,11,2019-11-01,2019-11-01,2019-12-31,sensitivity
VT,total,1599,0,229758.0,0,2020,1,2020-01-01,2020-01-01,2020-02-29,sensitivity
VT,total,1735,0,229758.0,0,2020,3,2020-03-01,2020-03-01,2020-04-30,sensitivity
VT,total,1794,0,229758.0,0,2020,5,2020-05-01,2020-05-01,2020-06-30,sensitivity
VT,total,1900,0,229758.0,0,2020,7,2020-07-01,2020-07-01,2020-08-31,sensitivity
VT,total,1642,0,229758.0,0,2020,9,2020-09-01,2020-09-01,2020-10-31,sensitivity
VT,total,1535,0,229758.0,0,2020,11,2020-11-01,2020-11-01,2020-12-31,sensitivity
VT,total,1511,0,240174.0,0,2021,1,2021-01-01,2021-01-01,2021-02-28,sensitivity
VT,total,1765,0,240174.0,0,2021,3,2021-03-01,2021-03-01,2021-04-30,sensitivity
VT,total,1927,0,240174.0,0,2021,5,2021-05-01,2021-05-01,2021-06-30,sensitivity
VT,total,2087,0,240174.0,0,2021,7,2021-07-01,2021-07-01,2021-08-31,sensitivity
VT,total,1783,0,240174.0,0,2021,9,2021-09-01,2021-09-01,2021-10-31,sensitivity
VT,total,1616,0,240174.0,0,2021,11,2021-11-01,2021-11-01,2021-12-31,sensitivity
VT,total,1602,0,243242.0,0,2022,1,2022-01-01,2022-01-01,2022-02-28,sensitivity
VT,total,1802,0,243242.0,0,2022,3,2022-03-01,2022-03-01,2022-04-30,sensitivity
VT,total,1911,0,243242.0,0,2022,5,2022-05-01,2022-05-01,2022-06-30,sensitivity
VT,total,1880,0,243242.0,0,2022,7,2022-07-01,2022-07-01,2022-08-31,sensitivity
VT,total,1750,0,243242.0,0,2022,9,2022-09-01,2022-09-01,2022-10-31,sensitivity
VT,total,1618,0,243242.0,0,2022,11,2022-11-01,2022-11-01,2022-12-31,sensitivity
VT,total,1486,0,235800.0,0,2023,1,2023-01-01,2023-01-01,2023-02-28,sensitivity
VT,total,1706,0,235800.0,0,2023,3,2023-03-01,2023-03-01,2023-04-30,sensitivity
VT,total,1782,0,235800.0,0,2023,5,2023-05-01,2023-05-01,2023-06-30,sensitivity
VT,total,1797,0,235800.0,0,2023,7,2023-07-01,2023-07-01,2023-08-31,sensitivity
VT,total,1621,0,235800.0,0,2023,9,2023-09-01,2023-09-01,2023-10-31,sensitivity
VT,total,1682,0,235800.0,0,2023,11,2023-11-01,2023-11-01,2023-12-31,sensitivity
WA,total,27783,0,2866924.0,0,2016,1,2016-01-01,2016-01-01,2016-02-29,sensitivity
WA,total,29350,0,2866924.0,0,2016,3,2016-03-01,2016-03-01,2016-04-30,sensitivity
WA,total,30992,0,2866924.0,0,2016,5,2016-05-01,2016-05-01,2016-06-30,sensitivity
WA,total,31604,0,2866924.0,0,2016,7,2016-07-01,2016-07-01,2016-08-31,sensitivity
WA,total,29955,0,2866924.0,0,2016,9,2016-09-01,2016-09-01,2016-10-31,sensitivity
WA,total,27753,0,2866924.0,0,2016,11,2016-11-01,2016-11-01,2016-12-31,sensitivity
WA,total,26763,0,2932890.0,0,2017,1,2017-01-01,2017-01-01,2017-02-28,sensitivity
WA,total,28386,0,2932890.0,0,2017,3,2017-03-01,2017-03-01,2017-04-30,sensitivity
WA,total,29641,0,2932890.0,0,2017,5,2017-05-01,2017-05-01,2017-06-30,sensitivity
WA,total,30314,0,2932890.0,0,2017,7,2017-07-01,2017-07-01,2017-08-31,sensitivity
WA,total,28684,0,2932890.0,0,2017,9,2017-09-01,2017-09-01,2017-10-31,sensitivity
WA,total,27321,0,2932890.0,0,2017,11,2017-11-01,2017-11-01,2017-12-31,sensitivity
WA,total,26349,0,3007886.0,0,2018,1,2018-01-01,2018-01-01,2018-02-28,sensitivity
WA,total,28108,0,3007886.0,0,2018,3,2018-03-01,2018-03-01,2018-04-30,sensitivity
WA,total,28705,0,3007886.0,0,2018,5,2018-05-01,2018-05-01,2018-06-30,sensitivity
WA,total,30463,0,3007886.0,0,2018,7,2018-07-01,2018-07-01,2018-08-31,sensitivity
WA,total,27925,0,3007886.0,0,2018,9,2018-09-01,2018-09-01,2018-10-31,sensitivity
WA,total,26553,0,3007886.0,0,2018,11,2018-11-01,2018-11-01,2018-12-31,sensitivity
WA,total,25745,0,3042568.0,0,2019,1,2019-01-01,2019-01-01,2019-02-28,sensitivity
WA,total,27723,0,3042568.0,0,2019,3,2019-03-01,2019-03-01,2019-04-30,sensitivity
WA,total,28727,0,3042568.0,0,2019,5,2019-05-01,2019-05-01,2019-06-30,sensitivity
WA,total,29995,0,3042568.0,0,2019,7,2019-07-01,2019-07-01,2019-08-31,sensitivity
WA,total,27640,0,3042568.0,0,2019,9,2019-09-01,2019-09-01,2019-10-31,sensitivity
WA,total,25565,0,3042568.0,0,2019,11,2019-11-01,2019-11-01,2019-12-31,sensitivity
WA,total,25985,0,2988740.0,0,2020,1,2020-01-01,2020-01-01,2020-02-29,sensitivity
WA,total,27079,0,2988740.0,0,2020,3,2020-03-01,2020-03-01,2020-04-30,sensitivity
WA,total,27755,0,2988740.0,0,2020,5,2020-05-01,2020-05-01,2020-06-30,sensitivity
WA,total,28870,0,2988740.0,0,2020,7,2020-07-01,2020-07-01,2020-08-31,sensitivity
WA,total,27077,0,2988740.0,0,2020,9,2020-09-01,2020-09-01,2020-10-31,sensitivity
WA,total,25101,0,2988740.0,0,2020,11,2020-11-01,2020-11-01,2020-12-31,sensitivity
WA,total,24424,0,3111426.0,0,2021,1,2021-01-01,2021-01-01,2021-02-28,sensitivity
WA,total,27284,0,3111426.0,0,2021,3,2021-03-01,2021-03-01,2021-04-30,sensitivity
WA,total,28078,0,3111426.0,0,2021,5,2021-05-01,2021-05-01,2021-06-30,sensitivity
WA,total,29243,0,3111426.0,0,2021,7,2021-07-01,2021-07-01,2021-08-31,sensitivity
WA,total,27831,0,3111426.0,0,2021,9,2021-09-01,2021-09-01,2021-10-31,sensitivity
WA,total,26349,0,3111426.0,0,2021,11,2021-11-01,2021-11-01,2021-12-31,sensitivity
WA,total,25066,0,3135746.0,0,2022,1,2022-01-01,2022-01-01,2022-02-28,sensitivity
WA,total,26957,0,3135746.0,0,2022,3,2022-03-01,2022-03-01,2022-04-30,sensitivity
WA,total,27536,0,3135746.0,0,2022,5,2022-05-01,2022-05-01,2022-06-30,sensitivity
WA,total,29134,0,3135746.0,0,2022,7,2022-07-01,2022-07-01,2022-08-31,sensitivity
WA,total,27063,0,3135746.0,0,2022,9,2022-09-01,2022-09-01,2022-10-31,sensitivity
WA,total,26287,0,3135746.0,0,2022,11,2022-11-01,2022-11-01,2022-12-31,sensitivity
WA,total,24514,0,3149200.0,0,2023,1,2023-01-01,2023-01-01,2023-02-28,sensitivity
WA,total,25783,0,3149200.0,0,2023,3,2023-03-01,2023-03-01,2023-04-30,sensitivity
WA,total,27124,0,3149200.0,0,2023,5,2023-05-01,2023-05-01,2023-06-30,sensitivity
WA,total,27769,0,3149200.0,0,2023,7,2023-07-01,2023-07-01,2023-08-31,sensitivity
WA,total,26444,0,3149200.0,0,2023,9,2023-09-01,2023-09-01,2023-10-31,sensitivity
WA,total,26081,0,3149200.0,0,2023,11,2023-11-01,2023-11-01,2023-12-31,sensitivity
WI,total,20482,0,2164586.0,1,2016,1,2016-01-01,2016-01-01,2016-02-29,sensitivity
WI,total,22291,0,2164586.0,1,2016,3,2016-03-01,2016-03-01,2016-04-30,sensitivity
WI,total,22687,0,2164586.0,1,2016,5,2016-05-01,2016-05-01,2016-06-30,sensitivity
WI,total,23771,0,2164586.0,1,2016,7,2016-07-01,2016-07-01,2016-08-31,sensitivity
WI,total,22646,0,2164586.0,1,2016,9,2016-09-01,2016-09-01,2016-10-31,sensitivity
WI,total,20832,0,2164586.0,1,2016,11,2016-11-01,2016-11-01,2016-12-31,sensitivity
WI,total,19946,0,2166312.0,1,2017,1,2017-01-01,2017-01-01,2017-02-28,sensitivity
WI,total,21722,0,2166312.0,1,2017,3,2017-03-01,2017-03-01,2017-04-30,sensitivity
WI,total,22355,0,2166312.0,1,2017,5,2017-05-01,2017-05-01,2017-06-30,sensitivity
WI,total,23101,0,2166312.0,1,2017,7,2017-07-01,2017-07-01,2017-08-31,sensitivity
WI,total,21515,0,2166312.0,1,2017,9,2017-09-01,2017-09-01,2017-10-31,sensitivity
WI,total,20718,0,2166312.0,1,2017,11,2017-11-01,2017-11-01,2017-12-31,sensitivity
WI,total,19686,0,2182002.0,1,2018,1,2018-01-01,2018-01-01,2018-02-28,sensitivity
WI,total,21316,0,2182002.0,1,2018,3,2018-03-01,2018-03-01,2018-04-30,sensitivity
WI,total,21918,0,2182002.0,1,2018,5,2018-05-01,2018-05-01,2018-06-30,sensitivity
WI,total,22972,0,2182002.0,1,2018,7,2018-07-01,2018-07-01,2018-08-31,sensitivity
WI,total,21443,0,2182002.0,1,2018,9,2018-09-01,2018-09-01,2018-10-31,sensitivity
WI,total,20311,0,2182002.0,1,2018,11,2018-11-01,2018-11-01,2018-12-31,sensitivity
WI,total,19538,0,2194628.0,1,2019,1,2019-01-01,2019-01-01,2019-02-28,sensitivity
WI,total,20683,0,2194628.0,1,2019,3,2019-03-01,2019-03-01,2019-04-30,sensitivity
WI,total,21848,0,2194628.0,1,2019,5,2019-05-01,2019-05-01,2019-06-30,sensitivity
WI,total,22769,0,2194628.0,1,2019,7,2019-07-01,2019-07-01,2019-08-31,sensitivity
WI,total,21435,0,2194628.0,1,2019,9,2019-09-01,2019-09-01,2019-10-31,sensitivity
WI,total,19736,0,2194628.0,1,2019,11,2019-11-01,2019-11-01,2019-12-31,sensitivity
WI,total,19333,0,2174754.0,1,2020,1,2020-01-01,2020-01-01,2020-02-29,sensitivity
WI,total,20414,0,2174754.0,1,2020,3,2020-03-01,2020-03-01,2020-04-30,sensitivity
WI,total,21118,0,2174754.0,1,2020,5,2020-05-01,2020-05-01,2020-06-30,sensitivity
WI,total,21436,0,2174754.0,1,2020,7,2020-07-01,2020-07-01,2020-08-31,sensitivity
WI,total,19954,0,2174754.0,1,2020,9,2020-09-01,2020-09-01,2020-10-31,sensitivity
WI,total,18373,0,2174754.0,1,2020,11,2020-11-01,2020-11-01,2020-12-31,sensitivity
WI,total,17846,0,2218770.0,1,2021,1,2021-01-01,2021-01-01,2021-02-28,sensitivity
WI,total,20530,0,2218770.0,1,2021,3,2021-03-01,2021-03-01,2021-04-30,sensitivity
WI,total,21708,0,2218770.0,1,2021,5,2021-05-01,2021-05-01,2021-06-30,sensitivity
WI,total,21795,0,2218770.0,1,2021,7,2021-07-01,2021-07-01,2021-08-31,sensitivity
WI,total,21054,0,2218770.0,1,2021,9,2021-09-01,2021-09-01,2021-10-31,sensitivity
WI,total,19997,0,2218770.0,1,2021,11,2021-11-01,2021-11-01,2021-12-31,sensitivity
WI,total,18301,0,2211436.0,1,2022,1,2022-01-01,2022-01-01,2022-02-28,sensitivity
WI,total,19826,0,2211436.0,1,2022,3,2022-03-01,2022-03-01,2022-04-30,sensitivity
WI,total,20271,0,2211436.0,1,2022,5,2022-05-01,2022-05-01,2022-06-30,sensitivity
WI,total,21395,0,2211436.0,1,2022,7,2022-07-01,2022-07-01,2022-08-31,sensitivity
WI,total,19865,0,2211436.0,1,2022,9,2022-09-01,2022-09-01,2022-10-31,sensitivity
WI,total,19699,0,2211436.0,1,2022,11,2022-11-01,2022-11-01,2022-12-31,sensitivity
WI,total,18283,1,2240116.0,1,2023,1,2023-01-01,2023-01-01,2023-02-28,sensitivity
WI,total,19841,1,2240116.0,1,2023,3,2023-03-01,2023-03-01,2023-04-30,sensitivity
WI,total,20673,1,2240116.0,1,2023,5,2023-05-01,2023-05-01,2023-06-30,sensitivity
WI,total,21160,1,2240116.0,1,2023,7,2023-07-01,2023-07-01,2023-08-31,sensitivity
WI,total,20125,1,2240116.0,1,2023,9,2023-09-01,2023-09-01,2023-10-31,sensitivity
WI,total,18508,1,2240116.0,1,2023,11,2023-11-01,2023-11-01,2023-12-31,sensitivity
WV,total,5986,0,653756.0,1,2016,1,2016-01-01,2016-01-01,2016-02-29,sensitivity
WV,total,6128,0,653756.0,1,2016,3,2016-03-01,2016-03-01,2016-04-30,sensitivity
WV,total,6201,0,653756.0,1,2016,5,2016-05-01,2016-05-01,2016-06-30,sensitivity
WV,total,6871,0,653756.0,1,2016,7,2016-07-01,2016-07-01,2016-08-31,sensitivity
WV,total,6436,0,653756.0,1,2016,9,2016-09-01,2016-09-01,2016-10-31,sensitivity
WV,total,6212,0,653756.0,1,2016,11,2016-11-01,2016-11-01,2016-12-31,sensitivity
WV,total,5972,0,650636.0,1,2017,1,2017-01-01,2017-01-01,2017-02-28,sensitivity
WV,total,5847,0,650636.0,1,2017,3,2017-03-01,2017-03-01,2017-04-30,sensitivity
WV,total,6253,0,650636.0,1,2017,5,2017-05-01,2017-05-01,2017-06-30,sensitivity
WV,total,6745,0,650636.0,1,2017,7,2017-07-01,2017-07-01,2017-08-31,sensitivity
WV,total,6225,0,650636.0,1,2017,9,2017-09-01,2017-09-01,2017-10-31,sensitivity
WV,total,6006,0,650636.0,1,2017,11,2017-11-01,2017-11-01,2017-12-31,sensitivity
WV,total,5935,0,639708.0,1,2018,1,2018-01-01,2018-01-01,2018-02-28,sensitivity
WV,total,5802,0,639708.0,1,2018,3,2018-03-01,2018-03-01,2018-04-30,sensitivity
WV,total,6228,0,639708.0,1,2018,5,2018-05-01,2018-05-01,2018-06-30,sensitivity
WV,total,6504,0,639708.0,1,2018,7,2018-07-01,2018-07-01,2018-08-31,sensitivity
WV,total,6037,0,639708.0,1,2018,9,2018-09-01,2018-09-01,2018-10-31,sensitivity
WV,total,5731,0,639708.0,1,2018,11,2018-11-01,2018-11-01,2018-12-31,sensitivity
WV,total,5508,0,636166.0,1,2019,1,2019-01-01,2019-01-01,2019-02-28,sensitivity
WV,total,5860,0,636166.0,1,2019,3,2019-03-01,2019-03-01,2019-04-30,sensitivity
WV,total,6077,0,636166.0,1,2019,5,2019-05-01,2019-05-01,2019-06-30,sensitivity
WV,total,6605,0,636166.0,1,2019,7,2019-07-01,2019-07-01,2019-08-31,sensitivity
WV,total,6174,0,636166.0,1,2019,9,2019-09-01,2019-09-01,2019-10-31,sensitivity
WV,total,5862,0,636166.0,1,2019,11,2019-11-01,2019-11-01,2019-12-31,sensitivity
WV,total,5587,0,640642.0,1,2020,1,2020-01-01,2020-01-01,2020-02-29,sensitivity
WV,total,5570,0,640642.0,1,2020,3,2020-03-01,2020-03-01,2020-04-30,sensitivity
WV,total,5746,0,640642.0,1,2020,5,2020-05-01,2020-05-01,2020-06-30,sensitivity
WV,total,6061,0,640642.0,1,2020,7,2020-07-01,2020-07-01,2020-08-31,sensitivity
WV,total,5928,0,640642.0,1,2020,9,2020-09-01,2020-09-01,2020-10-31,sensitivity
WV,total,5502,0,640642.0,1,2020,11,2020-11-01,2020-11-01,2020-12-31,sensitivity
WV,total,5025,0,632616.0,1,2021,1,2021-01-01,2021-01-01,2021-02-28,sensitivity
WV,total,5650,0,632616.0,1,2021,3,2021-03-01,2021-03-01,2021-04-30,sensitivity
WV,total,5809,0,632616.0,1,2021,5,2021-05-01,2021-05-01,2021-06-30,sensitivity
WV,total,6098,0,632616.0,1,2021,7,2021-07-01,2021-07-01,2021-08-31,sensitivity
WV,total,5928,0,632616.0,1,2021,9,2021-09-01,2021-09-01,2021-10-31,sensitivity
WV,total,5636,0,632616.0,1,2021,11,2021-11-01,2021-11-01,2021-12-31,sensitivity
WV,total,5195,0,633382.0,1,2022,1,2022-01-01,2022-01-01,2022-02-28,sensitivity
WV,total,5503,0,633382.0,1,2022,3,2022-03-01,2022-03-01,2022-04-30,sensitivity
WV,total,5493,0,633382.0,1,2022,5,2022-05-01,2022-05-01,2022-06-30,sensitivity
WV,total,6096,0,633382.0,1,2022,7,2022-07-01,2022-07-01,2022-08-31,sensitivity
WV,total,5794,0,633382.0,1,2022,9,2022-09-01,2022-09-01,2022-10-31,sensitivity
WV,total,5533,0,633382.0,1,2022,11,2022-11-01,2022-11-01,2022-12-31,sensitivity
WV,total,5372,0,625634.0,1,2023,1,2023-01-01,2023-01-01,2023-02-28,sensitivity
WV,total,5139,1,625634.0,1,2023,3,2023-03-01,2023-03-01,2023-04-30,sensitivity
WV,total,5719,1,625634.0,1,2023,5,2023-05-01,2023-05-01,2023-06-30,sensitivity
WV,total,5768,1,625634.0,1,2023,7,2023-07-01,2023-07-01,2023-08-31,sensitivity
WV,total,5549,1,625634.0,1,2023,9,2023-09-01,2023-09-01,2023-10-31,sensitivity
WV,total,5431,1,625634.0,1,2023,11,2023-11-01,2023-11-01,2023-12-31,sensitivity
WY,total,2328,0,220820.0,0,2016,1,2016-01-01,2016-01-01,2016-02-29,sensitivity
WY,total,2604,0,220820.0,0,2016,3,2016-03-01,2016-03-01,2016-04-30,sensitivity
WY,total,2626,0,220820.0,0,2016,5,2016-05-01,2016-05-01,2016-06-30,sensitivity
WY,total,2488,0,220820.0,0,2016,7,2016-07-01,2016-07-01,2016-08-31,sensitivity
WY,total,2385,0,220820.0,0,2016,9,2016-09-01,2016-09-01,2016-10-31,sensitivity
WY,total,2154,0,220820.0,0,2016,11,2016-11-01,2016-11-01,2016-12-31,sensitivity
WY,total,2109,0,214366.0,0,2017,1,2017-01-01,2017-01-01,2017-02-28,sensitivity
WY,total,2302,0,214366.0,0,2017,3,2017-03-01,2017-03-01,2017-04-30,sensitivity
WY,total,2480,0,214366.0,0,2017,5,2017-05-01,2017-05-01,2017-06-30,sensitivity
WY,total,2395,0,214366.0,0,2017,7,2017-07-01,2017-07-01,2017-08-31,sensitivity
WY,total,2189,0,214366.0,0,2017,9,2017-09-01,2017-09-01,2017-10-31,sensitivity
WY,total,2186,0,214366.0,0,2017,11,2017-11-01,2017-11-01,2017-12-31,sensitivity
WY,total,2138,0,212868.0,0,2018,1,2018-01-01,2018-01-01,2018-02-28,sensitivity
WY,total,2200,0,212868.0,0,2018,3,2018-03-01,2018-03-01,2018-04-30,sensitivity
WY,total,2277,0,212868.0,0,2018,5,2018-05-01,2018-05-01,2018-06-30,sensitivity
WY,total,2135,0,212868.0,0,2018,7,2018-07-01,2018-07-01,2018-08-31,sensitivity
WY,total,2129,0,212868.0,0,2018,9,2018-09-01,2018-09-01,2018-10-31,sensitivity
WY,total,2065,0,212868.0,0,2018,11,2018-11-01,2018-11-01,2018-12-31,sensitivity
WY,total,2087,0,214416.0,0,2019,1,2019-01-01,2019-01-01,2019-02-28,sensitivity
WY,total,2153,0,214416.0,0,2019,3,2019-03-01,2019-03-01,2019-04-30,sensitivity
WY,total,2331,0,214416.0,0,2019,5,2019-05-01,2019-05-01,2019-06-30,sensitivity
WY,total,2352,0,214416.0,0,2019,7,2019-07-01,2019-07-01,2019-08-31,sensitivity
WY,total,2081,0,214416.0,0,2019,9,2019-09-01,2019-09-01,2019-10-31,sensitivity
WY,total,1981,0,214416.0,0,2019,11,2019-11-01,2019-11-01,2019-12-31,sensitivity
WY,total,1891,0,216282.0,0,2020,1,2020-01-01,2020-01-01,2020-02-29,sensitivity
WY,total,2007,0,216282.0,0,2020,3,2020-03-01,2020-03-01,2020-04-30,sensitivity
WY,total,2089,0,216282.0,0,2020,5,2020-05-01,2020-05-01,2020-06-30,sensitivity
WY,total,2244,0,216282.0,0,2020,7,2020-07-01,2020-07-01,2020-08-31,sensitivity
WY,total,2010,0,216282.0,0,2020,9,2020-09-01,2020-09-01,2020-10-31,sensitivity
WY,total,1867,0,216282.0,0,2020,11,2020-11-01,2020-11-01,2020-12-31,sensitivity
WY,total,1771,0,215412.0,0,2021,1,2021-01-01,2021-01-01,2021-02-28,sensitivity
WY,total,2134,0,215412.0,0,2021,3,2021-03-01,2021-03-01,2021-04-30,sensitivity
WY,total,2135,0,215412.0,0,2021,5,2021-05-01,2021-05-01,2021-06-30,sensitivity
WY,total,2253,0,215412.0,0,2021,7,2021-07-01,2021-07-01,2021-08-31,sensitivity
WY,total,1991,0,215412.0,0,2021,9,2021-09-01,2021-09-01,2021-10-31,sensitivity
WY,total,2008,0,215412.0,0,2021,11,2021-11-01,2021-11-01,2021-12-31,sensitivity
WY,total,1823,0,217424.0,0,2022,1,2022-01-01,2022-01-01,2022-02-28,sensitivity
WY,total,2008,0,217424.0,0,2022,3,2022-03-01,2022-03-01,2022-04-30,sensitivity
WY,total,2043,0,217424.0,0,2022,5,2022-05-01,2022-05-01,2022-06-30,sensitivity
WY,total,2140,0,217424.0,0,2022,7,2022-07-01,2022-07-01,2022-08-31,sensitivity
WY,total,2024,0,217424.0,0,2022,9,2022-09-01,2022-09-01,2022-10-31,sensitivity
WY,total,1878,0,217424.0,0,2022,11,2022-11-01,2022-11-01,2022-12-31,sensitivity
WY,total,1792,0,224764.0,0,2023,1,2023-01-01,2023-01-01,2023-02-28,sensitivity
WY,total,2019,0,224764.0,0,2023,3,2023-03-01,2023-03-01,2023-04-30,sensitivity
WY,total,2077,0,224764.0,0,2023,5,2023-05-01,2023-05-01,2023-06-30,sensitivity
WY,total,2093,0,224764.0,0,2023,7,2023-07-01,2023-07-01,2023-08-31,sensitivity
WY,total,1951,0,224764.0,0,2023,9,2023-09-01,2023-09-01,2023-10-31,sensitivity
WY,total,1844,0,224764.0,0,2023,11,2023-11-01,2023-11-01,2023-12-31,sensitivity
