state,year,month,pophisp_foreign,popnh_foreign,pophisp_usborn,popnh_usborn,pop_foreign,pop_usborn,births,births_usborn,births_foreign,birthshisp_usborn,birthshisp_foreign,birthsnh_usborn,birthsnh_foreign,births_nomiss,prop_foreign,banned_state,exposed,start_date,end_date,time
AK,2016,1,3929,14889,8353,122862,18818,131215,937,817,117,43,13,771,103,930,.12473118,0,0,1/1/16,1/31/16,1/1/16
AK,2016,2,3929,14889,8353,122862,18818,131215,838,731,105,44,15,683,89,831,.12515043,0,0,2/1/16,2/28/16,2/1/16
AK,2016,3,3929,14889,8353,122862,18818,131215,967,839,125,50,20,786,105,961,.13007285,0,0,3/1/16,3/31/16,3/1/16
AK,2016,4,3929,14889,8353,122862,18818,131215,911,804,106,57,20,739,84,900,.11555555,0,0,4/1/16,4/30/16,4/1/16
AK,2016,5,3929,14889,8353,122862,18818,131215,953,849,104,50,22,789,80,941,.10839532,0,0,5/1/16,5/31/16,5/1/16
AK,2016,6,3929,14889,8353,122862,18818,131215,976,869,103,44,17,812,84,957,.10553814,0,0,6/1/16,6/30/16,6/1/16
AK,2016,7,3929,14889,8353,122862,18818,131215,952,817,135,51,23,758,109,941,.1402763,0,0,7/1/16,7/31/16,7/1/16
AK,2016,8,3929,14889,8353,122862,18818,131215,954,833,117,51,26,772,90,939,.12353568,0,0,8/1/16,8/31/16,8/1/16
AK,2016,9,3929,14889,8353,122862,18818,131215,949,830,116,52,11,765,104,932,.12339056,0,0,9/1/16,9/30/16,9/1/16
AK,2016,10,3929,14889,8353,122862,18818,131215,955,830,124,46,22,775,99,942,.12845011,0,0,10/1/16,10/31/16,10/1/16
AK,2016,11,3929,14889,8353,122862,18818,131215,895,777,117,57,21,707,96,881,.13280363,0,0,11/1/16,11/30/16,11/1/16
AK,2016,12,3929,14889,8353,122862,18818,131215,895,776,115,36,19,733,95,883,.12910533,0,0,12/1/16,12/31/16,12/1/16
AK,2017,1,2895,15729,10203,120346,18624,130549,794,661,130,32,20,624,109,785,.16433121,0,0,1/1/17,1/31/17,1/1/17
AK,2017,2,2895,15729,10203,120346,18624,130549,779,666,110,41,21,621,86,769,.13914174,0,0,2/1/17,2/28/17,2/1/17
AK,2017,3,2895,15729,10203,120346,18624,130549,902,784,116,47,20,727,95,889,.12935883,0,0,3/1/17,3/31/17,3/1/17
AK,2017,4,2895,15729,10203,120346,18624,130549,864,748,114,36,24,702,90,852,.13380282,0,0,4/1/17,4/30/17,4/1/17
AK,2017,5,2895,15729,10203,120346,18624,130549,893,772,120,54,15,710,104,883,.13476783,0,0,5/1/17,5/31/17,5/1/17
AK,2017,6,2895,15729,10203,120346,18624,130549,895,778,114,51,17,723,96,887,.12739572,0,0,6/1/17,6/30/17,6/1/17
AK,2017,7,2895,15729,10203,120346,18624,130549,910,768,137,47,15,708,121,891,.15263748,0,0,7/1/17,7/31/17,7/1/17
AK,2017,8,2895,15729,10203,120346,18624,130549,926,811,113,40,31,759,80,910,.12197802,0,0,8/1/17,8/31/17,8/1/17
AK,2017,9,2895,15729,10203,120346,18624,130549,932,808,122,56,24,742,98,920,.1326087,0,0,9/1/17,9/30/17,9/1/17
AK,2017,10,2895,15729,10203,120346,18624,130549,863,749,113,60,13,682,99,854,.13114753,0,0,10/1/17,10/31/17,10/1/17
AK,2017,11,2895,15729,10203,120346,18624,130549,805,688,116,42,18,630,97,787,.14612453,0,0,11/1/17,11/30/17,11/1/17
AK,2017,12,2895,15729,10203,120346,18624,130549,855,740,115,57,16,676,96,845,.13254438,0,0,12/1/17,12/31/17,12/1/17
AK,2018,1,3468,12522,9361,122985,15990,132346,818,718,98,61,14,647,84,806,.12158809,0,0,1/1/18,1/31/18,1/1/18
AK,2018,2,3468,12522,9361,122985,15990,132346,769,682,84,53,18,622,65,758,.10949868,0,0,2/1/18,2/28/18,2/1/18
AK,2018,3,3468,12522,9361,122985,15990,132346,894,773,118,60,22,704,96,882,.13378684,0,0,3/1/18,3/31/18,3/1/18
AK,2018,4,3468,12522,9361,122985,15990,132346,841,721,120,48,18,663,102,831,.14440434,0,0,4/1/18,4/30/18,4/1/18
AK,2018,5,3468,12522,9361,122985,15990,132346,871,770,101,53,17,707,83,860,.11627907,0,0,5/1/18,5/31/18,5/1/18
AK,2018,6,3468,12522,9361,122985,15990,132346,873,772,100,40,18,725,81,864,.11458334,0,0,6/1/18,6/30/18,6/1/18
AK,2018,7,3468,12522,9361,122985,15990,132346,813,706,106,49,16,650,89,804,.13059701,0,0,7/1/18,7/31/18,7/1/18
AK,2018,8,3468,12522,9361,122985,15990,132346,933,807,126,51,23,743,103,920,.13695653,0,0,8/1/18,8/31/18,8/1/18
AK,2018,9,3468,12522,9361,122985,15990,132346,798,697,100,43,16,645,84,788,.12690355,0,0,9/1/18,9/30/18,9/1/18
AK,2018,10,3468,12522,9361,122985,15990,132346,873,749,123,48,15,692,103,858,.13752913,0,0,10/1/18,10/31/18,10/1/18
AK,2018,11,3468,12522,9361,122985,15990,132346,777,672,102,39,17,627,85,768,.1328125,0,0,11/1/18,11/30/18,11/1/18
AK,2018,12,3468,12522,9361,122985,15990,132346,812,693,117,55,11,633,106,805,.14534162,0,0,12/1/18,12/31/18,12/1/18
AK,2019,1,2002,13237,8304,118821,15239,127125,771,674,94,53,19,612,72,756,.12037037,0,0,1/1/19,1/31/19,1/1/19
AK,2019,2,2002,13237,8304,118821,15239,127125,756,654,101,41,13,596,83,733,.13096862,0,0,2/1/19,2/28/19,2/1/19
AK,2019,3,2002,13237,8304,118821,15239,127125,877,773,104,54,15,704,80,853,.11137163,0,0,3/1/19,3/31/19,3/1/19
AK,2019,4,2002,13237,8304,118821,15239,127125,835,740,94,44,14,679,76,813,.11070111,0,0,4/1/19,4/30/19,4/1/19
AK,2019,5,2002,13237,8304,118821,15239,127125,824,717,107,42,13,664,92,811,.1294698,0,0,5/1/19,5/31/19,5/1/19
AK,2019,6,2002,13237,8304,118821,15239,127125,808,708,97,55,17,640,80,792,.12247474,0,0,6/1/19,6/30/19,6/1/19
AK,2019,7,2002,13237,8304,118821,15239,127125,917,799,117,57,16,737,99,909,.12651265,0,0,7/1/19,7/31/19,7/1/19
AK,2019,8,2002,13237,8304,118821,15239,127125,849,733,116,57,24,669,91,841,.13674198,0,0,8/1/19,8/31/19,8/1/19
AK,2019,9,2002,13237,8304,118821,15239,127125,871,762,108,53,19,698,88,858,.12470862,0,0,9/1/19,9/30/19,9/1/19
AK,2019,10,2002,13237,8304,118821,15239,127125,801,698,102,41,20,647,82,790,.12911393,0,0,10/1/19,10/31/19,10/1/19
AK,2019,11,2002,13237,8304,118821,15239,127125,710,605,104,32,16,562,87,697,.14777619,0,0,11/1/19,11/30/19,11/1/19
AK,2019,12,2002,13237,8304,118821,15239,127125,782,678,103,54,16,613,85,768,.13151042,0,0,12/1/19,12/31/19,12/1/19
AK,2020,1,3193,14224,8490,119757,17417,128247,818,698,120,39,24,646,96,805,.14906833,0,0,1/1/20,1/31/20,1/1/20
AK,2020,2,3193,14224,8490,119757,17417,128247,715,613,102,30,15,579,85,709,.14104372,0,0,2/1/20,2/28/20,2/1/20
AK,2020,3,3193,14224,8490,119757,17417,128247,777,683,94,35,11,641,83,770,.12207792,0,0,3/1/20,3/31/20,3/1/20
AK,2020,4,3193,14224,8490,119757,17417,128247,755,670,85,37,14,626,70,747,.1124498,0,0,4/1/20,4/30/20,4/1/20
AK,2020,5,3193,14224,8490,119757,17417,128247,830,733,96,64,20,661,75,820,.11585366,0,0,5/1/20,5/31/20,5/1/20
AK,2020,6,3193,14224,8490,119757,17417,128247,810,713,96,45,13,665,81,804,.11691542,0,0,6/1/20,6/30/20,6/1/20
AK,2020,7,3193,14224,8490,119757,17417,128247,776,696,79,46,15,642,64,767,.1029987,0,0,7/1/20,7/31/20,7/1/20
AK,2020,8,3193,14224,8490,119757,17417,128247,782,708,73,45,14,663,59,781,.09346991,0,0,8/1/20,8/31/20,8/1/20
AK,2020,9,3193,14224,8490,119757,17417,128247,818,712,106,42,14,667,89,812,.1268473,0,0,9/1/20,9/30/20,9/1/20
AK,2020,10,3193,14224,8490,119757,17417,128247,804,704,99,52,16,646,83,797,.12421581,0,0,10/1/20,10/31/20,10/1/20
AK,2020,11,3193,14224,8490,119757,17417,128247,765,678,87,51,20,622,65,758,.11213721,0,0,11/1/20,11/30/20,11/1/20
AK,2020,12,3193,14224,8490,119757,17417,128247,800,699,100,50,18,642,80,790,.12405063,0,0,12/1/20,12/31/20,12/1/20
AK,2021,1,3649,18159,8553,117968,21808,126521,745,671,73,57,13,606,60,736,.099184781,0,0,1/1/21,1/31/21,1/1/21
AK,2021,2,3649,18159,8553,117968,21808,126521,661,604,57,37,10,557,44,648,.083333336,0,0,2/1/21,2/28/21,2/1/21
AK,2021,3,3649,18159,8553,117968,21808,126521,800,698,100,43,13,650,86,792,.125,0,0,3/1/21,3/31/21,3/1/21
AK,2021,4,3649,18159,8553,117968,21808,126521,811,705,106,66,15,626,89,796,.13065326,0,0,4/1/21,4/30/21,4/1/21
AK,2021,5,3649,18159,8553,117968,21808,126521,859,764,95,65,14,657,76,812,.11083744,0,0,5/1/21,5/31/21,5/1/21
AK,2021,6,3649,18159,8553,117968,21808,126521,808,705,102,48,14,612,75,749,.1188251,0,0,6/1/21,6/30/21,6/1/21
AK,2021,7,3649,18159,8553,117968,21808,126521,861,767,94,64,11,683,77,835,.10538922,0,0,7/1/21,7/31/21,7/1/21
AK,2021,8,3649,18159,8553,117968,21808,126521,819,716,102,54,17,654,85,810,.12592593,0,0,8/1/21,8/31/21,8/1/21
AK,2021,9,3649,18159,8553,117968,21808,126521,831,728,103,58,16,660,87,821,.12545677,0,0,9/1/21,9/30/21,9/1/21
AK,2021,10,3649,18159,8553,117968,21808,126521,734,639,93,52,17,580,75,724,.12707183,0,0,10/1/21,10/31/21,10/1/21
AK,2021,11,3649,18159,8553,117968,21808,126521,703,617,86,31,11,581,75,698,.12320917,0,0,11/1/21,11/30/21,11/1/21
AK,2021,12,3649,18159,8553,117968,21808,126521,718,619,98,54,17,560,80,711,.13642757,0,0,12/1/21,12/31/21,12/1/21
AK,2022,1,2288,13815,10178,118158,16103,128336,734,632,101,56,19,566,80,721,.1373093,0,0,1/1/22,1/31/22,1/1/22
AK,2022,2,2288,13815,10178,118158,16103,128336,718,624,94,51,14,571,79,715,.13006993,0,0,2/1/22,2/28/22,2/1/22
AK,2022,3,2288,13815,10178,118158,16103,128336,833,739,94,46,13,685,78,822,.1107056,0,0,3/1/22,3/31/22,3/1/22
AK,2022,4,2288,13815,10178,118158,16103,128336,778,675,103,51,20,614,82,767,.13298565,0,0,4/1/22,4/30/22,4/1/22
AK,2022,5,2288,13815,10178,118158,16103,128336,797,694,103,47,18,631,81,777,.12741312,0,0,5/1/22,5/31/22,5/1/22
AK,2022,6,2288,13815,10178,118158,16103,128336,813,727,86,42,19,674,66,801,.10611735,0,0,6/1/22,6/30/22,6/1/22
AK,2022,7,2288,13815,10178,118158,16103,128336,809,710,99,52,16,645,83,796,.12437186,0,0,7/1/22,7/31/22,7/1/22
AK,2022,8,2288,13815,10178,118158,16103,128336,826,695,130,54,22,626,105,807,.15737298,0,0,8/1/22,8/31/22,8/1/22
AK,2022,9,2288,13815,10178,118158,16103,128336,795,695,100,52,16,638,83,789,.12547529,0,0,9/1/22,9/30/22,9/1/22
AK,2022,10,2288,13815,10178,118158,16103,128336,763,677,84,51,9,619,75,754,.11140583,0,0,10/1/22,10/31/22,10/1/22
AK,2022,11,2288,13815,10178,118158,16103,128336,724,645,79,37,14,599,63,713,.10799439,0,0,11/1/22,11/30/22,11/1/22
AK,2022,12,2288,13815,10178,118158,16103,128336,751,648,102,58,17,582,85,742,.13746631,0,0,12/1/22,12/31/22,12/1/22
AK,2023,1,3288,10409,10150,117388,13697,127538,754,676,78,57,10,607,68,742,.10512129,0,0,1/1/23,1/31/23,1/1/23
AK,2023,2,3288,10409,10150,117388,13697,127538,682,599,82,44,11,543,71,669,.122571,0,0,2/1/23,2/28/23,2/1/23
AK,2023,3,3288,10409,10150,117388,13697,127538,756,649,106,52,19,589,87,747,.14190094,0,0,3/1/23,3/31/23,3/1/23
AK,2023,4,3288,10409,10150,117388,13697,127538,711,625,84,50,15,562,68,695,.11942446,0,0,4/1/23,4/30/23,4/1/23
AK,2023,5,3288,10409,10150,117388,13697,127538,764,686,78,57,12,614,63,746,.10053619,0,0,5/1/23,5/31/23,5/1/23
AK,2023,6,3288,10409,10150,117388,13697,127538,774,689,85,41,15,625,68,749,.11081442,0,0,6/1/23,6/30/23,6/1/23
AK,2023,7,3288,10409,10150,117388,13697,127538,769,685,82,66,11,587,67,731,.10670315,0,0,7/1/23,7/31/23,7/1/23
AK,2023,8,3288,10409,10150,117388,13697,127538,736,648,88,53,15,572,69,709,.11847673,0,0,8/1/23,8/31/23,8/1/23
AK,2023,9,3288,10409,10150,117388,13697,127538,776,671,103,55,17,595,80,747,.12985274,0,0,9/1/23,9/30/23,9/1/23
AK,2023,10,3288,10409,10150,117388,13697,127538,752,652,99,46,19,588,74,727,.12792297,0,0,10/1/23,10/31/23,10/1/23
AK,2023,11,3288,10409,10150,117388,13697,127538,765,667,96,40,12,602,79,733,.12414734,0,0,11/1/23,11/30/23,11/1/23
AK,2023,12,3288,10409,10150,117388,13697,127538,749,656,92,56,18,583,69,726,.11983471,0,0,12/1/23,12/31/23,12/1/23
AL,2016,1,22374,33324,21801,874727,55698,896528,4800,4332,468,97,283,4232,185,4797,.097560972,1,0,1/1/16,1/31/16,1/1/16
AL,2016,2,22374,33324,21801,874727,55698,896528,4709,4287,421,80,269,4207,152,4708,.089422263,1,0,2/1/16,2/28/16,2/1/16
AL,2016,3,22374,33324,21801,874727,55698,896528,4814,4338,475,90,312,4246,163,4811,.098732069,1,0,3/1/16,3/31/16,3/1/16
AL,2016,4,22374,33324,21801,874727,55698,896528,4520,4095,425,91,240,4004,184,4519,.09382607,1,0,4/1/16,4/30/16,4/1/16
AL,2016,5,22374,33324,21801,874727,55698,896528,4793,4365,427,83,279,4281,148,4791,.089125447,1,0,5/1/16,5/31/16,5/1/16
AL,2016,6,22374,33324,21801,874727,55698,896528,5039,4582,455,78,285,4502,170,5035,.090367429,1,0,6/1/16,6/30/16,6/1/16
AL,2016,7,22374,33324,21801,874727,55698,896528,5038,4543,495,92,295,4450,200,5037,.098272778,1,0,7/1/16,7/31/16,7/1/16
AL,2016,8,22374,33324,21801,874727,55698,896528,5315,4806,509,92,326,4713,183,5314,.095784716,1,0,8/1/16,8/31/16,8/1/16
AL,2016,9,22374,33324,21801,874727,55698,896528,5235,4705,530,80,334,4624,196,5234,.10126098,1,0,9/1/16,9/30/16,9/1/16
AL,2016,10,22374,33324,21801,874727,55698,896528,4968,4484,484,86,295,4398,189,4968,.097423509,1,0,10/1/16,10/31/16,10/1/16
AL,2016,11,22374,33324,21801,874727,55698,896528,4901,4409,492,82,291,4326,201,4900,.10040817,1,0,11/1/16,11/30/16,11/1/16
AL,2016,12,22374,33324,21801,874727,55698,896528,4932,4434,498,85,323,4348,175,4931,.10099372,1,0,12/1/16,12/31/16,12/1/16
AL,2017,1,25440,31040,18587,880969,56480,899556,4932,4482,450,87,292,4395,158,4932,.091240875,1,0,1/1/17,1/31/17,1/1/17
AL,2017,2,25440,31040,18587,880969,56480,899556,4488,4041,446,91,289,3949,157,4486,.099420421,1,0,2/1/17,2/28/17,2/1/17
AL,2017,3,25440,31040,18587,880969,56480,899556,4795,4343,450,92,275,4249,175,4791,.093926109,1,0,3/1/17,3/31/17,3/1/17
AL,2017,4,25440,31040,18587,880969,56480,899556,4378,3993,385,83,249,3910,136,4378,.087939702,1,0,4/1/17,4/30/17,4/1/17
AL,2017,5,25440,31040,18587,880969,56480,899556,4753,4340,413,91,254,4248,159,4752,.086910777,1,0,5/1/17,5/31/17,5/1/17
AL,2017,6,25440,31040,18587,880969,56480,899556,4815,4364,451,89,287,4273,164,4813,.093704551,1,0,6/1/17,6/30/17,6/1/17
AL,2017,7,25440,31040,18587,880969,56480,899556,5045,4551,492,104,310,4443,182,5039,.097638421,1,0,7/1/17,7/31/17,7/1/17
AL,2017,8,25440,31040,18587,880969,56480,899556,5532,5003,529,110,328,4890,201,5529,.095677339,1,0,8/1/17,8/31/17,8/1/17
AL,2017,9,25440,31040,18587,880969,56480,899556,5208,4703,505,84,289,4617,216,5206,.09700346,1,0,9/1/17,9/30/17,9/1/17
AL,2017,10,25440,31040,18587,880969,56480,899556,5047,4579,468,94,305,4480,162,5041,.092640348,1,0,10/1/17,10/31/17,10/1/17
AL,2017,11,25440,31040,18587,880969,56480,899556,4965,4512,453,107,271,4404,182,4964,.091257051,1,0,11/1/17,11/30/17,11/1/17
AL,2017,12,25440,31040,18587,880969,56480,899556,4885,4423,462,82,270,4340,192,4884,.094594598,1,0,12/1/17,12/31/17,12/1/17
AL,2018,1,23094,27688,20989,880965,50782,901954,4889,4461,428,114,262,4344,166,4886,.087597214,1,0,1/1/18,1/31/18,1/1/18
AL,2018,2,23094,27688,20989,880965,50782,901954,4335,3918,416,103,248,3814,167,4332,.095798708,1,0,2/1/18,2/28/18,2/1/18
AL,2018,3,23094,27688,20989,880965,50782,901954,4746,4324,422,108,269,4216,153,4746,.08891698,1,0,3/1/18,3/31/18,3/1/18
AL,2018,4,23094,27688,20989,880965,50782,901954,4378,3966,412,77,259,3885,152,4373,.093985826,1,0,4/1/18,4/30/18,4/1/18
AL,2018,5,23094,27688,20989,880965,50782,901954,4779,4346,433,83,256,4262,177,4778,.090623692,1,0,5/1/18,5/31/18,5/1/18
AL,2018,6,23094,27688,20989,880965,50782,901954,4762,4341,421,88,258,4252,163,4761,.088426799,1,0,6/1/18,6/30/18,6/1/18
AL,2018,7,23094,27688,20989,880965,50782,901954,4932,4470,460,105,266,4365,194,4930,.093306288,1,0,7/1/18,7/31/18,7/1/18
AL,2018,8,23094,27688,20989,880965,50782,901954,5267,4805,461,112,295,4692,165,5264,.08738602,1,0,8/1/18,8/31/18,8/1/18
AL,2018,9,23094,27688,20989,880965,50782,901954,4811,4393,418,88,258,4304,159,4809,.086712413,1,0,9/1/18,9/30/18,9/1/18
AL,2018,10,23094,27688,20989,880965,50782,901954,4994,4510,484,108,293,4398,191,4990,.09699399,1,0,10/1/18,10/31/18,10/1/18
AL,2018,11,23094,27688,20989,880965,50782,901954,4811,4403,407,112,233,4287,174,4806,.08468581,1,0,11/1/18,11/30/18,11/1/18
AL,2018,12,23094,27688,20989,880965,50782,901954,4954,4510,444,95,291,4415,153,4954,.089624546,1,0,12/1/18,12/31/18,12/1/18
AL,2019,1,24657,29307,26245,875261,53964,901506,5024,4573,451,96,268,4476,183,5023,.089786977,1,0,1/1/19,1/31/19,1/1/19
AL,2019,2,24657,29307,26245,875261,53964,901506,4387,4009,378,92,233,3914,145,4384,.086222626,1,0,2/1/19,2/28/19,2/1/19
AL,2019,3,24657,29307,26245,875261,53964,901506,4520,4088,432,91,277,3996,155,4519,.095596373,1,0,3/1/19,3/31/19,3/1/19
AL,2019,4,24657,29307,26245,875261,53964,901506,4526,4121,404,110,249,4009,155,4523,.089321248,1,0,4/1/19,4/30/19,4/1/19
AL,2019,5,24657,29307,26245,875261,53964,901506,4801,4373,428,114,271,4259,157,4801,.089148097,1,0,5/1/19,5/31/19,5/1/19
AL,2019,6,24657,29307,26245,875261,53964,901506,4464,4021,443,105,284,3916,159,4464,.099238351,1,0,6/1/19,6/30/19,6/1/19
AL,2019,7,24657,29307,26245,875261,53964,901506,5063,4575,488,125,335,4448,153,5061,.096423633,1,0,7/1/19,7/31/19,7/1/19
AL,2019,8,24657,29307,26245,875261,53964,901506,5448,4895,553,125,361,4769,192,5447,.10152377,1,0,8/1/19,8/31/19,8/1/19
AL,2019,9,24657,29307,26245,875261,53964,901506,5219,4720,499,105,329,4611,168,5213,.095338576,1,0,9/1/19,9/30/19,9/1/19
AL,2019,10,24657,29307,26245,875261,53964,901506,5194,4712,482,123,306,4589,176,5194,.09279938,1,0,10/1/19,10/31/19,10/1/19
AL,2019,11,24657,29307,26245,875261,53964,901506,4762,4252,509,110,339,4140,170,4759,.10695525,1,0,11/1/19,11/30/19,11/1/19
AL,2019,12,24657,29307,26245,875261,53964,901506,5094,4613,481,105,335,4508,146,5094,.094424814,1,0,12/1/19,12/31/19,12/1/19
AL,2020,1,23862,29200,20980,876584,53062,897564,4942,4465,476,109,324,4356,152,4941,.096336775,1,0,1/1/20,1/31/20,1/1/20
AL,2020,2,23862,29200,20980,876584,53062,897564,4438,4015,421,108,296,3907,125,4436,.094905317,1,0,2/1/20,2/28/20,2/1/20
AL,2020,3,23862,29200,20980,876584,53062,897564,4768,4306,462,99,304,4207,158,4768,.09689597,1,0,3/1/20,3/31/20,3/1/20
AL,2020,4,23862,29200,20980,876584,53062,897564,4562,4135,427,112,269,4023,158,4562,.093599297,1,0,4/1/20,4/30/20,4/1/20
AL,2020,5,23862,29200,20980,876584,53062,897564,4502,4036,466,118,298,3917,167,4500,.10333333,1,0,5/1/20,5/31/20,5/1/20
AL,2020,6,23862,29200,20980,876584,53062,897564,4789,4332,457,125,312,4206,145,4788,.095446952,1,0,6/1/20,6/30/20,6/1/20
AL,2020,7,23862,29200,20980,876584,53062,897564,5212,4650,562,114,377,4536,185,5212,.10782809,1,0,7/1/20,7/31/20,7/1/20
AL,2020,8,23862,29200,20980,876584,53062,897564,5193,4676,516,129,358,4545,158,5190,.099421963,1,0,8/1/20,8/31/20,8/1/20
AL,2020,9,23862,29200,20980,876584,53062,897564,4990,4499,491,146,342,4352,149,4989,.098416515,1,0,9/1/20,9/30/20,9/1/20
AL,2020,10,23862,29200,20980,876584,53062,897564,4765,4270,494,122,334,4146,160,4762,.10373793,1,0,10/1/20,10/31/20,10/1/20
AL,2020,11,23862,29200,20980,876584,53062,897564,4476,4023,453,120,303,3902,150,4475,.10122905,1,0,11/1/20,11/30/20,11/1/20
AL,2020,12,23862,29200,20980,876584,53062,897564,4895,4462,433,108,285,4354,148,4895,.088457607,1,0,12/1/20,12/31/20,12/1/20
AL,2021,1,23225,27162,29773,898627,50387,928400,4543,4133,410,121,289,4012,121,4543,.090248734,1,0,1/1/21,1/31/21,1/1/21
AL,2021,2,23225,27162,29773,898627,50387,928400,4377,3948,429,114,302,3834,127,4377,.098012336,1,0,2/1/21,2/28/21,2/1/21
AL,2021,3,23225,27162,29773,898627,50387,928400,4739,4282,457,113,313,4169,144,4739,.096433848,1,0,3/1/21,3/31/21,3/1/21
AL,2021,4,23225,27162,29773,898627,50387,928400,4508,4073,434,142,299,3928,135,4504,.096358791,1,0,4/1/21,4/30/21,4/1/21
AL,2021,5,23225,27162,29773,898627,50387,928400,4503,4071,432,129,285,3942,147,4503,.095936045,1,0,5/1/21,5/31/21,5/1/21
AL,2021,6,23225,27162,29773,898627,50387,928400,4925,4437,488,127,327,4310,161,4925,.099086292,1,0,6/1/21,6/30/21,6/1/21
AL,2021,7,23225,27162,29773,898627,50387,928400,5144,4654,490,142,340,4512,150,5144,.095256612,1,0,7/1/21,7/31/21,7/1/21
AL,2021,8,23225,27162,29773,898627,50387,928400,5159,4627,532,118,358,4509,174,5159,.10312076,1,0,8/1/21,8/31/21,8/1/21
AL,2021,9,23225,27162,29773,898627,50387,928400,5141,4593,548,167,385,4426,163,5141,.10659405,1,0,9/1/21,9/30/21,9/1/21
AL,2021,10,23225,27162,29773,898627,50387,928400,4958,4437,521,168,359,4268,162,4957,.1051039,1,0,10/1/21,10/31/21,10/1/21
AL,2021,11,23225,27162,29773,898627,50387,928400,4887,4377,510,147,364,4228,146,4885,.10440123,1,0,11/1/21,11/30/21,11/1/21
AL,2021,12,23225,27162,29773,898627,50387,928400,5048,4523,525,154,360,4368,164,5046,.10384463,1,0,12/1/21,12/31/21,12/1/21
AL,2022,1,24797,34210,32530,908001,59007,940531,4800,4292,507,136,355,4155,152,4798,.10566903,1,0,1/1/22,1/31/22,1/1/22
AL,2022,2,24797,34210,32530,908001,59007,940531,4377,3930,447,162,311,3768,136,4377,.10212474,1,0,2/1/22,2/28/22,2/1/22
AL,2022,3,24797,34210,32530,908001,59007,940531,4791,4316,475,147,317,4166,158,4788,.099206351,1,0,3/1/22,3/31/22,3/1/22
AL,2022,4,24797,34210,32530,908001,59007,940531,4452,3959,493,137,338,3821,155,4451,.11076163,1,0,4/1/22,4/30/22,4/1/22
AL,2022,5,24797,34210,32530,908001,59007,940531,4580,4065,512,149,353,3915,159,4576,.11188811,1,0,5/1/22,5/31/22,5/1/22
AL,2022,6,24797,34210,32530,908001,59007,940531,4699,4219,480,148,330,4071,150,4699,.1021494,1,0,6/1/22,6/30/22,6/1/22
AL,2022,7,24797,34210,32530,908001,59007,940531,4994,4483,511,162,385,4320,126,4993,.10234328,1,0,7/1/22,7/31/22,7/1/22
AL,2022,8,24797,34210,32530,908001,59007,940531,5480,4927,553,187,388,4740,165,5480,.10091241,1,0,8/1/22,8/31/22,8/1/22
AL,2022,9,24797,34210,32530,908001,59007,940531,5044,4466,578,151,407,4314,171,5043,.11461432,1,0,9/1/22,9/30/22,9/1/22
AL,2022,10,24797,34210,32530,908001,59007,940531,4828,4287,541,167,394,4119,147,4827,.11207789,1,0,10/1/22,10/31/22,10/1/22
AL,2022,11,24797,34210,32530,908001,59007,940531,4903,4366,537,161,382,4203,155,4901,.10956948,1,0,11/1/22,11/30/22,11/1/22
AL,2022,12,24797,34210,32530,908001,59007,940531,5077,4531,545,150,390,4380,155,5075,.10738916,1,0,12/1/22,12/31/22,12/1/22
AL,2023,1,27514,33985,38768,900192,61499,938960,4985,4428,557,173,390,4255,167,4985,.1117352,1,0,1/1/23,1/31/23,1/1/23
AL,2023,2,27514,33985,38768,900192,61499,938960,4400,3880,520,126,381,3753,139,4399,.11820868,1,1,2/1/23,2/28/23,2/1/23
AL,2023,3,27514,33985,38768,900192,61499,938960,4900,4341,559,139,393,4201,166,4899,.11410492,1,1,3/1/23,3/31/23,3/1/23
AL,2023,4,27514,33985,38768,900192,61499,938960,4369,3848,521,147,372,3701,149,4369,.11924925,1,1,4/1/23,4/30/23,4/1/23
AL,2023,5,27514,33985,38768,900192,61499,938960,4630,4100,530,146,369,3954,161,4630,.11447084,1,1,5/1/23,5/31/23,5/1/23
AL,2023,6,27514,33985,38768,900192,61499,938960,4814,4238,575,149,423,4088,152,4812,.11949293,1,1,6/1/23,6/30/23,6/1/23
AL,2023,7,27514,33985,38768,900192,61499,938960,4889,4271,618,186,444,4082,174,4886,.12648383,1,1,7/1/23,7/31/23,7/1/23
AL,2023,8,27514,33985,38768,900192,61499,938960,5144,4547,596,163,436,4384,159,5142,.11571373,1,1,8/1/23,8/31/23,8/1/23
AL,2023,9,27514,33985,38768,900192,61499,938960,4982,4377,605,162,450,4215,155,4982,.12143718,1,1,9/1/23,9/30/23,9/1/23
AL,2023,10,27514,33985,38768,900192,61499,938960,4946,4373,573,176,421,4193,152,4942,.11594496,1,1,10/1/23,10/31/23,10/1/23
AL,2023,11,27514,33985,38768,900192,61499,938960,4863,4270,593,162,434,4106,159,4861,.12199136,1,1,11/1/23,11/30/23,11/1/23
AL,2023,12,27514,33985,38768,900192,61499,938960,4816,4209,607,174,446,4032,161,4813,.12611677,1,1,12/1/23,12/31/23,12/1/23
AR,2016,1,23711,16865,24822,511171,40576,535993,3062,2687,365,109,219,2563,146,3037,.12018439,1,0,1/1/16,1/31/16,1/1/16
AR,2016,2,23711,16865,24822,511171,40576,535993,2993,2642,348,100,220,2537,127,2984,.11628687,1,0,2/1/16,2/28/16,2/1/16
AR,2016,3,23711,16865,24822,511171,40576,535993,3193,2855,332,132,194,2720,138,3184,.10427136,1,0,3/1/16,3/31/16,3/1/16
AR,2016,4,23711,16865,24822,511171,40576,535993,2944,2595,343,133,200,2455,142,2930,.11672355,1,0,4/1/16,4/30/16,4/1/16
AR,2016,5,23711,16865,24822,511171,40576,535993,3025,2675,342,105,193,2565,149,3012,.11354582,1,0,5/1/16,5/31/16,5/1/16
AR,2016,6,23711,16865,24822,511171,40576,535993,3233,2868,359,113,225,2748,132,3218,.11093847,1,0,6/1/16,6/30/16,6/1/16
AR,2016,7,23711,16865,24822,511171,40576,535993,3403,3015,386,121,226,2887,159,3393,.11346891,1,0,7/1/16,7/31/16,7/1/16
AR,2016,8,23711,16865,24822,511171,40576,535993,3520,3125,375,138,232,2979,140,3489,.10662081,1,0,8/1/16,8/31/16,8/1/16
AR,2016,9,23711,16865,24822,511171,40576,535993,3350,2950,383,121,237,2824,144,3326,.11455201,1,0,9/1/16,9/30/16,9/1/16
AR,2016,10,23711,16865,24822,511171,40576,535993,3118,2715,382,136,228,2572,152,3088,.12305699,1,0,10/1/16,10/31/16,10/1/16
AR,2016,11,23711,16865,24822,511171,40576,535993,3134,2796,327,126,188,2663,136,3113,.10407966,1,0,11/1/16,11/30/16,11/1/16
AR,2016,12,23711,16865,24822,511171,40576,535993,3220,2853,360,132,199,2715,160,3206,.11197754,1,0,12/1/16,12/31/16,12/1/16
AR,2017,1,23678,21188,26588,505438,44866,532026,3150,2785,356,123,208,2661,145,3137,.11252789,1,0,1/1/17,1/31/17,1/1/17
AR,2017,2,23678,21188,26588,505438,44866,532026,2784,2496,279,117,167,2373,111,2768,.10043353,1,0,2/1/17,2/28/17,2/1/17
AR,2017,3,23678,21188,26588,505438,44866,532026,3048,2715,318,125,178,2585,140,3028,.10501982,1,0,3/1/17,3/31/17,3/1/17
AR,2017,4,23678,21188,26588,505438,44866,532026,2774,2422,339,103,187,2314,150,2754,.12236746,1,0,4/1/17,4/30/17,4/1/17
AR,2017,5,23678,21188,26588,505438,44866,532026,3022,2697,318,133,179,2559,137,3008,.10505319,1,0,5/1/17,5/31/17,5/1/17
AR,2017,6,23678,21188,26588,505438,44866,532026,3081,2728,344,136,216,2585,128,3065,.11223491,1,0,6/1/17,6/30/17,6/1/17
AR,2017,7,23678,21188,26588,505438,44866,532026,3316,2953,352,152,211,2794,140,3297,.10646042,1,0,7/1/17,7/31/17,7/1/17
AR,2017,8,23678,21188,26588,505438,44866,532026,3607,3159,435,165,249,2980,179,3573,.11978729,1,0,8/1/17,8/31/17,8/1/17
AR,2017,9,23678,21188,26588,505438,44866,532026,3278,2888,382,147,237,2715,139,3238,.11612106,1,0,9/1/17,9/30/17,9/1/17
AR,2017,10,23678,21188,26588,505438,44866,532026,3116,2741,365,134,196,2596,167,3093,.11736178,1,0,10/1/17,10/31/17,10/1/17
AR,2017,11,23678,21188,26588,505438,44866,532026,3165,2810,347,126,189,2677,152,3144,.10846056,1,0,11/1/17,11/30/17,11/1/17
AR,2017,12,23678,21188,26588,505438,44866,532026,3101,2760,334,150,194,2603,137,3084,.10732815,1,0,12/1/17,12/31/17,12/1/17
AR,2018,1,27399,19017,26672,511648,46416,538320,3106,2746,337,116,210,2627,127,3080,.10941558,1,0,1/1/18,1/31/18,1/1/18
AR,2018,2,27399,19017,26672,511648,46416,538320,2798,2495,285,124,169,2368,116,2777,.10262874,1,0,2/1/18,2/28/18,2/1/18
AR,2018,3,27399,19017,26672,511648,46416,538320,3043,2678,353,127,209,2549,143,3028,.11624835,1,0,3/1/18,3/31/18,3/1/18
AR,2018,4,27399,19017,26672,511648,46416,538320,2825,2505,317,125,158,2379,154,2816,.11079545,1,0,4/1/18,4/30/18,4/1/18
AR,2018,5,27399,19017,26672,511648,46416,538320,3169,2780,375,144,192,2619,176,3131,.11753433,1,0,5/1/18,5/31/18,5/1/18
AR,2018,6,27399,19017,26672,511648,46416,538320,3000,2652,330,127,173,2493,152,2945,.11035654,1,0,6/1/18,6/30/18,6/1/18
AR,2018,7,27399,19017,26672,511648,46416,538320,3242,2835,386,147,206,2636,173,3162,.11986085,1,0,7/1/18,7/31/18,7/1/18
AR,2018,8,27399,19017,26672,511648,46416,538320,3396,2988,386,163,227,2809,151,3350,.11283582,1,0,8/1/18,8/31/18,8/1/18
AR,2018,9,27399,19017,26672,511648,46416,538320,3096,2738,342,133,205,2595,131,3064,.10966057,1,0,9/1/18,9/30/18,9/1/18
AR,2018,10,27399,19017,26672,511648,46416,538320,3242,2849,364,158,219,2686,142,3205,.11263651,1,0,10/1/18,10/31/18,10/1/18
AR,2018,11,27399,19017,26672,511648,46416,538320,2949,2592,323,137,206,2454,114,2911,.10992786,1,0,11/1/18,11/30/18,11/1/18
AR,2018,12,27399,19017,26672,511648,46416,538320,3093,2724,347,165,197,2555,149,3066,.11285062,1,0,12/1/18,12/31/18,12/1/18
AR,2019,1,26409,19171,27437,509921,45580,537358,3114,2738,346,151,209,2586,137,3083,.11222835,1,0,1/1/19,1/31/19,1/1/19
AR,2019,2,26409,19171,27437,509921,45580,537358,2662,2346,293,113,174,2228,118,2633,.11090011,1,0,2/1/19,2/28/19,2/1/19
AR,2019,3,26409,19171,27437,509921,45580,537358,2849,2518,312,134,188,2379,124,2825,.11044247,1,0,3/1/19,3/31/19,3/1/19
AR,2019,4,26409,19171,27437,509921,45580,537358,2896,2546,328,116,190,2426,135,2867,.11335891,1,0,4/1/19,4/30/19,4/1/19
AR,2019,5,26409,19171,27437,509921,45580,537358,3016,2673,319,129,181,2541,136,2987,.10612655,1,0,5/1/19,5/31/19,5/1/19
AR,2019,6,26409,19171,27437,509921,45580,537358,2876,2535,314,142,187,2389,124,2842,.10942998,1,0,6/1/19,6/30/19,6/1/19
AR,2019,7,26409,19171,27437,509921,45580,537358,3255,2873,371,139,224,2713,142,3218,.11373524,1,0,7/1/19,7/31/19,7/1/19
AR,2019,8,26409,19171,27437,509921,45580,537358,3242,2887,351,152,203,2733,146,3234,.10791589,1,0,8/1/19,8/31/19,8/1/19
AR,2019,9,26409,19171,27437,509921,45580,537358,3226,2857,361,147,226,2704,131,3208,.11128429,1,0,9/1/19,9/30/19,9/1/19
AR,2019,10,26409,19171,27437,509921,45580,537358,3305,2947,355,171,197,2768,154,3290,.10668693,1,0,10/1/19,10/31/19,10/1/19
AR,2019,11,26409,19171,27437,509921,45580,537358,2905,2583,313,141,181,2360,120,2802,.10742327,1,0,11/1/19,11/30/19,11/1/19
AR,2019,12,26409,19171,27437,509921,45580,537358,3165,2801,338,153,190,2572,142,3057,.10860321,1,0,12/1/19,12/31/19,12/1/19
AR,2020,1,25304,18705,26513,509193,44009,535706,2951,2615,319,123,176,2455,136,2890,.10795848,1,0,1/1/20,1/31/20,1/1/20
AR,2020,2,25304,18705,26513,509193,44009,535706,2749,2407,326,140,171,2243,143,2697,.11642566,1,0,2/1/20,2/28/20,2/1/20
AR,2020,3,25304,18705,26513,509193,44009,535706,2945,2627,309,166,157,2447,146,2916,.10390946,1,0,3/1/20,3/31/20,3/1/20
AR,2020,4,25304,18705,26513,509193,44009,535706,2849,2518,320,144,177,2371,134,2826,.11004954,1,0,4/1/20,4/30/20,4/1/20
AR,2020,5,25304,18705,26513,509193,44009,535706,2814,2469,332,136,178,2319,149,2782,.11754134,1,0,5/1/20,5/31/20,5/1/20
AR,2020,6,25304,18705,26513,509193,44009,535706,2844,2515,321,151,168,2351,149,2819,.11245123,1,0,6/1/20,6/30/20,6/1/20
AR,2020,7,25304,18705,26513,509193,44009,535706,3109,2728,366,167,191,2547,164,3069,.11567286,1,0,7/1/20,7/31/20,7/1/20
AR,2020,8,25304,18705,26513,509193,44009,535706,3122,2771,346,147,168,2616,170,3101,.1089971,1,0,8/1/20,8/31/20,8/1/20
AR,2020,9,25304,18705,26513,509193,44009,535706,3093,2717,366,164,200,2549,161,3074,.11743657,1,0,9/1/20,9/30/20,9/1/20
AR,2020,10,25304,18705,26513,509193,44009,535706,3015,2637,352,153,184,2475,164,2976,.11693548,1,0,10/1/20,10/31/20,10/1/20
AR,2020,11,25304,18705,26513,509193,44009,535706,2732,2405,301,156,155,2241,140,2692,.10958395,1,0,11/1/20,11/30/20,11/1/20
AR,2020,12,25304,18705,26513,509193,44009,535706,2951,2616,325,145,185,2455,133,2918,.10897876,1,0,12/1/20,12/31/20,12/1/20
AR,2021,1,20903,17429,36522,504398,38332,540920,2826,2544,276,144,155,2394,118,2811,.09711846,1,0,1/1/21,1/31/21,1/1/21
AR,2021,2,20903,17429,36522,504398,38332,540920,2621,2332,274,129,165,2194,107,2595,.10481696,1,0,2/1/21,2/28/21,2/1/21
AR,2021,3,20903,17429,36522,504398,38332,540920,3003,2656,306,146,158,2502,146,2952,.10298103,1,0,3/1/21,3/31/21,3/1/21
AR,2021,4,20903,17429,36522,504398,38332,540920,2674,2383,272,124,143,2255,127,2649,.10192525,1,0,4/1/21,4/30/21,4/1/21
AR,2021,5,20903,17429,36522,504398,38332,540920,2751,2407,333,140,167,2264,162,2733,.12038054,1,0,5/1/21,5/31/21,5/1/21
AR,2021,6,20903,17429,36522,504398,38332,540920,3015,2653,347,156,198,2488,146,2988,.11512718,1,0,6/1/21,6/30/21,6/1/21
AR,2021,7,20903,17429,36522,504398,38332,540920,3177,2808,327,163,172,2642,154,3131,.10412009,1,0,7/1/21,7/31/21,7/1/21
AR,2021,8,20903,17429,36522,504398,38332,540920,3352,2934,390,194,207,2739,183,3323,.11736383,1,0,8/1/21,8/31/21,8/1/21
AR,2021,9,20903,17429,36522,504398,38332,540920,3259,2914,335,204,188,2707,141,3240,.10154321,1,0,9/1/21,9/30/21,9/1/21
AR,2021,10,20903,17429,36522,504398,38332,540920,3103,2708,384,152,202,2553,178,3085,.12317666,1,0,10/1/21,10/31/21,10/1/21
AR,2021,11,20903,17429,36522,504398,38332,540920,2955,2622,326,168,178,2449,143,2938,.109258,1,0,11/1/21,11/30/21,11/1/21
AR,2021,12,20903,17429,36522,504398,38332,540920,3174,2773,395,166,219,2598,169,3152,.12309644,1,0,12/1/21,12/31/21,12/1/21
AR,2022,1,23281,19482,33815,506346,42763,540161,2813,2477,325,180,166,2288,150,2784,.11350574,1,0,1/1/22,1/31/22,1/1/22
AR,2022,2,23281,19482,33815,506346,42763,540161,2771,2456,306,171,155,2277,143,2746,.10852148,1,0,2/1/22,2/28/22,2/1/22
AR,2022,3,23281,19482,33815,506346,42763,540161,2989,2653,327,180,151,2465,170,2966,.10822657,1,0,3/1/22,3/31/22,3/1/22
AR,2022,4,23281,19482,33815,506346,42763,540161,2719,2393,318,170,166,2217,149,2702,.11658031,1,0,4/1/22,4/30/22,4/1/22
AR,2022,5,23281,19482,33815,506346,42763,540161,2798,2454,332,159,168,2291,162,2780,.11870503,1,0,5/1/22,5/31/22,5/1/22
AR,2022,6,23281,19482,33815,506346,42763,540161,2988,2616,353,186,198,2423,142,2949,.11529332,1,0,6/1/22,6/30/22,6/1/22
AR,2022,7,23281,19482,33815,506346,42763,540161,3029,2667,345,155,176,2507,163,3001,.11296234,1,0,7/1/22,7/31/22,7/1/22
AR,2022,8,23281,19482,33815,506346,42763,540161,3249,2861,369,199,197,2653,166,3215,.11290824,1,0,8/1/22,8/31/22,8/1/22
AR,2022,9,23281,19482,33815,506346,42763,540161,3068,2726,332,180,179,2533,149,3041,.10785925,1,0,9/1/22,9/30/22,9/1/22
AR,2022,10,23281,19482,33815,506346,42763,540161,2864,2546,307,159,175,2376,129,2839,.10707996,1,0,10/1/22,10/31/22,10/1/22
AR,2022,11,23281,19482,33815,506346,42763,540161,2954,2597,342,172,175,2420,165,2932,.1159618,1,0,11/1/22,11/30/22,11/1/22
AR,2022,12,23281,19482,33815,506346,42763,540161,3166,2783,373,184,183,2594,190,3151,.11837512,1,0,12/1/22,12/31/22,12/1/22
AR,2023,1,26929,16797,41456,519336,43726,560792,2994,2664,308,185,168,2473,140,2966,.10384356,1,0,1/1/23,1/31/23,1/1/23
AR,2023,2,26929,16797,41456,519336,43726,560792,2676,2386,282,149,135,2235,147,2666,.10577644,1,1,2/1/23,2/28/23,2/1/23
AR,2023,3,26929,16797,41456,519336,43726,560792,2841,2513,313,155,147,2354,166,2822,.11091425,1,1,3/1/23,3/31/23,3/1/23
AR,2023,4,26929,16797,41456,519336,43726,560792,2669,2378,286,173,144,2201,142,2660,.1075188,1,1,4/1/23,4/30/23,4/1/23
AR,2023,5,26929,16797,41456,519336,43726,560792,2879,2520,339,185,181,2331,158,2855,.11873905,1,1,5/1/23,5/31/23,5/1/23
AR,2023,6,26929,16797,41456,519336,43726,560792,2932,2591,330,154,165,2434,165,2918,.11309116,1,1,6/1/23,6/30/23,6/1/23
AR,2023,7,26929,16797,41456,519336,43726,560792,2989,2587,386,172,201,2414,184,2971,.129586,1,1,7/1/23,7/31/23,7/1/23
AR,2023,8,26929,16797,41456,519336,43726,560792,3190,2781,392,230,209,2549,183,3171,.12362031,1,1,8/1/23,8/31/23,8/1/23
AR,2023,9,26929,16797,41456,519336,43726,560792,3022,2627,376,170,204,2456,172,3002,.12524983,1,1,9/1/23,9/30/23,9/1/23
AR,2023,10,26929,16797,41456,519336,43726,560792,3121,2699,399,190,204,2505,195,3094,.12895928,1,1,10/1/23,10/31/23,10/1/23
AR,2023,11,26929,16797,41456,519336,43726,560792,2937,2549,364,183,175,2363,189,2910,.12508591,1,1,11/1/23,11/30/23,11/1/23
AR,2023,12,26929,16797,41456,519336,43726,560792,2939,2542,374,185,207,2353,167,2912,.12843406,1,1,12/1/23,12/31/23,12/1/23
AZ,2016,1,151860,89392,340611,749670,241252,1090281,7059,5476,1577,1814,1083,3596,484,6977,.2245951,0,0,1/1/16,1/31/16,1/1/16
AZ,2016,2,151860,89392,340611,749670,241252,1090281,6733,5321,1409,1827,964,3430,433,6654,.2099489,0,0,2/1/16,2/28/16,2/1/16
AZ,2016,3,151860,89392,340611,749670,241252,1090281,6837,5405,1427,1750,931,3600,489,6770,.20974889,0,0,3/1/16,3/31/16,3/1/16
AZ,2016,4,151860,89392,340611,749670,241252,1090281,6556,5210,1342,1748,873,3415,458,6494,.20495842,0,0,4/1/16,4/30/16,4/1/16
AZ,2016,5,151860,89392,340611,749670,241252,1090281,6715,5275,1437,1727,918,3505,499,6649,.21311475,0,0,5/1/16,5/31/16,5/1/16
AZ,2016,6,151860,89392,340611,749670,241252,1090281,6751,5334,1412,1793,939,3500,466,6698,.20976411,0,0,6/1/16,6/30/16,6/1/16
AZ,2016,7,151860,89392,340611,749670,241252,1090281,7043,5511,1526,1915,1037,3553,482,6987,.21740375,0,0,7/1/16,7/31/16,7/1/16
AZ,2016,8,151860,89392,340611,749670,241252,1090281,7702,6045,1645,2109,1144,3879,489,7621,.21427634,0,0,8/1/16,8/31/16,8/1/16
AZ,2016,9,151860,89392,340611,749670,241252,1090281,7673,5943,1729,2102,1148,3770,569,7589,.22624852,0,0,9/1/16,9/30/16,9/1/16
AZ,2016,10,151860,89392,340611,749670,241252,1090281,7178,5582,1590,1969,1083,3560,500,7112,.22258155,0,0,10/1/16,10/31/16,10/1/16
AZ,2016,11,151860,89392,340611,749670,241252,1090281,6876,5362,1508,1962,1023,3324,474,6783,.2206988,0,0,11/1/16,11/30/16,11/1/16
AZ,2016,12,151860,89392,340611,749670,241252,1090281,7193,5597,1590,1938,1067,3585,510,7100,.22211267,0,0,12/1/16,12/31/16,12/1/16
AZ,2017,1,154751,94957,348848,748409,249708,1097257,6942,5435,1499,1935,1022,3435,471,6863,.21754335,0,0,1/1/17,1/31/17,1/1/17
AZ,2017,2,154751,94957,348848,748409,249708,1097257,6155,4803,1347,1635,874,3133,471,6113,.2200229,0,0,2/1/17,2/28/17,2/1/17
AZ,2017,3,154751,94957,348848,748409,249708,1097257,6779,5336,1441,1887,920,3408,517,6732,.21345811,0,0,3/1/17,3/31/17,3/1/17
AZ,2017,4,154751,94957,348848,748409,249708,1097257,6289,5001,1281,1661,853,3309,427,6250,.20479999,0,0,4/1/17,4/30/17,4/1/17
AZ,2017,5,154751,94957,348848,748409,249708,1097257,6502,5177,1315,1792,839,3365,475,6471,.20305981,0,0,5/1/17,5/31/17,5/1/17
AZ,2017,6,154751,94957,348848,748409,249708,1097257,6600,5174,1418,1807,946,3329,470,6552,.21611722,0,0,6/1/17,6/30/17,6/1/17
AZ,2017,7,154751,94957,348848,748409,249708,1097257,6967,5425,1534,1922,997,3476,535,6930,.22106782,0,0,7/1/17,7/31/17,7/1/17
AZ,2017,8,154751,94957,348848,748409,249708,1097257,7406,5787,1610,2090,1098,3661,510,7359,.21850795,0,0,8/1/17,8/31/17,8/1/17
AZ,2017,9,154751,94957,348848,748409,249708,1097257,7204,5604,1593,2051,1042,3522,550,7165,.22219121,0,0,9/1/17,9/30/17,9/1/17
AZ,2017,10,154751,94957,348848,748409,249708,1097257,7295,5735,1552,2161,1011,3549,538,7259,.21339028,0,0,10/1/17,10/31/17,10/1/17
AZ,2017,11,154751,94957,348848,748409,249708,1097257,6785,5329,1452,1950,988,3345,460,6743,.21474122,0,0,11/1/17,11/30/17,11/1/17
AZ,2017,12,154751,94957,348848,748409,249708,1097257,6734,5290,1434,1868,945,3385,488,6686,.21432845,0,0,12/1/17,12/31/17,12/1/17
AZ,2018,1,150607,91641,366904,763330,242248,1130234,6724,5355,1364,1918,876,3402,484,6680,.20359281,0,0,1/1/18,1/31/18,1/1/18
AZ,2018,2,150607,91641,366904,763330,242248,1130234,6179,4911,1262,1744,821,3143,438,6146,.20484868,0,0,2/1/18,2/28/18,2/1/18
AZ,2018,3,150607,91641,366904,763330,242248,1130234,6618,5257,1353,1889,903,3337,448,6577,.20541281,0,0,3/1/18,3/31/18,3/1/18
AZ,2018,4,150607,91641,366904,763330,242248,1130234,6134,4888,1237,1710,765,3155,466,6096,.20193569,0,0,4/1/18,4/30/18,4/1/18
AZ,2018,5,150607,91641,366904,763330,242248,1130234,6402,5073,1325,1761,831,3279,493,6364,.20804526,0,0,5/1/18,5/31/18,5/1/18
AZ,2018,6,150607,91641,366904,763330,242248,1130234,6479,5170,1300,1822,802,3318,495,6437,.20149137,0,0,6/1/18,6/30/18,6/1/18
AZ,2018,7,150607,91641,366904,763330,242248,1130234,6834,5377,1452,1988,993,3347,456,6784,.2135908,0,0,7/1/18,7/31/18,7/1/18
AZ,2018,8,150607,91641,366904,763330,242248,1130234,7300,5782,1513,2125,999,3606,512,7242,.20864402,0,0,8/1/18,8/31/18,8/1/18
AZ,2018,9,150607,91641,366904,763330,242248,1130234,7099,5585,1511,2076,1030,3465,477,7048,.21381952,0,0,9/1/18,9/30/18,9/1/18
AZ,2018,10,150607,91641,366904,763330,242248,1130234,7140,5647,1487,2072,1007,3538,477,7094,.20919086,0,0,10/1/18,10/31/18,10/1/18
AZ,2018,11,150607,91641,366904,763330,242248,1130234,6789,5348,1436,1966,940,3347,491,6744,.21218862,0,0,11/1/18,11/30/18,11/1/18
AZ,2018,12,150607,91641,366904,763330,242248,1130234,6819,5380,1431,2021,937,3334,489,6781,.21029347,0,0,12/1/18,12/31/18,12/1/18
AZ,2019,1,145981,92148,388579,768604,238129,1157183,6822,5436,1378,1999,903,3383,473,6758,.20361054,0,0,1/1/19,1/31/19,1/1/19
AZ,2019,2,145981,92148,388579,768604,238129,1157183,6074,4865,1204,1808,769,3027,433,6037,.19910552,0,0,2/1/19,2/28/19,2/1/19
AZ,2019,3,145981,92148,388579,768604,238129,1157183,6665,5312,1347,1934,846,3348,499,6627,.2029576,0,0,3/1/19,3/31/19,3/1/19
AZ,2019,4,145981,92148,388579,768604,238129,1157183,6090,4924,1161,1701,718,3192,442,6053,.19164051,0,0,4/1/19,4/30/19,4/1/19
AZ,2019,5,145981,92148,388579,768604,238129,1157183,6274,5053,1211,1760,772,3268,434,6234,.19345525,0,0,5/1/19,5/31/19,5/1/19
AZ,2019,6,145981,92148,388579,768604,238129,1157183,6150,4873,1269,1669,821,3169,444,6103,.20727511,0,0,6/1/19,6/30/19,6/1/19
AZ,2019,7,145981,92148,388579,768604,238129,1157183,6943,5525,1411,2128,946,3371,463,6908,.20396641,0,0,7/1/19,7/31/19,7/1/19
AZ,2019,8,145981,92148,388579,768604,238129,1157183,7180,5702,1472,2133,978,3529,492,7132,.20611329,0,0,8/1/19,8/31/19,8/1/19
AZ,2019,9,145981,92148,388579,768604,238129,1157183,6854,5388,1461,2013,1012,3349,446,6820,.213783,0,0,9/1/19,9/30/19,9/1/19
AZ,2019,10,145981,92148,388579,768604,238129,1157183,6871,5453,1410,2065,910,3359,497,6831,.20597278,0,0,10/1/19,10/31/19,10/1/19
AZ,2019,11,145981,92148,388579,768604,238129,1157183,6561,5224,1336,1993,870,3198,463,6524,.2043225,0,0,11/1/19,11/30/19,11/1/19
AZ,2019,12,145981,92148,388579,768604,238129,1157183,6699,5297,1397,1940,881,3327,510,6658,.2089216,0,0,12/1/19,12/31/19,12/1/19
AZ,2020,1,148888,91644,371528,767253,240532,1138781,6687,5275,1404,1997,924,3247,474,6642,.21047877,0,0,1/1/20,1/31/20,1/1/20
AZ,2020,2,148888,91644,371528,767253,240532,1138781,6254,4987,1258,1822,825,3137,430,6214,.20196331,0,0,2/1/20,2/28/20,2/1/20
AZ,2020,3,148888,91644,371528,767253,240532,1138781,6371,5111,1250,1921,791,3165,457,6334,.19703189,0,0,3/1/20,3/31/20,3/1/20
AZ,2020,4,148888,91644,371528,767253,240532,1138781,5957,4820,1133,1811,693,2984,438,5926,.19085386,0,0,4/1/20,4/30/20,4/1/20
AZ,2020,5,148888,91644,371528,767253,240532,1138781,6022,4908,1111,1793,695,3091,414,5993,.18504922,0,0,5/1/20,5/31/20,5/1/20
AZ,2020,6,148888,91644,371528,767253,240532,1138781,6075,4908,1161,1816,733,3063,424,6036,.19168323,0,0,6/1/20,6/30/20,6/1/20
AZ,2020,7,148888,91644,371528,767253,240532,1138781,6757,5429,1323,2031,847,3361,469,6708,.19618367,0,0,7/1/20,7/31/20,7/1/20
AZ,2020,8,148888,91644,371528,767253,240532,1138781,6682,5417,1263,2011,795,3374,467,6647,.18986009,0,0,8/1/20,8/31/20,8/1/20
AZ,2020,9,148888,91644,371528,767253,240532,1138781,6733,5458,1273,2133,841,3281,430,6685,.19012715,0,0,9/1/20,9/30/20,9/1/20
AZ,2020,10,148888,91644,371528,767253,240532,1138781,6627,5313,1308,1967,846,3299,456,6568,.19823386,0,0,10/1/20,10/31/20,10/1/20
AZ,2020,11,148888,91644,371528,767253,240532,1138781,6188,4987,1200,1987,798,2965,401,6151,.19492765,0,0,11/1/20,11/30/20,11/1/20
AZ,2020,12,148888,91644,371528,767253,240532,1138781,6433,5180,1247,2039,819,3107,427,6392,.19493116,0,0,12/1/20,12/31/20,12/1/20
AZ,2021,1,128246,85780,410498,778783,214026,1189281,6154,4973,1174,1905,768,3041,401,6115,.19116926,0,0,1/1/21,1/31/21,1/1/21
AZ,2021,2,128246,85780,410498,778783,214026,1189281,5609,4590,1014,1703,632,2864,380,5579,.18139452,0,0,2/1/21,2/28/21,2/1/21
AZ,2021,3,128246,85780,410498,778783,214026,1189281,5997,4957,1038,1882,641,3055,393,5971,.17317033,0,0,3/1/21,3/31/21,3/1/21
AZ,2021,4,128246,85780,410498,778783,214026,1189281,6016,4913,1096,1762,673,3126,420,5981,.18274537,0,0,4/1/21,4/30/21,4/1/21
AZ,2021,5,128246,85780,410498,778783,214026,1189281,6041,4953,1083,1842,659,3088,419,6008,.17942743,0,0,5/1/21,5/31/21,5/1/21
AZ,2021,6,128246,85780,410498,778783,214026,1189281,6202,5042,1158,1813,738,3203,417,6171,.18716578,0,0,6/1/21,6/30/21,6/1/21
AZ,2021,7,128246,85780,410498,778783,214026,1189281,6896,5580,1309,2119,849,3438,454,6860,.18994169,0,0,7/1/21,7/31/21,7/1/21
AZ,2021,8,128246,85780,410498,778783,214026,1189281,7094,5753,1334,2231,874,3484,457,7046,.1889015,0,0,8/1/21,8/31/21,8/1/21
AZ,2021,9,128246,85780,410498,778783,214026,1189281,7084,5707,1374,2192,929,3471,441,7033,.19479597,0,0,9/1/21,9/30/21,9/1/21
AZ,2021,10,128246,85780,410498,778783,214026,1189281,7033,5665,1361,2216,904,3396,456,6972,.19506598,0,0,10/1/21,10/31/21,10/1/21
AZ,2021,11,128246,85780,410498,778783,214026,1189281,6659,5353,1302,2126,836,3206,465,6633,.19614051,0,0,11/1/21,11/30/21,11/1/21
AZ,2021,12,128246,85780,410498,778783,214026,1189281,6932,5482,1444,2148,955,3293,487,6883,.20950167,0,0,12/1/21,12/31/21,12/1/21
AZ,2022,1,136119,89617,419965,787909,225736,1207874,6559,5291,1263,2107,808,3150,452,6517,.1933405,0,0,1/1/22,1/31/22,1/1/22
AZ,2022,2,136119,89617,419965,787909,225736,1207874,5986,4782,1199,1807,783,2941,415,5946,.20147999,0,0,2/1/22,2/28/22,2/1/22
AZ,2022,3,136119,89617,419965,787909,225736,1207874,6473,5244,1229,2027,762,3192,465,6446,.19035061,0,0,3/1/22,3/31/22,3/1/22
AZ,2022,4,136119,89617,419965,787909,225736,1207874,5938,4799,1136,1815,695,2959,440,5909,.19207987,0,0,4/1/22,4/30/22,4/1/22
AZ,2022,5,136119,89617,419965,787909,225736,1207874,5987,4815,1168,1799,720,2996,439,5954,.19465905,0,0,5/1/22,5/31/22,5/1/22
AZ,2022,6,136119,89617,419965,787909,225736,1207874,6255,4982,1267,1920,804,3030,459,6213,.20328344,0,0,6/1/22,6/30/22,6/1/22
AZ,2022,7,136119,89617,419965,787909,225736,1207874,6728,5379,1342,2183,867,3157,469,6676,.20011984,0,0,7/1/22,7/31/22,7/1/22
AZ,2022,8,136119,89617,419965,787909,225736,1207874,7097,5649,1442,2268,955,3346,483,7052,.20391378,0,0,8/1/22,8/31/22,8/1/22
AZ,2022,9,136119,89617,419965,787909,225736,1207874,6822,5505,1312,2202,886,3262,423,6773,.19326739,0,0,9/1/22,9/30/22,9/1/22
AZ,2022,10,136119,89617,419965,787909,225736,1207874,6639,5314,1318,2134,883,3154,433,6604,.19927317,0,0,10/1/22,10/31/22,10/1/22
AZ,2022,11,136119,89617,419965,787909,225736,1207874,6825,5469,1346,2252,896,3181,447,6776,.19819953,0,0,11/1/22,11/30/22,11/1/22
AZ,2022,12,136119,89617,419965,787909,225736,1207874,7035,5616,1412,2280,899,3300,513,6992,.20194508,0,0,12/1/22,12/31/22,12/1/22
AZ,2023,1,129060,94714,416125,801636,223774,1217761,6561,5219,1336,2087,873,3089,457,6506,.20442668,0,0,1/1/23,1/31/23,1/1/23
AZ,2023,2,129060,94714,416125,801636,223774,1217761,6026,4874,1146,1932,744,2914,402,5992,.191255,0,0,2/1/23,2/28/23,2/1/23
AZ,2023,3,129060,94714,416125,801636,223774,1217761,6421,5149,1267,2028,792,3096,470,6386,.1976198,0,0,3/1/23,3/31/23,3/1/23
AZ,2023,4,129060,94714,416125,801636,223774,1217761,5960,4752,1206,1862,734,2853,468,5917,.20314348,0,0,4/1/23,4/30/23,4/1/23
AZ,2023,5,129060,94714,416125,801636,223774,1217761,6148,4921,1222,1964,740,2927,477,6108,.19924688,0,0,5/1/23,5/31/23,5/1/23
AZ,2023,6,129060,94714,416125,801636,223774,1217761,6157,4931,1222,1972,780,2923,437,6112,.1991165,0,0,6/1/23,6/30/23,6/1/23
AZ,2023,7,129060,94714,416125,801636,223774,1217761,6590,5166,1415,2098,958,3025,453,6534,.21594734,0,0,7/1/23,7/31/23,7/1/23
AZ,2023,8,129060,94714,416125,801636,223774,1217761,7151,5768,1381,2318,950,3403,428,7099,.19411185,0,0,8/1/23,8/31/23,8/1/23
AZ,2023,9,129060,94714,416125,801636,223774,1217761,6871,5478,1392,2210,970,3214,417,6811,.20364116,0,0,9/1/23,9/30/23,9/1/23
AZ,2023,10,129060,94714,416125,801636,223774,1217761,6826,5410,1411,2231,896,3136,509,6772,.20747194,0,0,10/1/23,10/31/23,10/1/23
AZ,2023,11,129060,94714,416125,801636,223774,1217761,6574,5224,1341,2071,866,3107,470,6514,.20509672,0,0,11/1/23,11/30/23,11/1/23
AZ,2023,12,129060,94714,416125,801636,223774,1217761,6622,5294,1323,2174,854,3084,466,6578,.2006689,0,0,12/1/23,12/31/23,12/1/23
CA,2016,1,1253942,1160403,2264884,3382408,2414345,5647292,39193,24536,14618,10848,7815,13016,6443,38122,.37400976,0,0,1/1/16,1/31/16,1/1/16
CA,2016,2,1253942,1160403,2264884,3382408,2414345,5647292,37621,23878,13718,10373,7429,12815,5967,36584,.366171,0,0,2/1/16,2/28/16,2/1/16
CA,2016,3,1253942,1160403,2264884,3382408,2414345,5647292,40683,25527,15123,10878,7895,13929,6880,39582,.37327573,0,0,3/1/16,3/31/16,3/1/16
CA,2016,4,1253942,1160403,2264884,3382408,2414345,5647292,38458,24358,14068,10407,7329,13258,6389,37383,.36695823,0,0,4/1/16,4/30/16,4/1/16
CA,2016,5,1253942,1160403,2264884,3382408,2414345,5647292,39398,24788,14573,10576,7321,13443,6835,38175,.37081859,0,0,5/1/16,5/31/16,5/1/16
CA,2016,6,1253942,1160403,2264884,3382408,2414345,5647292,39591,24986,14583,10771,7555,13463,6636,38425,.36931685,0,0,6/1/16,6/30/16,6/1/16
CA,2016,7,1253942,1160403,2264884,3382408,2414345,5647292,40890,25829,15008,11327,7881,13739,6757,39704,.36867821,0,0,7/1/16,7/31/16,7/1/16
CA,2016,8,1253942,1160403,2264884,3382408,2414345,5647292,44848,28187,16624,12587,8739,14777,7421,43524,.3712894,0,0,8/1/16,8/31/16,8/1/16
CA,2016,9,1253942,1160403,2264884,3382408,2414345,5647292,44052,27448,16560,12396,8882,14220,7221,42719,.37695169,0,0,9/1/16,9/30/16,9/1/16
CA,2016,10,1253942,1160403,2264884,3382408,2414345,5647292,42077,26094,15958,11627,8182,13684,7327,40820,.37993631,0,0,10/1/16,10/31/16,10/1/16
CA,2016,11,1253942,1160403,2264884,3382408,2414345,5647292,39734,24199,15505,10847,7764,12636,7288,38535,.39060596,0,0,11/1/16,11/30/16,11/1/16
CA,2016,12,1253942,1160403,2264884,3382408,2414345,5647292,40151,24723,15397,11149,7710,12847,7211,38917,.38340572,0,0,12/1/16,12/31/16,12/1/16
CA,2017,1,1171460,1185833,2381351,3374668,2357293,5756019,39186,24306,14843,10884,7391,12698,7008,37981,.3791106,0,0,1/1/17,1/31/17,1/1/17
CA,2017,2,1171460,1185833,2381351,3374668,2357293,5756019,35854,22488,13343,9880,6670,11873,6262,34685,.3728413,0,0,2/1/17,2/28/17,2/1/17
CA,2017,3,1171460,1185833,2381351,3374668,2357293,5756019,38954,24653,14274,10742,6985,13108,6817,37652,.36656752,0,0,3/1/17,3/31/17,3/1/17
CA,2017,4,1171460,1185833,2381351,3374668,2357293,5756019,36820,23246,13551,10011,6764,12450,6351,35576,.3686474,0,0,4/1/17,4/30/17,4/1/17
CA,2017,5,1171460,1185833,2381351,3374668,2357293,5756019,39221,24859,14339,10914,7256,13305,6723,38198,.36596158,0,0,5/1/17,5/31/17,5/1/17
CA,2017,6,1171460,1185833,2381351,3374668,2357293,5756019,38764,24549,14188,10760,7170,13179,6688,37797,.36664286,0,0,6/1/17,6/30/17,6/1/17
CA,2017,7,1171460,1185833,2381351,3374668,2357293,5756019,40265,25582,14663,11445,7412,13453,6889,39199,.36483073,0,0,7/1/17,7/31/17,7/1/17
CA,2017,8,1171460,1185833,2381351,3374668,2357293,5756019,42039,26839,15164,12076,7907,14004,6905,40892,.36222243,0,0,8/1/17,8/31/17,8/1/17
CA,2017,9,1171460,1185833,2381351,3374668,2357293,5756019,41318,26184,15102,11915,7778,13526,6972,40191,.3669976,0,0,9/1/17,9/30/17,9/1/17
CA,2017,10,1171460,1185833,2381351,3374668,2357293,5756019,40218,25521,14664,11528,7464,13317,6853,39162,.36558399,0,0,10/1/17,10/31/17,10/1/17
CA,2017,11,1171460,1185833,2381351,3374668,2357293,5756019,38638,24179,14418,11073,7396,12485,6699,37653,.37433937,0,0,11/1/17,11/30/17,11/1/17
CA,2017,12,1171460,1185833,2381351,3374668,2357293,5756019,38229,24196,13992,11045,6988,12499,6599,37131,.36592066,0,0,12/1/17,12/31/17,12/1/17
CA,2018,1,1105512,1155295,2439838,3396690,2260807,5836528,37993,23966,13994,10797,6971,12440,6603,36811,.36874849,0,0,1/1/18,1/31/18,1/1/18
CA,2018,2,1105512,1155295,2439838,3396690,2260807,5836528,34318,22026,12262,9875,6090,11466,5771,33202,.35723752,0,0,2/1/18,2/28/18,2/1/18
CA,2018,3,1105512,1155295,2439838,3396690,2260807,5836528,37617,24218,13374,10545,6643,12928,6349,36465,.35628685,0,0,3/1/18,3/31/18,3/1/18
CA,2018,4,1105512,1155295,2439838,3396690,2260807,5836528,35380,22770,12585,9837,6207,12210,5973,34227,.3558594,0,0,4/1/18,4/30/18,4/1/18
CA,2018,5,1105512,1155295,2439838,3396690,2260807,5836528,37205,23868,13312,10267,6583,12743,6264,35857,.35828429,0,0,5/1/18,5/31/18,5/1/18
CA,2018,6,1105512,1155295,2439838,3396690,2260807,5836528,36521,23480,13012,10365,6539,12258,6030,35192,.35715503,0,0,6/1/18,6/30/18,6/1/18
CA,2018,7,1105512,1155295,2439838,3396690,2260807,5836528,39425,25388,13997,11295,7231,13263,6291,38080,.35509455,0,0,7/1/18,7/31/18,7/1/18
CA,2018,8,1105512,1155295,2439838,3396690,2260807,5836528,40899,26303,14556,11780,7566,13671,6548,39565,.35672942,0,0,8/1/18,8/31/18,8/1/18
CA,2018,9,1105512,1155295,2439838,3396690,2260807,5836528,38895,25041,13831,11306,7073,12978,6330,37687,.35563987,0,0,9/1/18,9/30/18,9/1/18
CA,2018,10,1105512,1155295,2439838,3396690,2260807,5836528,39107,25081,14004,11289,7029,13016,6587,37921,.35906225,0,0,10/1/18,10/31/18,10/1/18
CA,2018,11,1105512,1155295,2439838,3396690,2260807,5836528,37910,24165,13704,10943,6857,12448,6423,36671,.36213902,0,0,11/1/18,11/30/18,11/1/18
CA,2018,12,1105512,1155295,2439838,3396690,2260807,5836528,37413,24047,13335,10920,6587,12303,6277,36087,.35647187,0,0,12/1/18,12/31/18,12/1/18
CA,2019,1,1079249,1146110,2466851,3378322,2225359,5845173,37170,23814,13317,10660,6609,12300,6248,35817,.35896361,0,0,1/1/19,1/31/19,1/1/19
CA,2019,2,1079249,1146110,2466851,3378322,2225359,5845173,33745,21715,11969,9632,5832,11377,5689,32530,.35416538,0,0,2/1/19,2/28/19,2/1/19
CA,2019,3,1079249,1146110,2466851,3378322,2225359,5845173,36951,24067,12806,10498,6173,12754,6154,35579,.34646842,0,0,3/1/19,3/31/19,3/1/19
CA,2019,4,1079249,1146110,2466851,3378322,2225359,5845173,34866,22672,12104,9748,5756,12074,5873,33451,.34764281,0,0,4/1/19,4/30/19,4/1/19
CA,2019,5,1079249,1146110,2466851,3378322,2225359,5845173,37162,24165,12906,10321,6233,12958,6145,35657,.34714082,0,0,5/1/19,5/31/19,5/1/19
CA,2019,6,1079249,1146110,2466851,3378322,2225359,5845173,35448,23121,12237,10047,5989,12195,5763,33994,.34570807,0,0,6/1/19,6/30/19,6/1/19
CA,2019,7,1079249,1146110,2466851,3378322,2225359,5845173,39050,25488,13475,11137,6667,13375,6284,37463,.3457011,0,0,7/1/19,7/31/19,7/1/19
CA,2019,8,1079249,1146110,2466851,3378322,2225359,5845173,40045,26231,13729,11753,6731,13466,6478,38428,.34373373,0,0,8/1/19,8/31/19,8/1/19
CA,2019,9,1079249,1146110,2466851,3378322,2225359,5845173,38507,25181,13242,11501,6768,12692,5993,36954,.34532121,0,0,9/1/19,9/30/19,9/1/19
CA,2019,10,1079249,1146110,2466851,3378322,2225359,5845173,39107,25301,13726,11419,6716,12921,6446,37502,.35096794,0,0,10/1/19,10/31/19,10/1/19
CA,2019,11,1079249,1146110,2466851,3378322,2225359,5845173,35836,23043,12717,10259,5979,11903,6208,34349,.35479927,0,0,11/1/19,11/30/19,11/1/19
CA,2019,12,1079249,1146110,2466851,3378322,2225359,5845173,36298,23438,12796,10569,6159,11928,6108,34764,.35286504,0,0,12/1/19,12/31/19,12/1/19
CA,2020,1,1119064,1145616,2409907,3381329,2264680,5791236,35752,23061,12638,10305,6105,11846,5997,34253,.3533121,0,0,1/1/20,1/31/20,1/1/20
CA,2020,2,1119064,1145616,2409907,3381329,2264680,5791236,33044,21751,11239,9744,5547,11258,5278,31827,.34012002,0,0,2/1/20,2/28/20,2/1/20
CA,2020,3,1119064,1145616,2409907,3381329,2264680,5791236,34735,22843,11835,9913,5716,12183,5752,33564,.34167561,0,0,3/1/20,3/31/20,3/1/20
CA,2020,4,1119064,1145616,2409907,3381329,2264680,5791236,33555,22158,11344,9619,5593,11750,5400,32362,.33968851,0,0,4/1/20,4/30/20,4/1/20
CA,2020,5,1119064,1145616,2409907,3381329,2264680,5791236,34694,23285,11340,10017,5619,12398,5334,33368,.32824862,0,0,5/1/20,5/31/20,5/1/20
CA,2020,6,1119064,1145616,2409907,3381329,2264680,5791236,34258,23221,10973,10044,5570,12157,4955,32726,.32160974,0,0,6/1/20,6/30/20,6/1/20
CA,2020,7,1119064,1145616,2409907,3381329,2264680,5791236,37008,24763,12170,10799,6233,12885,5428,35345,.32991937,0,0,7/1/20,7/31/20,7/1/20
CA,2020,8,1119064,1145616,2409907,3381329,2264680,5791236,37000,25020,11924,11195,6157,12750,5233,35335,.32234329,0,0,8/1/20,8/31/20,8/1/20
CA,2020,9,1119064,1145616,2409907,3381329,2264680,5791236,36227,24502,11658,11175,6094,12320,5081,34670,.32232478,0,0,9/1/20,9/30/20,9/1/20
CA,2020,10,1119064,1145616,2409907,3381329,2264680,5791236,35734,24208,11451,10967,5813,12202,5188,34170,.32194906,0,0,10/1/20,10/31/20,10/1/20
CA,2020,11,1119064,1145616,2409907,3381329,2264680,5791236,33184,22346,10774,10179,5478,11196,4844,31697,.32564595,0,0,11/1/20,11/30/20,11/1/20
CA,2020,12,1119064,1145616,2409907,3381329,2264680,5791236,32962,22531,10379,10379,5339,11161,4635,31514,.31649426,0,0,12/1/20,12/31/20,12/1/20
CA,2021,1,982790,1097567,2595142,3295800,2080357,5890942,31815,21815,9948,9601,5036,11288,4565,30490,.31489012,0,0,1/1/21,1/31/21,1/1/21
CA,2021,2,982790,1097567,2595142,3295800,2080357,5890942,29899,20648,9211,9006,4542,10826,4355,28729,.30968708,0,0,2/1/21,2/28/21,2/1/21
CA,2021,3,982790,1097567,2595142,3295800,2080357,5890942,34403,23826,10521,10348,5158,12531,4964,33001,.30671799,0,0,3/1/21,3/31/21,3/1/21
CA,2021,4,982790,1097567,2595142,3295800,2080357,5890942,33268,22976,10240,10084,5024,11866,4791,31765,.30898789,0,0,4/1/21,4/30/21,4/1/21
CA,2021,5,982790,1097567,2595142,3295800,2080357,5890942,34149,23546,10546,10230,5278,12254,4857,32619,.31070849,0,0,5/1/21,5/31/21,5/1/21
CA,2021,6,982790,1097567,2595142,3295800,2080357,5890942,34739,23929,10752,10496,5359,12453,4921,33229,.30936831,0,0,6/1/21,6/30/21,6/1/21
CA,2021,7,982790,1097567,2595142,3295800,2080357,5890942,36241,24922,11262,11176,5797,12597,4970,34540,.31172553,0,0,7/1/21,7/31/21,7/1/21
CA,2021,8,982790,1097567,2595142,3295800,2080357,5890942,38141,26202,11871,11661,6188,13325,5203,36377,.31313741,0,0,8/1/21,8/31/21,8/1/21
CA,2021,9,982790,1097567,2595142,3295800,2080357,5890942,37286,25379,11825,11567,6218,12649,5118,35552,.31885689,0,0,9/1/21,9/30/21,9/1/21
CA,2021,10,982790,1097567,2595142,3295800,2080357,5890942,36880,25292,11537,11675,6006,12553,5096,35330,.31423718,0,0,10/1/21,10/31/21,10/1/21
CA,2021,11,982790,1097567,2595142,3295800,2080357,5890942,35253,23968,11219,11230,5828,11741,4964,33763,.31963983,0,0,11/1/21,11/30/21,11/1/21
CA,2021,12,982790,1097567,2595142,3295800,2080357,5890942,36428,24685,11681,11686,6178,11953,5048,34865,.3219848,0,0,12/1/21,12/31/21,12/1/21
CA,2022,1,939556,1064134,2646339,3288776,2003690,5935115,34328,23334,10933,10910,5778,11380,4711,32779,.31999147,0,0,1/1/22,1/31/22,1/1/22
CA,2022,2,939556,1064134,2646339,3288776,2003690,5935115,31777,21680,10028,9838,5181,10867,4497,30383,.31853339,0,0,2/1/22,2/28/22,2/1/22
CA,2022,3,939556,1064134,2646339,3288776,2003690,5935115,35201,23770,11377,10820,5919,11993,5073,33805,.32515901,0,0,3/1/22,3/31/22,3/1/22
CA,2022,4,939556,1064134,2646339,3288776,2003690,5935115,32377,21779,10548,10050,5401,10890,4788,31129,.32731536,0,0,4/1/22,4/30/22,4/1/22
CA,2022,5,939556,1064134,2646339,3288776,2003690,5935115,33831,22675,11104,10668,5513,11110,5181,32472,.32932988,0,0,5/1/22,5/31/22,5/1/22
CA,2022,6,939556,1064134,2646339,3288776,2003690,5935115,33992,22988,10956,10650,5598,11469,5011,32728,.32415667,0,0,6/1/22,6/30/22,6/1/22
CA,2022,7,939556,1064134,2646339,3288776,2003690,5935115,36442,24540,11848,11639,6212,12048,5312,35211,.3272841,0,0,7/1/22,7/31/22,7/1/22
CA,2022,8,939556,1064134,2646339,3288776,2003690,5935115,37685,25422,12199,12157,6461,12393,5403,36414,.32580876,0,0,8/1/22,8/31/22,8/1/22
CA,2022,9,939556,1064134,2646339,3288776,2003690,5935115,35751,24141,11549,11563,6223,11684,5018,34488,.32593945,0,0,9/1/22,9/30/22,9/1/22
CA,2022,10,939556,1064134,2646339,3288776,2003690,5935115,35208,23459,11693,11236,6029,11397,5316,33978,.33389252,0,0,10/1/22,10/31/22,10/1/22
CA,2022,11,939556,1064134,2646339,3288776,2003690,5935115,34941,23225,11672,11054,6187,11330,5170,33741,.33659345,0,0,11/1/22,11/30/22,11/1/22
CA,2022,12,939556,1064134,2646339,3288776,2003690,5935115,35345,23787,11500,11419,6002,11532,5174,34127,.32748264,0,0,12/1/22,12/31/22,12/1/22
CA,2023,1,930237,1073475,2668176,3275158,2003712,5943334,33582,22434,11106,10598,5788,11014,4993,32393,.33281881,0,0,1/1/23,1/31/23,1/1/23
CA,2023,2,930237,1073475,2668176,3275158,2003712,5943334,30338,20518,9781,9714,5138,10108,4401,29361,.32488677,0,0,2/1/23,2/28/23,2/1/23
CA,2023,3,930237,1073475,2668176,3275158,2003712,5943334,32876,22047,10782,10336,5557,11012,4959,31864,.33002761,0,0,3/1/23,3/31/23,3/1/23
CA,2023,4,930237,1073475,2668176,3275158,2003712,5943334,30765,20533,10196,9550,5176,10286,4752,29764,.33355731,0,0,4/1/23,4/30/23,4/1/23
CA,2023,5,930237,1073475,2668176,3275158,2003712,5943334,32598,21776,10780,10179,5449,10830,5038,31496,.33296293,0,0,5/1/23,5/31/23,5/1/23
CA,2023,6,930237,1073475,2668176,3275158,2003712,5943334,32467,21703,10720,9987,5402,10950,4989,31328,.33168411,0,0,6/1/23,6/30/23,6/1/23
CA,2023,7,930237,1073475,2668176,3275158,2003712,5943334,34089,22914,11128,10923,5730,11144,5078,32875,.32876045,0,0,7/1/23,7/31/23,7/1/23
CA,2023,8,930237,1073475,2668176,3275158,2003712,5943334,35774,23870,11840,11317,6241,11636,5243,34437,.33347854,0,0,8/1/23,8/31/23,8/1/23
CA,2023,9,930237,1073475,2668176,3275158,2003712,5943334,34295,23104,11158,11252,5861,10980,4948,33041,.32713902,0,0,9/1/23,9/30/23,9/1/23
CA,2023,10,930237,1073475,2668176,3275158,2003712,5943334,34626,23187,11400,11142,5917,11152,5127,33338,.33127362,0,0,10/1/23,10/31/23,10/1/23
CA,2023,11,930237,1073475,2668176,3275158,2003712,5943334,33185,22025,11112,10778,5682,10431,5046,31937,.33591133,0,0,11/1/23,11/30/23,11/1/23
CA,2023,12,930237,1073475,2668176,3275158,2003712,5943334,33264,22107,11109,10788,5700,10390,5005,31883,.33575886,0,0,12/1/23,12/31/23,12/1/23
CO,2016,1,83188,79718,186367,772858,162906,959225,5321,4231,1083,915,573,3279,494,5261,.20281315,0,0,1/1/16,1/31/16,1/1/16
CO,2016,2,83188,79718,186367,772858,162906,959225,4959,3962,992,841,579,3071,403,4894,.20065387,0,0,2/1/16,2/28/16,2/1/16
CO,2016,3,83188,79718,186367,772858,162906,959225,5546,4479,1059,911,576,3515,469,5471,.19100712,0,0,3/1/16,3/31/16,3/1/16
CO,2016,4,83188,79718,186367,772858,162906,959225,5449,4404,1037,880,569,3467,450,5366,.18989937,0,0,4/1/16,4/30/16,4/1/16
CO,2016,5,83188,79718,186367,772858,162906,959225,5665,4561,1093,928,613,3572,467,5580,.19354838,0,0,5/1/16,5/31/16,5/1/16
CO,2016,6,83188,79718,186367,772858,162906,959225,5723,4669,1045,978,570,3645,464,5657,.1827824,0,0,6/1/16,6/30/16,6/1/16
CO,2016,7,83188,79718,186367,772858,162906,959225,5797,4648,1140,972,650,3621,471,5714,.19618481,0,0,7/1/16,7/31/16,7/1/16
CO,2016,8,83188,79718,186367,772858,162906,959225,6035,4835,1188,1027,669,3745,506,5947,.19757861,0,0,8/1/16,8/31/16,8/1/16
CO,2016,9,83188,79718,186367,772858,162906,959225,5860,4675,1175,998,684,3637,481,5800,.20086206,0,0,9/1/16,9/30/16,9/1/16
CO,2016,10,83188,79718,186367,772858,162906,959225,5512,4380,1124,954,603,3371,505,5433,.20393889,0,0,10/1/16,10/31/16,10/1/16
CO,2016,11,83188,79718,186367,772858,162906,959225,5328,4250,1071,903,579,3284,479,5245,.20171592,0,0,11/1/16,11/30/16,11/1/16
CO,2016,12,83188,79718,186367,772858,162906,959225,5245,4201,1036,898,572,3264,449,5183,.19699016,0,0,12/1/16,12/31/16,12/1/16
CO,2017,1,81354,81037,197112,785888,162391,983000,4968,3951,1010,902,526,2982,470,4880,.20409836,0,0,1/1/17,1/31/17,1/1/17
CO,2017,2,81354,81037,197112,785888,162391,983000,4616,3679,934,757,502,2881,420,4560,.20219298,0,0,2/1/17,2/28/17,2/1/17
CO,2017,3,81354,81037,197112,785888,162391,983000,5455,4383,1065,927,581,3388,468,5364,.19556302,0,0,3/1/17,3/31/17,3/1/17
CO,2017,4,81354,81037,197112,785888,162391,983000,5141,4192,936,937,499,3211,423,5070,.18185404,0,0,4/1/17,4/30/17,4/1/17
CO,2017,5,81354,81037,197112,785888,162391,983000,5512,4438,1057,927,567,3458,461,5413,.18991317,0,0,5/1/17,5/31/17,5/1/17
CO,2017,6,81354,81037,197112,785888,162391,983000,5691,4559,1121,986,582,3507,520,5595,.19696157,0,0,6/1/17,6/30/17,6/1/17
CO,2017,7,81354,81037,197112,785888,162391,983000,5581,4446,1126,1005,636,3379,474,5494,.20203859,0,0,7/1/17,7/31/17,7/1/17
CO,2017,8,81354,81037,197112,785888,162391,983000,5798,4638,1150,1032,624,3545,517,5718,.19954529,0,0,8/1/17,8/31/17,8/1/17
CO,2017,9,81354,81037,197112,785888,162391,983000,5593,4468,1111,963,599,3435,494,5491,.19905299,0,0,9/1/17,9/30/17,9/1/17
CO,2017,10,81354,81037,197112,785888,162391,983000,5495,4386,1101,962,592,3346,490,5390,.20074211,0,0,10/1/17,10/31/17,10/1/17
CO,2017,11,81354,81037,197112,785888,162391,983000,5089,4052,1032,883,569,3105,450,5007,.20351508,0,0,11/1/17,11/30/17,11/1/17
CO,2017,12,81354,81037,197112,785888,162391,983000,5274,4181,1075,909,587,3216,476,5188,.20489591,0,0,12/1/17,12/31/17,12/1/17
CO,2018,1,76831,85012,203836,798514,161843,1002350,5184,4091,1082,902,562,3138,502,5104,.20846395,0,0,1/1/18,1/31/18,1/1/18
CO,2018,2,76831,85012,203836,798514,161843,1002350,4773,3834,925,870,486,2907,428,4691,.19484119,0,0,2/1/18,2/28/18,2/1/18
CO,2018,3,76831,85012,203836,798514,161843,1002350,5262,4291,965,949,536,3297,415,5197,.18299019,0,0,3/1/18,3/31/18,3/1/18
CO,2018,4,76831,85012,203836,798514,161843,1002350,5038,4028,1001,806,523,3186,463,4978,.19807151,0,0,4/1/18,4/30/18,4/1/18
CO,2018,5,76831,85012,203836,798514,161843,1002350,5437,4358,1072,992,591,3304,467,5354,.19760926,0,0,5/1/18,5/31/18,5/1/18
CO,2018,6,76831,85012,203836,798514,161843,1002350,5107,4169,930,894,489,3212,416,5011,.18060267,0,0,6/1/18,6/30/18,6/1/18
CO,2018,7,76831,85012,203836,798514,161843,1002350,5491,4447,1031,992,603,3385,408,5388,.18763919,0,0,7/1/18,7/31/18,7/1/18
CO,2018,8,76831,85012,203836,798514,161843,1002350,5656,4546,1094,982,605,3492,473,5552,.19416426,0,0,8/1/18,8/31/18,8/1/18
CO,2018,9,76831,85012,203836,798514,161843,1002350,5425,4354,1057,939,550,3359,478,5326,.1930154,0,0,9/1/18,9/30/18,9/1/18
CO,2018,10,76831,85012,203836,798514,161843,1002350,5292,4242,1039,996,537,3174,478,5185,.19575699,0,0,10/1/18,10/31/18,10/1/18
CO,2018,11,76831,85012,203836,798514,161843,1002350,5043,4056,962,938,515,3051,423,4927,.19037955,0,0,11/1/18,11/30/18,11/1/18
CO,2018,12,76831,85012,203836,798514,161843,1002350,5011,4022,976,967,520,2991,444,4922,.19585535,0,0,12/1/18,12/31/18,12/1/18
CO,2019,1,79292,82787,212804,806044,162079,1018848,5091,4067,1008,955,547,3057,448,5007,.1987218,0,0,1/1/19,1/31/19,1/1/19
CO,2019,2,79292,82787,212804,806044,162079,1018848,4650,3774,859,879,423,2851,412,4565,.18291347,0,0,2/1/19,2/28/19,2/1/19
CO,2019,3,79292,82787,212804,806044,162079,1018848,5116,4104,992,887,535,3157,447,5026,.195384,0,0,3/1/19,3/31/19,3/1/19
CO,2019,4,79292,82787,212804,806044,162079,1018848,5036,4145,881,945,470,3156,397,4968,.1745169,0,0,4/1/19,4/30/19,4/1/19
CO,2019,5,79292,82787,212804,806044,162079,1018848,5392,4300,1074,991,570,3247,494,5302,.20067899,0,0,5/1/19,5/31/19,5/1/19
CO,2019,6,79292,82787,212804,806044,162079,1018848,5224,4234,979,986,546,3186,415,5133,.18721995,0,0,6/1/19,6/30/19,6/1/19
CO,2019,7,79292,82787,212804,806044,162079,1018848,5579,4488,1082,1055,619,3369,447,5490,.19417122,0,0,7/1/19,7/31/19,7/1/19
CO,2019,8,79292,82787,212804,806044,162079,1018848,5777,4694,1074,1051,615,3575,447,5688,.18670887,0,0,8/1/19,8/31/19,8/1/19
CO,2019,9,79292,82787,212804,806044,162079,1018848,5456,4406,1037,964,562,3366,458,5350,.1906542,0,0,9/1/19,9/30/19,9/1/19
CO,2019,10,79292,82787,212804,806044,162079,1018848,5470,4370,1086,1043,571,3246,491,5351,.19846758,0,0,10/1/19,10/31/19,10/1/19
CO,2019,11,79292,82787,212804,806044,162079,1018848,4933,3945,980,920,547,2966,419,4852,.19909316,0,0,11/1/19,11/30/19,11/1/19
CO,2019,12,79292,82787,212804,806044,162079,1018848,4971,4071,892,977,468,3020,404,4869,.17909221,0,0,12/1/19,12/31/19,12/1/19
CO,2020,1,78307,81547,204132,797964,159854,1002096,4969,4021,941,933,529,3043,403,4908,.18989405,0,0,1/1/20,1/31/20,1/1/20
CO,2020,2,78307,81547,204132,797964,159854,1002096,4697,3754,932,893,497,2816,424,4630,.19892009,0,0,2/1/20,2/28/20,2/1/20
CO,2020,3,78307,81547,204132,797964,159854,1002096,5278,4244,1027,1005,556,3176,458,5195,.19518769,0,0,3/1/20,3/31/20,3/1/20
CO,2020,4,78307,81547,204132,797964,159854,1002096,5082,4073,996,993,532,3025,456,5006,.19736317,0,0,4/1/20,4/30/20,4/1/20
CO,2020,5,78307,81547,204132,797964,159854,1002096,5257,4259,987,973,505,3250,472,5200,.18788461,0,0,5/1/20,5/31/20,5/1/20
CO,2020,6,78307,81547,204132,797964,159854,1002096,5152,4193,947,951,510,3191,432,5084,.18528718,0,0,6/1/20,6/30/20,6/1/20
CO,2020,7,78307,81547,204132,797964,159854,1002096,5497,4457,1020,1032,559,3383,452,5426,.1863251,0,0,7/1/20,7/31/20,7/1/20
CO,2020,8,78307,81547,204132,797964,159854,1002096,5393,4392,991,1103,514,3238,470,5325,.18478873,0,0,8/1/20,8/31/20,8/1/20
CO,2020,9,78307,81547,204132,797964,159854,1002096,5232,4181,1046,1051,588,3086,455,5180,.20135134,0,0,9/1/20,9/30/20,9/1/20
CO,2020,10,78307,81547,204132,797964,159854,1002096,5216,4154,1054,982,553,3136,496,5167,.20301916,0,0,10/1/20,10/31/20,10/1/20
CO,2020,11,78307,81547,204132,797964,159854,1002096,4764,3835,919,941,488,2852,424,4705,.19383635,0,0,11/1/20,11/30/20,11/1/20
CO,2020,12,78307,81547,204132,797964,159854,1002096,4792,3858,921,897,457,2927,458,4739,.19307871,0,0,12/1/20,12/31/20,12/1/20
CO,2021,1,76678,86222,219893,821284,162900,1041177,4660,3794,862,967,461,2781,393,4602,.18557149,0,0,1/1/21,1/31/21,1/1/21
CO,2021,2,76678,86222,219893,821284,162900,1041177,4762,3947,799,847,414,3074,380,4715,.16839872,0,0,2/1/21,2/28/21,2/1/21
CO,2021,3,76678,86222,219893,821284,162900,1041177,5259,4312,937,961,491,3308,442,5202,.1793541,0,0,3/1/21,3/31/21,3/1/21
CO,2021,4,76678,86222,219893,821284,162900,1041177,5312,4354,949,1022,496,3295,444,5257,.17880921,0,0,4/1/21,4/30/21,4/1/21
CO,2021,5,76678,86222,219893,821284,162900,1041177,5405,4398,992,1043,529,3311,453,5336,.18403298,0,0,5/1/21,5/31/21,5/1/21
CO,2021,6,76678,86222,219893,821284,162900,1041177,5508,4538,958,1015,513,3478,442,5448,.17529368,0,0,6/1/21,6/30/21,6/1/21
CO,2021,7,76678,86222,219893,821284,162900,1041177,5583,4579,989,1113,545,3422,442,5522,.17873959,0,0,7/1/21,7/31/21,7/1/21
CO,2021,8,76678,86222,219893,821284,162900,1041177,5630,4592,1026,1107,558,3453,466,5584,.1833811,0,0,8/1/21,8/31/21,8/1/21
CO,2021,9,76678,86222,219893,821284,162900,1041177,5362,4316,1042,1040,553,3240,485,5318,.19518615,0,0,9/1/21,9/30/21,9/1/21
CO,2021,10,76678,86222,219893,821284,162900,1041177,5274,4255,1008,1025,551,3184,450,5210,.19213052,0,0,10/1/21,10/31/21,10/1/21
CO,2021,11,76678,86222,219893,821284,162900,1041177,4975,4043,920,970,489,3040,427,4926,.1859521,0,0,11/1/21,11/30/21,11/1/21
CO,2021,12,76678,86222,219893,821284,162900,1041177,5022,4040,968,1009,559,2982,403,4953,.19422573,0,0,12/1/21,12/31/21,12/1/21
CO,2022,1,74418,84006,232317,824124,158424,1056441,4875,3964,903,1011,493,2913,404,4821,.18606098,0,0,1/1/22,1/31/22,1/1/22
CO,2022,2,74418,84006,232317,824124,158424,1056441,4616,3695,909,864,490,2794,408,4556,.19710273,0,0,2/1/22,2/28/22,2/1/22
CO,2022,3,74418,84006,232317,824124,158424,1056441,5260,4307,941,1030,497,3227,441,5195,.18055823,0,0,3/1/22,3/31/22,3/1/22
CO,2022,4,74418,84006,232317,824124,158424,1056441,5069,4104,960,1022,513,3047,440,5022,.18976504,0,0,4/1/22,4/30/22,4/1/22
CO,2022,5,74418,84006,232317,824124,158424,1056441,5374,4361,999,1081,548,3238,440,5307,.18616921,0,0,5/1/22,5/31/22,5/1/22
CO,2022,6,74418,84006,232317,824124,158424,1056441,5306,4292,1003,1012,551,3229,442,5234,.18972105,0,0,6/1/22,6/30/22,6/1/22
CO,2022,7,74418,84006,232317,824124,158424,1056441,5514,4467,1035,1134,563,3291,464,5452,.18837124,0,0,7/1/22,7/31/22,7/1/22
CO,2022,8,74418,84006,232317,824124,158424,1056441,5483,4425,1047,1117,565,3248,475,5405,.19241443,0,0,8/1/22,8/31/22,8/1/22
CO,2022,9,74418,84006,232317,824124,158424,1056441,5205,4207,981,1070,538,3088,439,5135,.1902629,0,0,9/1/22,9/30/22,9/1/22
CO,2022,10,74418,84006,232317,824124,158424,1056441,5387,4348,1030,1131,559,3176,464,5330,.19193245,0,0,10/1/22,10/31/22,10/1/22
CO,2022,11,74418,84006,232317,824124,158424,1056441,5027,4029,993,998,517,2997,470,4982,.1981132,0,0,11/1/22,11/30/22,11/1/22
CO,2022,12,74418,84006,232317,824124,158424,1056441,5070,4046,1017,1026,578,2976,431,5011,.20135702,0,0,12/1/22,12/31/22,12/1/22
CO,2023,1,71338,78558,239469,834410,149896,1073879,4864,3868,990,978,572,2849,411,4810,.20436591,0,0,1/1/23,1/31/23,1/1/23
CO,2023,2,71338,78558,239469,834410,149896,1073879,4636,3757,874,952,474,2765,395,4586,.18948975,0,0,2/1/23,2/28/23,2/1/23
CO,2023,3,71338,78558,239469,834410,149896,1073879,5235,4244,984,1074,537,3132,446,5189,.18943919,0,0,3/1/23,3/31/23,3/1/23
CO,2023,4,71338,78558,239469,834410,149896,1073879,5080,4069,1003,1008,549,3022,451,5030,.19880715,0,0,4/1/23,4/30/23,4/1/23
CO,2023,5,71338,78558,239469,834410,149896,1073879,5256,4216,1033,1013,595,3161,428,5197,.19684434,0,0,5/1/23,5/31/23,5/1/23
CO,2023,6,71338,78558,239469,834410,149896,1073879,5227,4178,1041,1055,585,3089,451,5180,.2,0,0,6/1/23,6/30/23,6/1/23
CO,2023,7,71338,78558,239469,834410,149896,1073879,5233,4158,1068,1079,574,3048,490,5191,.20497014,0,0,7/1/23,7/31/23,7/1/23
CO,2023,8,71338,78558,239469,834410,149896,1073879,5536,4400,1129,1168,678,3186,447,5479,.20532943,0,0,8/1/23,8/31/23,8/1/23
CO,2023,9,71338,78558,239469,834410,149896,1073879,5158,4031,1111,1015,639,2969,466,5089,.217135,0,0,9/1/23,9/30/23,9/1/23
CO,2023,10,71338,78558,239469,834410,149896,1073879,5157,4074,1074,1000,608,3017,460,5085,.2100295,0,0,10/1/23,10/31/23,10/1/23
CO,2023,11,71338,78558,239469,834410,149896,1073879,4986,3843,1129,1032,649,2769,472,4922,.22775294,0,0,11/1/23,11/30/23,11/1/23
CO,2023,12,71338,78558,239469,834410,149896,1073879,4918,3875,1032,1033,603,2770,415,4821,.21115951,0,0,12/1/23,12/31/23,12/1/23
CT,2016,1,60486,88450,73907,450243,148936,524150,2815,2012,800,305,357,1698,440,2800,.28464285,0,0,1/1/16,1/31/16,1/1/16
CT,2016,2,60486,88450,73907,450243,148936,524150,2682,1849,828,282,362,1565,466,2675,.3095327,0,0,2/1/16,2/28/16,2/1/16
CT,2016,3,60486,88450,73907,450243,148936,524150,2975,2054,915,301,388,1751,526,2966,.30815914,0,0,3/1/16,3/31/16,3/1/16
CT,2016,4,60486,88450,73907,450243,148936,524150,3047,2124,921,342,421,1777,497,3037,.30227199,0,0,4/1/16,4/30/16,4/1/16
CT,2016,5,60486,88450,73907,450243,148936,524150,3126,2196,926,306,406,1889,519,3120,.29647437,0,0,5/1/16,5/31/16,5/1/16
CT,2016,6,60486,88450,73907,450243,148936,524150,3088,2181,905,335,388,1840,516,3079,.29360181,0,0,6/1/16,6/30/16,6/1/16
CT,2016,7,60486,88450,73907,450243,148936,524150,3151,2238,913,339,407,1892,505,3143,.29016864,0,0,7/1/16,7/31/16,7/1/16
CT,2016,8,60486,88450,73907,450243,148936,524150,3237,2315,917,351,404,1955,512,3222,.28429547,0,0,8/1/16,8/31/16,8/1/16
CT,2016,9,60486,88450,73907,450243,148936,524150,3099,2152,943,330,419,1815,521,3085,.30470017,0,0,9/1/16,9/30/16,9/1/16
CT,2016,10,60486,88450,73907,450243,148936,524150,2932,1992,939,310,404,1678,532,2924,.32010943,0,0,10/1/16,10/31/16,10/1/16
CT,2016,11,60486,88450,73907,450243,148936,524150,2767,1954,811,334,358,1617,453,2762,.2936278,0,0,11/1/16,11/30/16,11/1/16
CT,2016,12,60486,88450,73907,450243,148936,524150,2946,2006,936,318,423,1682,513,2936,.31880108,0,0,12/1/16,12/31/16,12/1/16
CT,2017,1,60391,83248,75997,453341,143639,529338,2772,1936,832,332,383,1603,446,2764,.29992765,0,0,1/1/17,1/31/17,1/1/17
CT,2017,2,60391,83248,75997,453341,143639,529338,2553,1765,785,315,342,1447,442,2546,.30793402,0,0,2/1/17,2/28/17,2/1/17
CT,2017,3,60391,83248,75997,453341,143639,529338,2968,2093,871,336,381,1755,489,2961,.29381967,0,0,3/1/17,3/31/17,3/1/17
CT,2017,4,60391,83248,75997,453341,143639,529338,2887,2058,827,331,365,1725,461,2882,.28660652,0,0,4/1/17,4/30/17,4/1/17
CT,2017,5,60391,83248,75997,453341,143639,529338,3032,2167,863,331,404,1835,459,3029,.28491253,0,0,5/1/17,5/31/17,5/1/17
CT,2017,6,60391,83248,75997,453341,143639,529338,3009,2131,874,365,389,1763,485,3002,.29113925,0,0,6/1/17,6/30/17,6/1/17
CT,2017,7,60391,83248,75997,453341,143639,529338,3022,2116,903,363,403,1750,499,3015,.29917082,0,0,7/1/17,7/31/17,7/1/17
CT,2017,8,60391,83248,75997,453341,143639,529338,3190,2247,942,361,435,1885,507,3188,.29548305,0,0,8/1/17,8/31/17,8/1/17
CT,2017,9,60391,83248,75997,453341,143639,529338,3125,2220,900,366,416,1852,483,3117,.28841835,0,0,9/1/17,9/30/17,9/1/17
CT,2017,10,60391,83248,75997,453341,143639,529338,2943,2046,894,327,382,1715,511,2935,.30425894,0,0,10/1/17,10/31/17,10/1/17
CT,2017,11,60391,83248,75997,453341,143639,529338,2882,1950,930,365,403,1583,527,2878,.32314107,0,0,11/1/17,11/30/17,11/1/17
CT,2017,12,60391,83248,75997,453341,143639,529338,2696,1880,815,325,379,1555,436,2695,.30241188,0,0,12/1/17,12/31/17,12/1/17
CT,2018,1,63733,84256,74317,446000,147989,520317,2795,1964,829,340,367,1621,461,2789,.2968806,0,0,1/1/18,1/31/18,1/1/18
CT,2018,2,63733,84256,74317,446000,147989,520317,2476,1752,721,264,313,1486,408,2471,.2917847,0,0,2/1/18,2/28/18,2/1/18
CT,2018,3,63733,84256,74317,446000,147989,520317,2893,2057,834,324,380,1727,453,2884,.28883496,0,0,3/1/18,3/31/18,3/1/18
CT,2018,4,63733,84256,74317,446000,147989,520317,2791,2003,785,295,334,1708,450,2787,.28130606,0,0,4/1/18,4/30/18,4/1/18
CT,2018,5,63733,84256,74317,446000,147989,520317,3103,2223,877,363,411,1858,466,3098,.28308585,0,0,5/1/18,5/31/18,5/1/18
CT,2018,6,63733,84256,74317,446000,147989,520317,2902,2092,809,379,370,1708,439,2896,.27935082,0,0,6/1/18,6/30/18,6/1/18
CT,2018,7,63733,84256,74317,446000,147989,520317,2989,2118,871,363,389,1753,482,2987,.29159692,0,0,7/1/18,7/31/18,7/1/18
CT,2018,8,63733,84256,74317,446000,147989,520317,3069,2168,899,350,422,1817,477,3066,.29321593,0,0,8/1/18,8/31/18,8/1/18
CT,2018,9,63733,84256,74317,446000,147989,520317,2908,2032,874,362,408,1670,466,2906,.30075705,0,0,9/1/18,9/30/18,9/1/18
CT,2018,10,63733,84256,74317,446000,147989,520317,3080,2174,906,398,415,1774,491,3078,.29434699,0,0,10/1/18,10/31/18,10/1/18
CT,2018,11,63733,84256,74317,446000,147989,520317,2816,1966,848,326,398,1639,450,2813,.30145752,0,0,11/1/18,11/30/18,11/1/18
CT,2018,12,63733,84256,74317,446000,147989,520317,2784,1909,874,332,418,1576,456,2782,.31416246,0,0,12/1/18,12/31/18,12/1/18
CT,2019,1,59784,85016,76089,448272,144800,524361,2785,1946,836,340,379,1605,457,2781,.30061129,0,0,1/1/19,1/31/19,1/1/19
CT,2019,2,59784,85016,76089,448272,144800,524361,2574,1817,756,325,345,1491,411,2572,.29393467,0,0,2/1/19,2/28/19,2/1/19
CT,2019,3,59784,85016,76089,448272,144800,524361,2832,2022,808,322,388,1699,419,2828,.28536066,0,0,3/1/19,3/31/19,3/1/19
CT,2019,4,59784,85016,76089,448272,144800,524361,2803,2024,774,313,347,1710,426,2796,.27646637,0,0,4/1/19,4/30/19,4/1/19
CT,2019,5,59784,85016,76089,448272,144800,524361,2875,2076,797,324,345,1751,452,2872,.27750698,0,0,5/1/19,5/31/19,5/1/19
CT,2019,6,59784,85016,76089,448272,144800,524361,2827,2022,801,356,383,1666,418,2823,.2837407,0,0,6/1/19,6/30/19,6/1/19
CT,2019,7,59784,85016,76089,448272,144800,524361,3021,2122,898,303,437,1817,460,3017,.29731521,0,0,7/1/19,7/31/19,7/1/19
CT,2019,8,59784,85016,76089,448272,144800,524361,3191,2261,930,401,433,1858,497,3189,.29162747,0,0,8/1/19,8/31/19,8/1/19
CT,2019,9,59784,85016,76089,448272,144800,524361,2852,2029,823,367,386,1662,436,2851,.28831989,0,0,9/1/19,9/30/19,9/1/19
CT,2019,10,59784,85016,76089,448272,144800,524361,2948,2074,872,357,419,1716,453,2945,.29609507,0,0,10/1/19,10/31/19,10/1/19
CT,2019,11,59784,85016,76089,448272,144800,524361,2691,1863,825,309,391,1553,434,2687,.30703387,0,0,11/1/19,11/30/19,11/1/19
CT,2019,12,59784,85016,76089,448272,144800,524361,2731,1908,821,342,385,1563,436,2726,.3011739,0,0,12/1/19,12/31/19,12/1/19
CT,2020,1,62216,85946,75388,447605,148162,522993,2782,1959,818,373,383,1582,435,2773,.29498738,0,0,1/1/20,1/31/20,1/1/20
CT,2020,2,62216,85946,75388,447605,148162,522993,2487,1791,695,303,357,1487,338,2485,.27967808,0,0,2/1/20,2/28/20,2/1/20
CT,2020,3,62216,85946,75388,447605,148162,522993,2847,2037,810,365,370,1672,440,2847,.28451002,0,0,3/1/20,3/31/20,3/1/20
CT,2020,4,62216,85946,75388,447605,148162,522993,2719,1934,784,319,383,1614,401,2717,.28855357,0,0,4/1/20,4/30/20,4/1/20
CT,2020,5,62216,85946,75388,447605,148162,522993,2836,2018,818,344,395,1673,423,2835,.28853616,0,0,5/1/20,5/31/20,5/1/20
CT,2020,6,62216,85946,75388,447605,148162,522993,2878,2091,785,330,383,1760,402,2875,.27304348,0,0,6/1/20,6/30/20,6/1/20
CT,2020,7,62216,85946,75388,447605,148162,522993,3007,2207,798,394,364,1813,434,3005,.26555741,0,0,7/1/20,7/31/20,7/1/20
CT,2020,8,62216,85946,75388,447605,148162,522993,2998,2099,899,401,422,1691,476,2990,.30033445,0,0,8/1/20,8/31/20,8/1/20
CT,2020,9,62216,85946,75388,447605,148162,522993,2879,2056,822,367,396,1685,426,2874,.28601253,0,0,9/1/20,9/30/20,9/1/20
CT,2020,10,62216,85946,75388,447605,148162,522993,2829,2015,811,363,396,1649,414,2822,.28703049,0,0,10/1/20,10/31/20,10/1/20
CT,2020,11,62216,85946,75388,447605,148162,522993,2518,1774,741,332,364,1442,377,2515,.2946322,0,0,11/1/20,11/30/20,11/1/20
CT,2020,12,62216,85946,75388,447605,148162,522993,2546,1828,716,351,360,1475,356,2542,.28166798,0,0,12/1/20,12/31/20,12/1/20
CT,2021,1,64331,85026,83332,452651,149357,535983,2411,1748,662,340,340,1408,322,2410,.27468881,0,0,1/1/21,1/31/21,1/1/21
CT,2021,2,64331,85026,83332,452651,149357,535983,2534,1826,708,303,330,1522,378,2533,.27951047,0,0,2/1/21,2/28/21,2/1/21
CT,2021,3,64331,85026,83332,452651,149357,535983,2990,2215,773,374,388,1840,385,2987,.25878808,0,0,3/1/21,3/31/21,3/1/21
CT,2021,4,64331,85026,83332,452651,149357,535983,2959,2201,758,384,352,1815,406,2957,.25634089,0,0,4/1/21,4/30/21,4/1/21
CT,2021,5,64331,85026,83332,452651,149357,535983,3050,2274,775,384,381,1888,392,3045,.25385877,0,0,5/1/21,5/31/21,5/1/21
CT,2021,6,64331,85026,83332,452651,149357,535983,3104,2283,820,391,424,1890,395,3100,.26419353,0,0,6/1/21,6/30/21,6/1/21
CT,2021,7,64331,85026,83332,452651,149357,535983,3228,2367,860,452,404,1913,454,3223,.2662116,0,0,7/1/21,7/31/21,7/1/21
CT,2021,8,64331,85026,83332,452651,149357,535983,3312,2427,882,439,437,1987,445,3308,.26662636,0,0,8/1/21,8/31/21,8/1/21
CT,2021,9,64331,85026,83332,452651,149357,535983,3239,2379,857,437,435,1938,422,3232,.26516089,0,0,9/1/21,9/30/21,9/1/21
CT,2021,10,64331,85026,83332,452651,149357,535983,2975,2162,811,431,405,1730,406,2972,.27288023,0,0,10/1/21,10/31/21,10/1/21
CT,2021,11,64331,85026,83332,452651,149357,535983,2837,2008,826,402,379,1605,447,2833,.29156372,0,0,11/1/21,11/30/21,11/1/21
CT,2021,12,64331,85026,83332,452651,149357,535983,2890,2042,847,413,417,1627,430,2887,.29338413,0,0,12/1/21,12/31/21,12/1/21
CT,2022,1,61361,89239,90012,455838,150600,545850,2688,1890,796,328,403,1562,393,2686,.29635146,0,0,1/1/22,1/31/22,1/1/22
CT,2022,2,61361,89239,90012,455838,150600,545850,2569,1821,746,336,390,1485,356,2567,.29061159,0,0,2/1/22,2/28/22,2/1/22
CT,2022,3,61361,89239,90012,455838,150600,545850,2992,2204,787,370,392,1834,395,2991,.26312271,0,0,3/1/22,3/31/22,3/1/22
CT,2022,4,61361,89239,90012,455838,150600,545850,2875,2069,803,354,400,1714,403,2871,.27969348,0,0,4/1/22,4/30/22,4/1/22
CT,2022,5,61361,89239,90012,455838,150600,545850,2946,2088,857,372,420,1716,435,2943,.29051986,0,0,5/1/22,5/31/22,5/1/22
CT,2022,6,61361,89239,90012,455838,150600,545850,2970,2183,784,376,393,1807,390,2966,.26399192,0,0,6/1/22,6/30/22,6/1/22
CT,2022,7,61361,89239,90012,455838,150600,545850,3145,2275,870,439,437,1835,433,3144,.27671754,0,0,7/1/22,7/31/22,7/1/22
CT,2022,8,61361,89239,90012,455838,150600,545850,3229,2324,903,408,470,1915,433,3226,.27991322,0,0,8/1/22,8/31/22,8/1/22
CT,2022,9,61361,89239,90012,455838,150600,545850,2983,2148,831,392,423,1756,408,2979,.27895266,0,0,9/1/22,9/30/22,9/1/22
CT,2022,10,61361,89239,90012,455838,150600,545850,2924,2085,838,356,440,1727,397,2920,.28664383,0,0,10/1/22,10/31/22,10/1/22
CT,2022,11,61361,89239,90012,455838,150600,545850,2919,2096,822,394,411,1699,411,2915,.28198969,0,0,11/1/22,11/30/22,11/1/22
CT,2022,12,61361,89239,90012,455838,150600,545850,2961,2066,889,405,445,1658,444,2952,.30115175,0,0,12/1/22,12/31/22,12/1/22
CT,2023,1,62229,90339,92320,444045,152568,536365,2743,1916,826,361,442,1554,384,2741,.30134988,0,0,1/1/23,1/31/23,1/1/23
CT,2023,2,62229,90339,92320,444045,152568,536365,2628,1829,798,344,423,1484,375,2626,.30388424,0,0,2/1/23,2/28/23,2/1/23
CT,2023,3,62229,90339,92320,444045,152568,536365,2867,2084,780,392,401,1692,379,2864,.27234638,0,0,3/1/23,3/31/23,3/1/23
CT,2023,4,62229,90339,92320,444045,152568,536365,2773,1969,804,345,403,1624,401,2773,.28993869,0,0,4/1/23,4/30/23,4/1/23
CT,2023,5,62229,90339,92320,444045,152568,536365,2918,2139,777,369,384,1768,393,2914,.26664379,0,0,5/1/23,5/31/23,5/1/23
CT,2023,6,62229,90339,92320,444045,152568,536365,2872,2052,820,352,420,1700,400,2872,.28551531,0,0,6/1/23,6/30/23,6/1/23
CT,2023,7,62229,90339,92320,444045,152568,536365,3044,2170,872,407,444,1762,427,3040,.28651315,0,0,7/1/23,7/31/23,7/1/23
CT,2023,8,62229,90339,92320,444045,152568,536365,3126,2224,902,404,495,1816,407,3122,.28891736,0,0,8/1/23,8/31/23,8/1/23
CT,2023,9,62229,90339,92320,444045,152568,536365,2880,1977,900,382,491,1594,409,2876,.31293464,0,0,9/1/23,9/30/23,9/1/23
CT,2023,10,62229,90339,92320,444045,152568,536365,2974,2044,927,359,469,1684,457,2969,.31188953,0,0,10/1/23,10/31/23,10/1/23
CT,2023,11,62229,90339,92320,444045,152568,536365,2771,1950,820,362,464,1588,356,2770,.29602888,0,0,11/1/23,11/30/23,11/1/23
CT,2023,12,62229,90339,92320,444045,152568,536365,2814,1984,828,415,436,1569,392,2812,.29445234,0,0,12/1/23,12/31/23,12/1/23
DC,2016,1,10574,18713,8169,145516,29287,153685,777,556,220,19,88,537,132,776,.28350514,0,0,1/1/16,1/31/16,1/1/16
DC,2016,2,10574,18713,8169,145516,29287,153685,752,565,185,18,67,547,118,750,.24666667,0,0,2/1/16,2/28/16,2/1/16
DC,2016,3,10574,18713,8169,145516,29287,153685,846,610,235,22,102,588,132,844,.27725118,0,0,3/1/16,3/31/16,3/1/16
DC,2016,4,10574,18713,8169,145516,29287,153685,705,524,180,20,69,503,111,703,.25604552,0,0,4/1/16,4/30/16,4/1/16
DC,2016,5,10574,18713,8169,145516,29287,153685,841,607,231,25,100,581,131,837,.27598566,0,0,5/1/16,5/31/16,5/1/16
DC,2016,6,10574,18713,8169,145516,29287,153685,856,640,211,32,82,607,129,850,.2482353,0,0,6/1/16,6/30/16,6/1/16
DC,2016,7,10574,18713,8169,145516,29287,153685,881,667,211,28,86,638,124,876,.23972602,0,0,7/1/16,7/31/16,7/1/16
DC,2016,8,10574,18713,8169,145516,29287,153685,887,651,231,16,88,635,143,882,.26190478,0,0,8/1/16,8/31/16,8/1/16
DC,2016,9,10574,18713,8169,145516,29287,153685,846,600,240,29,109,571,131,840,.2857143,0,0,9/1/16,9/30/16,9/1/16
DC,2016,10,10574,18713,8169,145516,29287,153685,833,611,220,33,89,577,131,830,.26506025,0,0,10/1/16,10/31/16,10/1/16
DC,2016,11,10574,18713,8169,145516,29287,153685,755,555,195,16,76,538,119,749,.26034713,0,0,11/1/16,11/30/16,11/1/16
DC,2016,12,10574,18713,8169,145516,29287,153685,816,598,212,33,94,561,117,805,.26211181,0,0,12/1/16,12/31/16,12/1/16
DC,2017,1,10913,25476,8404,143044,36389,151448,768,563,197,28,82,534,115,759,.25955203,0,0,1/1/17,1/31/17,1/1/17
DC,2017,2,10913,25476,8404,143044,36389,151448,716,548,158,31,61,515,97,704,.22443181,0,0,2/1/17,2/28/17,2/1/17
DC,2017,3,10913,25476,8404,143044,36389,151448,776,567,203,22,85,545,118,770,.26363635,0,0,3/1/17,3/31/17,3/1/17
DC,2017,4,10913,25476,8404,143044,36389,151448,741,532,204,18,76,514,128,736,.27717391,0,0,4/1/17,4/30/17,4/1/17
DC,2017,5,10913,25476,8404,143044,36389,151448,797,570,222,18,92,552,130,792,.28030303,0,0,5/1/17,5/31/17,5/1/17
DC,2017,6,10913,25476,8404,143044,36389,151448,842,656,178,44,73,612,105,834,.21342926,0,0,6/1/17,6/30/17,6/1/17
DC,2017,7,10913,25476,8404,143044,36389,151448,889,640,241,30,109,610,132,881,.27355278,0,0,7/1/17,7/31/17,7/1/17
DC,2017,8,10913,25476,8404,143044,36389,151448,844,622,221,33,82,589,139,843,.26215896,0,0,8/1/17,8/31/17,8/1/17
DC,2017,9,10913,25476,8404,143044,36389,151448,809,603,205,32,90,571,115,808,.25371286,0,0,9/1/17,9/30/17,9/1/17
DC,2017,10,10913,25476,8404,143044,36389,151448,797,606,187,15,87,591,100,793,.23581336,0,0,10/1/17,10/31/17,10/1/17
DC,2017,11,10913,25476,8404,143044,36389,151448,769,582,182,15,69,567,113,764,.2382199,0,0,11/1/17,11/30/17,11/1/17
DC,2017,12,10913,25476,8404,143044,36389,151448,765,557,206,24,103,533,103,763,.2699869,0,0,12/1/17,12/31/17,12/1/17
DC,2018,1,10112,26813,9250,143610,36925,152860,755,551,201,31,89,520,112,752,.26728722,0,0,1/1/18,1/31/18,1/1/18
DC,2018,2,10112,26813,9250,143610,36925,152860,690,534,155,18,64,516,91,689,.22496371,0,0,2/1/18,2/28/18,2/1/18
DC,2018,3,10112,26813,9250,143610,36925,152860,739,549,189,24,81,525,108,738,.25609756,0,0,3/1/18,3/31/18,3/1/18
DC,2018,4,10112,26813,9250,143610,36925,152860,717,527,187,14,70,513,117,714,.26190478,0,0,4/1/18,4/30/18,4/1/18
DC,2018,5,10112,26813,9250,143610,36925,152860,786,589,196,33,63,556,133,785,.24968153,0,0,5/1/18,5/31/18,5/1/18
DC,2018,6,10112,26813,9250,143610,36925,152860,786,590,195,29,75,561,120,785,.24840765,0,0,6/1/18,6/30/18,6/1/18
DC,2018,7,10112,26813,9250,143610,36925,152860,805,609,194,25,92,584,102,803,.24159402,0,0,7/1/18,7/31/18,7/1/18
DC,2018,8,10112,26813,9250,143610,36925,152860,815,583,230,29,85,554,145,813,.28290284,0,0,8/1/18,8/31/18,8/1/18
DC,2018,9,10112,26813,9250,143610,36925,152860,743,549,191,26,83,522,108,739,.25845736,0,0,9/1/18,9/30/18,9/1/18
DC,2018,10,10112,26813,9250,143610,36925,152860,827,617,207,31,83,586,124,824,.25121358,0,0,10/1/18,10/31/18,10/1/18
DC,2018,11,10112,26813,9250,143610,36925,152860,738,560,178,17,81,543,97,738,.24119242,0,0,11/1/18,11/30/18,11/1/18
DC,2018,12,10112,26813,9250,143610,36925,152860,746,542,203,35,105,507,98,745,.27248323,0,0,12/1/18,12/31/18,12/1/18
DC,2019,1,8807,17309,10160,153697,26116,163857,771,589,180,23,72,566,108,769,.23407023,0,0,1/1/19,1/31/19,1/1/19
DC,2019,2,8807,17309,10160,153697,26116,163857,631,481,149,32,61,449,88,630,.23650794,0,0,2/1/19,2/28/19,2/1/19
DC,2019,3,8807,17309,10160,153697,26116,163857,741,547,194,29,94,518,99,740,.26081082,0,0,3/1/19,3/31/19,3/1/19
DC,2019,4,8807,17309,10160,153697,26116,163857,674,494,178,21,72,472,106,671,.26527572,0,0,4/1/19,4/30/19,4/1/19
DC,2019,5,8807,17309,10160,153697,26116,163857,773,587,186,32,77,555,109,773,.24062096,0,0,5/1/19,5/31/19,5/1/19
DC,2019,6,8807,17309,10160,153697,26116,163857,745,565,175,27,76,538,99,740,.23648648,0,0,6/1/19,6/30/19,6/1/19
DC,2019,7,8807,17309,10160,153697,26116,163857,810,627,179,48,84,579,95,806,.22208437,0,0,7/1/19,7/31/19,7/1/19
DC,2019,8,8807,17309,10160,153697,26116,163857,806,575,227,29,110,546,117,802,.2830424,0,0,8/1/19,8/31/19,8/1/19
DC,2019,9,8807,17309,10160,153697,26116,163857,769,571,197,36,90,535,107,768,.25651041,0,0,9/1/19,9/30/19,9/1/19
DC,2019,10,8807,17309,10160,153697,26116,163857,800,599,200,30,76,569,124,799,.25031289,0,0,10/1/19,10/31/19,10/1/19
DC,2019,11,8807,17309,10160,153697,26116,163857,737,558,179,32,74,526,105,737,.24287653,0,0,11/1/19,11/30/19,11/1/19
DC,2019,12,8807,17309,10160,153697,26116,163857,760,584,174,30,83,553,91,757,.22985469,0,0,12/1/19,12/31/19,12/1/19
DC,2020,1,10128,22256,9550,147597,32384,157147,788,596,187,22,83,574,104,783,.23882504,0,0,1/1/20,1/31/20,1/1/20
DC,2020,2,10128,22256,9550,147597,32384,157147,707,517,185,23,85,494,100,702,.26353276,0,0,2/1/20,2/28/20,2/1/20
DC,2020,3,10128,22256,9550,147597,32384,157147,767,559,203,32,96,526,107,761,.26675427,0,0,3/1/20,3/31/20,3/1/20
DC,2020,4,10128,22256,9550,147597,32384,157147,679,513,161,19,75,494,86,674,.23887241,0,0,4/1/20,4/30/20,4/1/20
DC,2020,5,10128,22256,9550,147597,32384,157147,722,536,180,29,97,506,83,715,.25174826,0,0,5/1/20,5/31/20,5/1/20
DC,2020,6,10128,22256,9550,147597,32384,157147,767,585,177,40,88,544,89,761,.23258869,0,0,6/1/20,6/30/20,6/1/20
DC,2020,7,10128,22256,9550,147597,32384,157147,758,589,167,32,77,555,90,754,.22148541,0,0,7/1/20,7/31/20,7/1/20
DC,2020,8,10128,22256,9550,147597,32384,157147,767,595,169,24,77,571,92,764,.22120419,0,0,8/1/20,8/31/20,8/1/20
DC,2020,9,10128,22256,9550,147597,32384,157147,729,549,174,30,82,519,92,723,.2406639,0,0,9/1/20,9/30/20,9/1/20
DC,2020,10,10128,22256,9550,147597,32384,157147,730,537,191,24,93,513,98,728,.26236263,0,0,10/1/20,10/31/20,10/1/20
DC,2020,11,10128,22256,9550,147597,32384,157147,682,512,168,27,73,485,95,680,.24705882,0,0,11/1/20,11/30/20,11/1/20
DC,2020,12,10128,22256,9550,147597,32384,157147,707,526,177,19,85,506,92,702,.25213677,0,0,12/1/20,12/31/20,12/1/20
DC,2021,1,8983,20945,8748,139515,29928,148263,710,556,152,27,65,529,87,708,.21468927,0,0,1/1/21,1/31/21,1/1/21
DC,2021,2,8983,20945,8748,139515,29928,148263,623,465,156,31,66,433,90,620,.2516129,0,0,2/1/21,2/28/21,2/1/21
DC,2021,3,8983,20945,8748,139515,29928,148263,697,530,164,40,66,489,98,693,.23665224,0,0,3/1/21,3/31/21,3/1/21
DC,2021,4,8983,20945,8748,139515,29928,148263,663,514,149,37,78,477,71,663,.22473605,0,0,4/1/21,4/30/21,4/1/21
DC,2021,5,8983,20945,8748,139515,29928,148263,709,522,181,33,79,489,102,703,.25746799,0,0,5/1/21,5/31/21,5/1/21
DC,2021,6,8983,20945,8748,139515,29928,148263,682,520,160,30,80,489,78,677,.23338257,0,0,6/1/21,6/30/21,6/1/21
DC,2021,7,8983,20945,8748,139515,29928,148263,736,570,165,37,76,533,88,734,.22343324,0,0,7/1/21,7/31/21,7/1/21
DC,2021,8,8983,20945,8748,139515,29928,148263,732,553,178,26,82,524,96,728,.24450549,0,0,8/1/21,8/31/21,8/1/21
DC,2021,9,8983,20945,8748,139515,29928,148263,810,560,250,28,94,532,156,810,.30864197,0,0,9/1/21,9/30/21,9/1/21
DC,2021,10,8983,20945,8748,139515,29928,148263,750,522,227,38,74,482,153,747,.30388218,0,0,10/1/21,10/31/21,10/1/21
DC,2021,11,8983,20945,8748,139515,29928,148263,802,542,256,34,95,506,160,795,.32075471,0,0,11/1/21,11/30/21,11/1/21
DC,2021,12,8983,20945,8748,139515,29928,148263,702,487,213,26,86,461,127,700,.30428571,0,0,12/1/21,12/31/21,12/1/21
DC,2022,1,7075,23754,12077,137618,30829,149695,699,532,162,33,74,499,87,693,.23232323,0,0,1/1/22,1/31/22,1/1/22
DC,2022,2,7075,23754,12077,137618,30829,149695,601,432,168,23,83,407,85,598,.28093645,0,0,2/1/22,2/28/22,2/1/22
DC,2022,3,7075,23754,12077,137618,30829,149695,668,490,177,27,78,461,99,665,.26616541,0,0,3/1/22,3/31/22,3/1/22
DC,2022,4,7075,23754,12077,137618,30829,149695,632,483,143,36,70,445,73,624,.22916667,0,0,4/1/22,4/30/22,4/1/22
DC,2022,5,7075,23754,12077,137618,30829,149695,620,458,161,31,65,424,96,616,.26136363,0,0,5/1/22,5/31/22,5/1/22
DC,2022,6,7075,23754,12077,137618,30829,149695,685,502,175,32,91,467,84,674,.25964391,0,0,6/1/22,6/30/22,6/1/22
DC,2022,7,7075,23754,12077,137618,30829,149695,679,491,181,36,82,452,99,669,.27055305,0,0,7/1/22,7/31/22,7/1/22
DC,2022,8,7075,23754,12077,137618,30829,149695,756,540,212,37,102,501,110,750,.28266665,0,0,8/1/22,8/31/22,8/1/22
DC,2022,9,7075,23754,12077,137618,30829,149695,659,501,156,35,65,463,91,654,.23853211,0,0,9/1/22,9/30/22,9/1/22
DC,2022,10,7075,23754,12077,137618,30829,149695,653,472,174,30,86,442,87,645,.26821706,0,0,10/1/22,10/31/22,10/1/22
DC,2022,11,7075,23754,12077,137618,30829,149695,657,487,162,26,77,457,85,645,.2511628,0,0,11/1/22,11/30/22,11/1/22
DC,2022,12,7075,23754,12077,137618,30829,149695,706,511,183,31,84,480,99,694,.26368877,0,0,12/1/22,12/31/22,12/1/22
DC,2023,1,8395,21451,11719,142637,29846,154356,666,469,192,26,80,443,111,660,.28939393,0,0,1/1/23,1/31/23,1/1/23
DC,2023,2,8395,21451,11719,142637,29846,154356,609,438,153,35,73,401,80,589,.25976232,0,0,2/1/23,2/28/23,2/1/23
DC,2023,3,8395,21451,11719,142637,29846,154356,685,496,179,30,88,466,90,674,.26409495,0,0,3/1/23,3/31/23,3/1/23
DC,2023,4,8395,21451,11719,142637,29846,154356,607,432,173,32,95,400,78,605,.28595042,0,0,4/1/23,4/30/23,4/1/23
DC,2023,5,8395,21451,11719,142637,29846,154356,684,498,177,27,82,470,94,673,.26151559,0,0,5/1/23,5/31/23,5/1/23
DC,2023,6,8395,21451,11719,142637,29846,154356,630,451,177,35,84,415,92,626,.28115016,0,0,6/1/23,6/30/23,6/1/23
DC,2023,7,8395,21451,11719,142637,29846,154356,693,511,177,23,100,487,77,687,.25764191,0,0,7/1/23,7/31/23,7/1/23
DC,2023,8,8395,21451,11719,142637,29846,154356,669,460,194,26,95,433,98,652,.29601228,0,0,8/1/23,8/31/23,8/1/23
DC,2023,9,8395,21451,11719,142637,29846,154356,639,456,175,28,82,428,93,631,.27733755,0,0,9/1/23,9/30/23,9/1/23
DC,2023,10,8395,21451,11719,142637,29846,154356,679,486,185,30,87,456,98,671,.2757079,0,0,10/1/23,10/31/23,10/1/23
DC,2023,11,8395,21451,11719,142637,29846,154356,632,436,177,33,86,402,90,611,.28805238,0,0,11/1/23,11/30/23,11/1/23
DC,2023,12,8395,21451,11719,142637,29846,154356,642,463,170,29,87,434,83,633,.26856241,0,0,12/1/23,12/31/23,12/1/23
DE,2016,1,12065,16112,8423,143745,28177,152168,858,665,190,43,79,621,110,853,.22157092,0,0,1/1/16,1/31/16,1/1/16
DE,2016,2,12065,16112,8423,143745,28177,152168,861,699,160,39,66,657,94,856,.18691589,0,0,2/1/16,2/28/16,2/1/16
DE,2016,3,12065,16112,8423,143745,28177,152168,994,803,188,54,66,746,122,988,.1902834,0,0,3/1/16,3/31/16,3/1/16
DE,2016,4,12065,16112,8423,143745,28177,152168,882,724,157,36,52,687,105,880,.17840908,0,0,4/1/16,4/30/16,4/1/16
DE,2016,5,12065,16112,8423,143745,28177,152168,928,710,212,28,73,681,139,921,.23018458,0,0,5/1/16,5/31/16,5/1/16
DE,2016,6,12065,16112,8423,143745,28177,152168,970,737,232,41,99,696,133,969,.23942208,0,0,6/1/16,6/30/16,6/1/16
DE,2016,7,12065,16112,8423,143745,28177,152168,943,760,178,50,66,710,112,938,.18976545,0,0,7/1/16,7/31/16,7/1/16
DE,2016,8,12065,16112,8423,143745,28177,152168,934,716,214,50,74,665,140,929,.23035522,0,0,8/1/16,8/31/16,8/1/16
DE,2016,9,12065,16112,8423,143745,28177,152168,954,715,235,40,81,674,154,949,.24762908,0,0,9/1/16,9/30/16,9/1/16
DE,2016,10,12065,16112,8423,143745,28177,152168,905,704,195,42,80,662,115,899,.21690768,0,0,10/1/16,10/31/16,10/1/16
DE,2016,11,12065,16112,8423,143745,28177,152168,882,669,209,47,89,622,120,878,.238041,0,0,11/1/16,11/30/16,11/1/16
DE,2016,12,12065,16112,8423,143745,28177,152168,836,625,207,47,80,578,126,831,.24789411,0,0,12/1/16,12/31/16,12/1/16
DE,2017,1,10339,17761,9888,143618,28100,153506,873,691,181,53,74,638,107,872,.20756881,0,0,1/1/17,1/31/17,1/1/17
DE,2017,2,10339,17761,9888,143618,28100,153506,805,618,186,45,86,573,100,804,.23134328,0,0,2/1/17,2/28/17,2/1/17
DE,2017,3,10339,17761,9888,143618,28100,153506,917,709,205,52,90,656,115,913,.2245345,0,0,3/1/17,3/31/17,3/1/17
DE,2017,4,10339,17761,9888,143618,28100,153506,850,666,182,59,85,606,95,845,.21301775,0,0,4/1/17,4/30/17,4/1/17
DE,2017,5,10339,17761,9888,143618,28100,153506,933,737,194,64,90,673,104,931,.20837809,0,0,5/1/17,5/31/17,5/1/17
DE,2017,6,10339,17761,9888,143618,28100,153506,958,755,199,55,96,700,103,954,.2085954,0,0,6/1/17,6/30/17,6/1/17
DE,2017,7,10339,17761,9888,143618,28100,153506,942,743,195,60,88,683,107,938,.20788912,0,0,7/1/17,7/31/17,7/1/17
DE,2017,8,10339,17761,9888,143618,28100,153506,946,703,239,61,101,639,137,938,.25373134,0,0,8/1/17,8/31/17,8/1/17
DE,2017,9,10339,17761,9888,143618,28100,153506,927,720,204,48,86,672,118,924,.22077923,0,0,9/1/17,9/30/17,9/1/17
DE,2017,10,10339,17761,9888,143618,28100,153506,971,736,233,66,97,667,136,966,.24120083,0,0,10/1/17,10/31/17,10/1/17
DE,2017,11,10339,17761,9888,143618,28100,153506,832,637,191,53,76,584,114,827,.22974607,0,0,11/1/17,11/30/17,11/1/17
DE,2017,12,10339,17761,9888,143618,28100,153506,871,656,215,58,95,596,120,869,.24741082,0,0,12/1/17,12/31/17,12/1/17
DE,2018,1,10799,16602,9256,141861,27401,151117,861,680,180,52,81,622,98,853,.2098476,0,0,1/1/18,1/31/18,1/1/18
DE,2018,2,10799,16602,9256,141861,27401,151117,798,621,177,55,81,564,95,795,.22138365,0,0,2/1/18,2/28/18,2/1/18
DE,2018,3,10799,16602,9256,141861,27401,151117,940,715,225,53,87,660,138,938,.23987207,0,0,3/1/18,3/31/18,3/1/18
DE,2018,4,10799,16602,9256,141861,27401,151117,832,635,197,55,77,579,120,831,.23706378,0,0,4/1/18,4/30/18,4/1/18
DE,2018,5,10799,16602,9256,141861,27401,151117,904,684,220,59,93,622,127,901,.24417314,0,0,5/1/18,5/31/18,5/1/18
DE,2018,6,10799,16602,9256,141861,27401,151117,904,695,209,55,90,636,118,899,.23136818,0,0,6/1/18,6/30/18,6/1/18
DE,2018,7,10799,16602,9256,141861,27401,151117,840,649,191,58,96,589,95,838,.22792363,0,0,7/1/18,7/31/18,7/1/18
DE,2018,8,10799,16602,9256,141861,27401,151117,983,758,225,64,100,694,125,983,.22889115,0,0,8/1/18,8/31/18,8/1/18
DE,2018,9,10799,16602,9256,141861,27401,151117,879,678,201,43,87,632,113,875,.22857143,0,0,9/1/18,9/30/18,9/1/18
DE,2018,10,10799,16602,9256,141861,27401,151117,894,691,203,52,92,636,111,891,.2278339,0,0,10/1/18,10/31/18,10/1/18
DE,2018,11,10799,16602,9256,141861,27401,151117,846,667,179,54,73,612,105,844,.21090047,0,0,11/1/18,11/30/18,11/1/18
DE,2018,12,10799,16602,9256,141861,27401,151117,911,727,184,67,81,656,103,907,.2028666,0,0,12/1/18,12/31/18,12/1/18
DE,2019,1,13414,19197,8440,139348,32611,147788,881,695,186,49,75,644,110,878,.21070614,0,0,1/1/19,1/31/19,1/1/19
DE,2019,2,13414,19197,8440,139348,32611,147788,717,565,151,46,67,518,83,714,.21008404,0,0,2/1/19,2/28/19,2/1/19
DE,2019,3,13414,19197,8440,139348,32611,147788,880,678,199,55,87,619,112,873,.2279496,0,0,3/1/19,3/31/19,3/1/19
DE,2019,4,13414,19197,8440,139348,32611,147788,798,608,188,32,87,576,101,796,.2361809,0,0,4/1/19,4/30/19,4/1/19
DE,2019,5,13414,19197,8440,139348,32611,147788,815,631,182,59,81,571,101,812,.22413793,0,0,5/1/19,5/31/19,5/1/19
DE,2019,6,13414,19197,8440,139348,32611,147788,855,674,181,60,77,613,104,854,.21194379,0,0,6/1/19,6/30/19,6/1/19
DE,2019,7,13414,19197,8440,139348,32611,147788,905,706,198,49,105,657,93,904,.21902655,0,0,7/1/19,7/31/19,7/1/19
DE,2019,8,13414,19197,8440,139348,32611,147788,986,782,195,83,90,699,105,977,.19959058,0,0,8/1/19,8/31/19,8/1/19
DE,2019,9,13414,19197,8440,139348,32611,147788,949,723,219,68,105,655,114,942,.23248407,0,0,9/1/19,9/30/19,9/1/19
DE,2019,10,13414,19197,8440,139348,32611,147788,939,725,204,69,92,654,111,926,.21922246,0,0,10/1/19,10/31/19,10/1/19
DE,2019,11,13414,19197,8440,139348,32611,147788,853,652,191,63,77,586,114,840,.22738095,0,0,11/1/19,11/30/19,11/1/19
DE,2019,12,13414,19197,8440,139348,32611,147788,939,727,201,56,87,665,113,921,.21715526,0,0,12/1/19,12/31/19,12/1/19
DE,2020,1,10737,16839,9680,142679,27576,152359,828,627,198,44,86,582,111,823,.23936817,0,0,1/1/20,1/31/20,1/1/20
DE,2020,2,10737,16839,9680,142679,27576,152359,795,629,152,47,63,580,89,779,.19512194,0,0,2/1/20,2/28/20,2/1/20
DE,2020,3,10737,16839,9680,142679,27576,152359,853,659,183,50,76,606,107,839,.2181168,0,0,3/1/20,3/31/20,3/1/20
DE,2020,4,10737,16839,9680,142679,27576,152359,803,612,185,58,88,550,96,792,.23232323,0,0,4/1/20,4/30/20,4/1/20
DE,2020,5,10737,16839,9680,142679,27576,152359,876,671,202,47,94,621,108,870,.2321839,0,0,5/1/20,5/31/20,5/1/20
DE,2020,6,10737,16839,9680,142679,27576,152359,891,689,193,62,103,627,90,882,.21882086,0,0,6/1/20,6/30/20,6/1/20
DE,2020,7,10737,16839,9680,142679,27576,152359,924,686,233,55,118,629,115,917,.25408942,0,0,7/1/20,7/31/20,7/1/20
DE,2020,8,10737,16839,9680,142679,27576,152359,957,751,198,77,89,671,109,946,.20930232,0,0,8/1/20,8/31/20,8/1/20
DE,2020,9,10737,16839,9680,142679,27576,152359,926,729,195,72,104,656,91,923,.21126761,0,0,9/1/20,9/30/20,9/1/20
DE,2020,10,10737,16839,9680,142679,27576,152359,903,719,178,65,84,649,94,892,.19955157,0,0,10/1/20,10/31/20,10/1/20
DE,2020,11,10737,16839,9680,142679,27576,152359,781,614,159,62,62,548,97,769,.20676203,0,0,11/1/20,11/30/20,11/1/20
DE,2020,12,10737,16839,9680,142679,27576,152359,825,644,177,74,71,569,106,820,.21585366,0,0,12/1/20,12/31/20,12/1/20
DE,2021,1,8217,21015,15718,143466,29232,159184,738,586,145,60,73,523,71,727,.19807428,0,0,1/1/21,1/31/21,1/1/21
DE,2021,2,8217,21015,15718,143466,29232,159184,687,543,136,57,61,486,75,679,.20029455,0,0,2/1/21,2/28/21,2/1/21
DE,2021,3,8217,21015,15718,143466,29232,159184,818,648,166,49,82,596,84,811,.20468557,0,0,3/1/21,3/31/21,3/1/21
DE,2021,4,8217,21015,15718,143466,29232,159184,850,709,139,55,61,648,78,842,.16508314,0,0,4/1/21,4/30/21,4/1/21
DE,2021,5,8217,21015,15718,143466,29232,159184,853,655,191,58,90,594,100,842,.2256532,0,0,5/1/21,5/31/21,5/1/21
DE,2021,6,8217,21015,15718,143466,29232,159184,912,701,202,61,93,635,109,898,.22494432,0,0,6/1/21,6/30/21,6/1/21
DE,2021,7,8217,21015,15718,143466,29232,159184,996,801,187,66,82,734,104,986,.18864097,0,0,7/1/21,7/31/21,7/1/21
DE,2021,8,8217,21015,15718,143466,29232,159184,915,699,206,58,112,638,93,901,.22752497,0,0,8/1/21,8/31/21,8/1/21
DE,2021,9,8217,21015,15718,143466,29232,159184,1022,783,224,79,112,702,112,1005,.22288558,0,0,9/1/21,9/30/21,9/1/21
DE,2021,10,8217,21015,15718,143466,29232,159184,939,745,184,77,89,665,94,925,.19783784,0,0,10/1/21,10/31/21,10/1/21
DE,2021,11,8217,21015,15718,143466,29232,159184,853,657,186,72,87,577,98,834,.22182254,0,0,11/1/21,11/30/21,11/1/21
DE,2021,12,8217,21015,15718,143466,29232,159184,879,659,213,54,116,604,96,870,.24367817,0,0,12/1/21,12/31/21,12/1/21
DE,2022,1,10617,19157,13097,146193,29774,159290,892,680,202,51,103,627,99,880,.22954546,0,0,1/1/22,1/31/22,1/1/22
DE,2022,2,10617,19157,13097,146193,29774,159290,810,620,183,44,92,574,91,801,.22846442,0,0,2/1/22,2/28/22,2/1/22
DE,2022,3,10617,19157,13097,146193,29774,159290,936,709,215,62,118,646,96,922,.23210412,0,0,3/1/22,3/31/22,3/1/22
DE,2022,4,10617,19157,13097,146193,29774,159290,800,585,211,48,99,535,111,793,.26481715,0,0,4/1/22,4/30/22,4/1/22
DE,2022,5,10617,19157,13097,146193,29774,159290,866,674,180,82,94,589,86,851,.21151586,0,0,5/1/22,5/31/22,5/1/22
DE,2022,6,10617,19157,13097,146193,29774,159290,929,710,211,68,99,638,111,916,.22925764,0,0,6/1/22,6/30/22,6/1/22
DE,2022,7,10617,19157,13097,146193,29774,159290,1013,775,226,68,111,703,115,997,.22668004,0,0,7/1/22,7/31/22,7/1/22
DE,2022,8,10617,19157,13097,146193,29774,159290,1007,792,209,89,107,699,101,996,.20883535,0,0,8/1/22,8/31/22,8/1/22
DE,2022,9,10617,19157,13097,146193,29774,159290,888,676,209,53,119,621,90,883,.2366931,0,0,9/1/22,9/30/22,9/1/22
DE,2022,10,10617,19157,13097,146193,29774,159290,866,661,195,51,91,605,102,849,.22732626,0,0,10/1/22,10/31/22,10/1/22
DE,2022,11,10617,19157,13097,146193,29774,159290,893,678,202,59,100,617,102,878,.23006834,0,0,11/1/22,11/30/22,11/1/22
DE,2022,12,10617,19157,13097,146193,29774,159290,883,670,202,63,94,603,106,866,.23094688,0,0,12/1/22,12/31/22,12/1/22
DE,2023,1,11293,21918,13880,141015,33211,154895,881,651,222,65,107,581,115,868,.25576037,0,0,1/1/23,1/31/23,1/1/23
DE,2023,2,11293,21918,13880,141015,33211,154895,771,592,173,56,75,532,98,761,.22733246,0,0,2/1/23,2/28/23,2/1/23
DE,2023,3,11293,21918,13880,141015,33211,154895,898,706,186,73,81,632,104,890,.20786516,0,0,3/1/23,3/31/23,3/1/23
DE,2023,4,11293,21918,13880,141015,33211,154895,808,605,193,66,77,536,114,793,.2408575,0,0,4/1/23,4/30/23,4/1/23
DE,2023,5,11293,21918,13880,141015,33211,154895,894,693,194,65,98,621,95,879,.21956769,0,0,5/1/23,5/31/23,5/1/23
DE,2023,6,11293,21918,13880,141015,33211,154895,886,662,214,66,104,593,108,871,.2433984,0,0,6/1/23,6/30/23,6/1/23
DE,2023,7,11293,21918,13880,141015,33211,154895,854,620,224,77,111,540,112,840,.2654762,0,0,7/1/23,7/31/23,7/1/23
DE,2023,8,11293,21918,13880,141015,33211,154895,964,705,250,71,111,633,139,954,.2620545,0,0,8/1/23,8/31/23,8/1/23
DE,2023,9,11293,21918,13880,141015,33211,154895,872,647,213,67,114,573,96,850,.24705882,0,0,9/1/23,9/30/23,9/1/23
DE,2023,10,11293,21918,13880,141015,33211,154895,869,654,209,59,89,594,120,862,.2424594,0,0,10/1/23,10/31/23,10/1/23
DE,2023,11,11293,21918,13880,141015,33211,154895,866,635,224,75,102,555,121,853,.26143023,0,0,11/1/23,11/30/23,11/1/23
DE,2023,12,11293,21918,13880,141015,33211,154895,836,608,216,67,99,540,117,823,.26245442,0,0,12/1/23,12/31/23,12/1/23
FL,2016,1,620335,419744,479550,2258541,1040079,2738091,18261,12454,5788,1897,3334,10525,2446,18202,.31754753,0,0,1/1/16,1/31/16,1/1/16
FL,2016,2,620335,419744,479550,2258541,1040079,2738091,17764,12106,5634,1892,3254,10178,2375,17699,.31804058,0,0,2/1/16,2/28/16,2/1/16
FL,2016,3,620335,419744,479550,2258541,1040079,2738091,18481,12624,5842,1992,3382,10604,2454,18432,.31662327,0,0,3/1/16,3/31/16,3/1/16
FL,2016,4,620335,419744,479550,2258541,1040079,2738091,17454,11871,5544,1938,3165,9898,2373,17374,.31875217,0,0,4/1/16,4/30/16,4/1/16
FL,2016,5,620335,419744,479550,2258541,1040079,2738091,17903,12051,5773,1868,3400,10147,2363,17778,.32416469,0,0,5/1/16,5/31/16,5/1/16
FL,2016,6,620335,419744,479550,2258541,1040079,2738091,18295,12376,5880,1929,3430,10412,2439,18210,.32229543,0,0,6/1/16,6/30/16,6/1/16
FL,2016,7,620335,419744,479550,2258541,1040079,2738091,18993,12925,6013,2053,3450,10825,2548,18876,.31775799,0,0,7/1/16,7/31/16,7/1/16
FL,2016,8,620335,419744,479550,2258541,1040079,2738091,20060,13590,6413,2135,3723,11388,2677,19923,.32123676,0,0,8/1/16,8/31/16,8/1/16
FL,2016,9,620335,419744,479550,2258541,1040079,2738091,19601,13095,6445,2125,3668,10910,2754,19457,.33006117,0,0,9/1/16,9/30/16,9/1/16
FL,2016,10,620335,419744,479550,2258541,1040079,2738091,19191,12878,6260,1986,3618,10821,2619,19044,.32750472,0,0,10/1/16,10/31/16,10/1/16
FL,2016,11,620335,419744,479550,2258541,1040079,2738091,19149,12753,6330,2009,3636,10664,2682,18991,.33268389,0,0,11/1/16,11/30/16,11/1/16
FL,2016,12,620335,419744,479550,2258541,1040079,2738091,19223,12818,6359,2098,3706,10645,2636,19085,.33230287,0,0,12/1/16,12/31/16,12/1/16
FL,2017,1,623788,431774,512003,2266162,1055562,2778165,18511,12283,6183,1939,3637,10321,2543,18440,.335141,0,0,1/1/17,1/31/17,1/1/17
FL,2017,2,623788,431774,512003,2266162,1055562,2778165,16984,11392,5552,1861,3206,9506,2338,16911,.32783395,0,0,2/1/17,2/28/17,2/1/17
FL,2017,3,623788,431774,512003,2266162,1055562,2778165,18265,12334,5869,2051,3356,10258,2507,18172,.32263923,0,0,3/1/17,3/31/17,3/1/17
FL,2017,4,623788,431774,512003,2266162,1055562,2778165,16787,11382,5367,1855,3066,9501,2297,16719,.32077277,0,0,4/1/17,4/30/17,4/1/17
FL,2017,5,623788,431774,512003,2266162,1055562,2778165,17665,11846,5768,1954,3430,9849,2336,17569,.3281917,0,0,5/1/17,5/31/17,5/1/17
FL,2017,6,623788,431774,512003,2266162,1055562,2778165,17884,12049,5784,1955,3438,10038,2339,17770,.32509848,0,0,6/1/17,6/30/17,6/1/17
FL,2017,7,623788,431774,512003,2266162,1055562,2778165,18968,12826,6092,2143,3610,10635,2472,18860,.32248145,0,0,7/1/17,7/31/17,7/1/17
FL,2017,8,623788,431774,512003,2266162,1055562,2778165,20373,13795,6524,2092,3901,11642,2615,20250,.32177779,0,0,8/1/17,8/31/17,8/1/17
FL,2017,9,623788,431774,512003,2266162,1055562,2778165,19396,12883,6459,2067,3763,10771,2690,19291,.33450833,0,0,9/1/17,9/30/17,9/1/17
FL,2017,10,623788,431774,512003,2266162,1055562,2778165,19551,12988,6521,2072,3862,10869,2656,19459,.3349607,0,0,10/1/17,10/31/17,10/1/17
FL,2017,11,623788,431774,512003,2266162,1055562,2778165,19043,12685,6303,2048,3712,10595,2586,18941,.33250621,0,0,11/1/17,11/30/17,11/1/17
FL,2017,12,623788,431774,512003,2266162,1055562,2778165,19555,12954,6543,2026,3779,10873,2761,19439,.33643705,0,0,12/1/17,12/31/17,12/1/17
FL,2018,1,646805,406148,527282,2294152,1052953,2821434,19015,12591,6377,2037,3746,10535,2626,18944,.3363598,0,0,1/1/18,1/31/18,1/1/18
FL,2018,2,646805,406148,527282,2294152,1052953,2821434,16542,11087,5407,1786,3200,9301,2204,16491,.32769388,0,0,2/1/18,2/28/18,2/1/18
FL,2018,3,646805,406148,527282,2294152,1052953,2821434,18471,12378,6043,1991,3582,10387,2460,18420,.32801303,0,0,3/1/18,3/31/18,3/1/18
FL,2018,4,646805,406148,527282,2294152,1052953,2821434,16798,11173,5587,1779,3273,9394,2311,16757,.33323386,0,0,4/1/18,4/30/18,4/1/18
FL,2018,5,646805,406148,527282,2294152,1052953,2821434,17839,11855,5929,1890,3462,9965,2460,17777,.33312708,0,0,5/1/18,5/31/18,5/1/18
FL,2018,6,646805,406148,527282,2294152,1052953,2821434,17478,11798,5630,1899,3292,9898,2333,17422,.32286763,0,0,6/1/18,6/30/18,6/1/18
FL,2018,7,646805,406148,527282,2294152,1052953,2821434,18221,12208,5950,1975,3453,10232,2490,18150,.32743803,0,0,7/1/18,7/31/18,7/1/18
FL,2018,8,646805,406148,527282,2294152,1052953,2821434,20095,13361,6682,2129,3938,11232,2736,20035,.33311704,0,0,8/1/18,8/31/18,8/1/18
FL,2018,9,646805,406148,527282,2294152,1052953,2821434,19073,12627,6393,1968,3846,10657,2538,19009,.33584091,0,0,9/1/18,9/30/18,9/1/18
FL,2018,10,646805,406148,527282,2294152,1052953,2821434,19686,13065,6572,2184,3932,10880,2637,19633,.33458972,0,0,10/1/18,10/31/18,10/1/18
FL,2018,11,646805,406148,527282,2294152,1052953,2821434,18433,12284,6099,1972,3608,10312,2489,18381,.33170122,0,0,11/1/18,11/30/18,11/1/18
FL,2018,12,646805,406148,527282,2294152,1052953,2821434,19223,12707,6470,2139,3875,10567,2595,19176,.33740091,0,0,12/1/18,12/31/18,12/1/18
FL,2019,1,653667,405070,532231,2296789,1058737,2829020,18887,12581,6262,2137,3720,10444,2541,18842,.33228958,0,0,1/1/19,1/31/19,1/1/19
FL,2019,2,653667,405070,532231,2296789,1058737,2829020,16582,11165,5384,1838,3188,9327,2191,16544,.32513297,0,0,2/1/19,2/28/19,2/1/19
FL,2019,3,653667,405070,532231,2296789,1058737,2829020,17429,11616,5767,1911,3389,9705,2375,17380,.33164558,0,0,3/1/19,3/31/19,3/1/19
FL,2019,4,653667,405070,532231,2296789,1058737,2829020,17343,11514,5789,1973,3440,9541,2346,17300,.33445087,0,0,4/1/19,4/30/19,4/1/19
FL,2019,5,653667,405070,532231,2296789,1058737,2829020,17661,11757,5841,1957,3513,9800,2325,17595,.33179879,0,0,5/1/19,5/31/19,5/1/19
FL,2019,6,653667,405070,532231,2296789,1058737,2829020,16929,11276,5604,1839,3379,9436,2224,16878,.3319706,0,0,6/1/19,6/30/19,6/1/19
FL,2019,7,653667,405070,532231,2296789,1058737,2829020,18663,12476,6136,2073,3707,10402,2424,18606,.32951736,0,0,7/1/19,7/31/19,7/1/19
FL,2019,8,653667,405070,532231,2296789,1058737,2829020,19955,13290,6598,2258,3911,11031,2686,19886,.33174092,0,0,8/1/19,8/31/19,8/1/19
FL,2019,9,653667,405070,532231,2296789,1058737,2829020,19313,12785,6469,2160,3952,10625,2516,19253,.33594763,0,0,9/1/19,9/30/19,9/1/19
FL,2019,10,653667,405070,532231,2296789,1058737,2829020,19520,12912,6553,2098,3946,10814,2602,19460,.33648509,0,0,10/1/19,10/31/19,10/1/19
FL,2019,11,653667,405070,532231,2296789,1058737,2829020,18091,11895,6138,2010,3651,9883,2486,18030,.34037715,0,0,11/1/19,11/30/19,11/1/19
FL,2019,12,653667,405070,532231,2296789,1058737,2829020,18924,12529,6347,2152,3781,10377,2566,18876,.33624709,0,0,12/1/19,12/31/19,12/1/19
FL,2020,1,639495,414370,522432,2287035,1053865,2809467,18132,12087,5989,2044,3640,10041,2347,18072,.33128595,0,0,1/1/20,1/31/20,1/1/20
FL,2020,2,639495,414370,522432,2287035,1053865,2809467,16691,11129,5521,1941,3347,9188,2172,16648,.33151129,0,0,2/1/20,2/28/20,2/1/20
FL,2020,3,639495,414370,522432,2287035,1053865,2809467,17149,11451,5657,1953,3365,9498,2288,17104,.33050749,0,0,3/1/20,3/31/20,3/1/20
FL,2020,4,639495,414370,522432,2287035,1053865,2809467,16504,11062,5405,1836,3346,9222,2056,16460,.32818955,0,0,4/1/20,4/30/20,4/1/20
FL,2020,5,639495,414370,522432,2287035,1053865,2809467,16845,11400,5404,2010,3267,9388,2132,16797,.32142645,0,0,5/1/20,5/31/20,5/1/20
FL,2020,6,639495,414370,522432,2287035,1053865,2809467,16849,11319,5491,1991,3445,9328,2041,16805,.32645047,0,0,6/1/20,6/30/20,6/1/20
FL,2020,7,639495,414370,522432,2287035,1053865,2809467,17802,12041,5712,2125,3487,9916,2222,17750,.32163382,0,0,7/1/20,7/31/20,7/1/20
FL,2020,8,639495,414370,522432,2287035,1053865,2809467,18050,12314,5697,2118,3521,10196,2175,18010,.31626874,0,0,8/1/20,8/31/20,8/1/20
FL,2020,9,639495,414370,522432,2287035,1053865,2809467,18141,12243,5847,2122,3616,10120,2228,18086,.32312286,0,0,9/1/20,9/30/20,9/1/20
FL,2020,10,639495,414370,522432,2287035,1053865,2809467,18020,12161,5815,2120,3584,10041,2229,17974,.32341158,0,0,10/1/20,10/31/20,10/1/20
FL,2020,11,639495,414370,522432,2287035,1053865,2809467,17131,11497,5577,1975,3481,9520,2096,17072,.32667527,0,0,11/1/20,11/30/20,11/1/20
FL,2020,12,639495,414370,522432,2287035,1053865,2809467,17678,12013,5606,2052,3482,9961,2119,17614,.31798568,0,0,12/1/20,12/31/20,12/1/20
FL,2021,1,619127,428876,587436,2289464,1048003,2876900,16514,11294,5167,1951,3261,9342,1904,16458,.31382915,0,0,1/1/21,1/31/21,1/1/21
FL,2021,2,619127,428876,587436,2289464,1048003,2876900,16033,11031,4957,1944,3062,9087,1890,15983,.30982921,0,0,2/1/21,2/28/21,2/1/21
FL,2021,3,619127,428876,587436,2289464,1048003,2876900,17164,11777,5346,2041,3253,9736,2089,17119,.31205094,0,0,3/1/21,3/31/21,3/1/21
FL,2021,4,619127,428876,587436,2289464,1048003,2876900,16702,11358,5298,2105,3242,9252,2050,16649,.31785694,0,0,4/1/21,4/30/21,4/1/21
FL,2021,5,619127,428876,587436,2289464,1048003,2876900,16868,11358,5455,2058,3311,9299,2140,16808,.32430986,0,0,5/1/21,5/31/21,5/1/21
FL,2021,6,619127,428876,587436,2289464,1048003,2876900,17428,11756,5621,2105,3439,9649,2181,17374,.32347184,0,0,6/1/21,6/30/21,6/1/21
FL,2021,7,619127,428876,587436,2289464,1048003,2876900,18417,12381,5970,2178,3666,10202,2300,18346,.32519349,0,0,7/1/21,7/31/21,7/1/21
FL,2021,8,619127,428876,587436,2289464,1048003,2876900,19521,13085,6373,2340,3987,10745,2380,19452,.32731852,0,0,8/1/21,8/31/21,8/1/21
FL,2021,9,619127,428876,587436,2289464,1048003,2876900,19971,13223,6682,2421,4139,10802,2538,19900,.33552763,0,0,9/1/21,9/30/21,9/1/21
FL,2021,10,619127,428876,587436,2289464,1048003,2876900,19460,12826,6567,2296,3993,10530,2560,19379,.33814955,0,0,10/1/21,10/31/21,10/1/21
FL,2021,11,619127,428876,587436,2289464,1048003,2876900,18325,12137,6128,2257,3745,9880,2381,18263,.33543229,0,0,11/1/21,11/30/21,11/1/21
FL,2021,12,619127,428876,587436,2289464,1048003,2876900,19159,12660,6453,2321,3972,10337,2478,19108,.33755496,0,0,12/1/21,12/31/21,12/1/21
FL,2022,1,645914,432824,598728,2359942,1078738,2958670,18437,11991,6388,2249,3918,9740,2466,18373,.34746638,0,0,1/1/22,1/31/22,1/1/22
FL,2022,2,645914,432824,598728,2359942,1078738,2958670,16970,11089,5831,2110,3494,8977,2331,16912,.34443,0,0,2/1/22,2/28/22,2/1/22
FL,2022,3,645914,432824,598728,2359942,1078738,2958670,18779,12244,6482,2264,3854,9979,2625,18722,.34606346,0,0,3/1/22,3/31/22,3/1/22
FL,2022,4,645914,432824,598728,2359942,1078738,2958670,17046,11139,5850,2057,3513,9082,2335,16987,.34426326,0,0,4/1/22,4/30/22,4/1/22
FL,2022,5,645914,432824,598728,2359942,1078738,2958670,17246,11163,6033,2084,3655,9079,2375,17193,.35072413,0,0,5/1/22,5/31/22,5/1/22
FL,2022,6,645914,432824,598728,2359942,1078738,2958670,18036,11740,6246,2205,3827,9534,2418,17984,.34725311,0,0,6/1/22,6/30/22,6/1/22
FL,2022,7,645914,432824,598728,2359942,1078738,2958670,19136,12553,6527,2306,4019,10247,2504,19076,.341948,0,0,7/1/22,7/31/22,7/1/22
FL,2022,8,645914,432824,598728,2359942,1078738,2958670,20758,13549,7151,2489,4341,11058,2807,20695,.34539744,0,0,8/1/22,8/31/22,8/1/22
FL,2022,9,645914,432824,598728,2359942,1078738,2958670,18908,12115,6734,2287,4139,9828,2591,18845,.35712391,0,0,9/1/22,9/30/22,9/1/22
FL,2022,10,645914,432824,598728,2359942,1078738,2958670,19084,12204,6819,2259,4124,9945,2694,19022,.35842708,0,0,10/1/22,10/31/22,10/1/22
FL,2022,11,645914,432824,598728,2359942,1078738,2958670,19493,12599,6846,2382,4208,10214,2638,19442,.35212427,0,0,11/1/22,11/30/22,11/1/22
FL,2022,12,645914,432824,598728,2359942,1078738,2958670,19747,12647,7057,2398,4356,10248,2697,19699,.35803849,0,0,12/1/22,12/31/22,12/1/22
FL,2023,1,672672,445026,607493,2388031,1117698,2995524,18725,11911,6748,2215,4143,9695,2602,18655,.36156526,0,0,1/1/23,1/31/23,1/1/23
FL,2023,2,672672,445026,607493,2388031,1117698,2995524,16610,10707,5861,2040,3644,8665,2216,16565,.35375792,0,0,2/1/23,2/28/23,2/1/23
FL,2023,3,672672,445026,607493,2388031,1117698,2995524,18126,11593,6467,2161,4056,9431,2404,18052,.35785508,0,0,3/1/23,3/31/23,3/1/23
FL,2023,4,672672,445026,607493,2388031,1117698,2995524,16883,10822,6016,2062,3700,8759,2315,16836,.35727012,0,0,4/1/23,4/30/23,4/1/23
FL,2023,5,672672,445026,607493,2388031,1117698,2995524,17927,11555,6330,2166,3950,9389,2379,17884,.35389176,0,0,5/1/23,5/31/23,5/1/23
FL,2023,6,672672,445026,607493,2388031,1117698,2995524,18082,11661,6376,2169,3945,9490,2426,18030,.35335553,0,0,6/1/23,6/30/23,6/1/23
FL,2023,7,672672,445026,607493,2388031,1117698,2995524,18786,12127,6605,2267,4123,9860,2479,18729,.35250148,0,0,7/1/23,7/31/23,7/1/23
FL,2023,8,672672,445026,607493,2388031,1117698,2995524,19297,12406,6832,2290,4291,10114,2538,19233,.35506681,0,0,8/1/23,8/31/23,8/1/23
FL,2023,9,672672,445026,607493,2388031,1117698,2995524,18935,12124,6750,2252,4259,9871,2486,18868,.35748357,0,0,9/1/23,9/30/23,9/1/23
FL,2023,10,672672,445026,607493,2388031,1117698,2995524,19457,12285,7108,2283,4431,10002,2673,19389,.36639333,0,0,10/1/23,10/31/23,10/1/23
FL,2023,11,672672,445026,607493,2388031,1117698,2995524,18798,11783,6945,2300,4382,9483,2561,18726,.37076792,0,0,11/1/23,11/30/23,11/1/23
FL,2023,12,672672,445026,607493,2388031,1117698,2995524,18942,11908,6979,2207,4341,9700,2636,18884,.36946622,0,0,12/1/23,12/31/23,12/1/23
GA,2016,1,130038,184233,91055,1737899,314271,1828954,10635,8512,2121,418,1044,8008,1056,10526,.19950598,1,0,1/1/16,1/31/16,1/1/16
GA,2016,2,130038,184233,91055,1737899,314271,1828954,10396,8393,1999,431,991,7857,983,10262,.19236016,1,0,2/1/16,2/28/16,2/1/16
GA,2016,3,130038,184233,91055,1737899,314271,1828954,10755,8675,2079,460,1004,8128,1055,10647,.19338781,1,0,3/1/16,3/31/16,3/1/16
GA,2016,4,130038,184233,91055,1737899,314271,1828954,10034,8064,1966,435,979,7547,966,9927,.19593029,1,0,4/1/16,4/30/16,4/1/16
GA,2016,5,130038,184233,91055,1737899,314271,1828954,10521,8413,2107,437,1001,7882,1081,10401,.20017307,1,0,5/1/16,5/31/16,5/1/16
GA,2016,6,130038,184233,91055,1737899,314271,1828954,10795,8675,2116,448,1028,8146,1060,10682,.19546901,1,0,6/1/16,6/30/16,6/1/16
GA,2016,7,130038,184233,91055,1737899,314271,1828954,11165,8996,2167,475,1083,8416,1061,11035,.19429089,1,0,7/1/16,7/31/16,7/1/16
GA,2016,8,130038,184233,91055,1737899,314271,1828954,11505,9255,2244,505,1116,8659,1109,11389,.19536395,1,0,8/1/16,8/31/16,8/1/16
GA,2016,9,130038,184233,91055,1737899,314271,1828954,11259,8967,2292,458,1099,8415,1176,11148,.20407248,1,0,9/1/16,9/30/16,9/1/16
GA,2016,10,130038,184233,91055,1737899,314271,1828954,10754,8548,2204,466,1059,7995,1125,10645,.20516674,1,0,10/1/16,10/31/16,10/1/16
GA,2016,11,130038,184233,91055,1737899,314271,1828954,10744,8587,2156,449,1021,8054,1119,10643,.20107113,1,0,11/1/16,11/30/16,11/1/16
GA,2016,12,130038,184233,91055,1737899,314271,1828954,11115,8928,2185,496,1005,8349,1154,11004,.19620138,1,0,12/1/16,12/31/16,12/1/16
GA,2017,1,125422,183366,97625,1741141,308788,1838766,10736,8607,2128,472,1048,8049,1052,10621,.1977215,1,0,1/1/17,1/31/17,1/1/17
GA,2017,2,125422,183366,97625,1741141,308788,1838766,9868,7963,1902,426,906,7475,981,9788,.19278708,1,0,2/1/17,2/28/17,2/1/17
GA,2017,3,125422,183366,97625,1741141,308788,1838766,10643,8577,2065,506,958,7998,1078,10540,.19316888,1,0,3/1/17,3/31/17,3/1/17
GA,2017,4,125422,183366,97625,1741141,308788,1838766,9678,7824,1853,464,892,7280,934,9570,.1908046,1,0,4/1/17,4/30/17,4/1/17
GA,2017,5,125422,183366,97625,1741141,308788,1838766,10629,8483,2142,527,971,7863,1152,10513,.20194046,1,0,5/1/17,5/31/17,5/1/17
GA,2017,6,125422,183366,97625,1741141,308788,1838766,10618,8519,2098,429,997,7994,1077,10497,.19758026,1,0,6/1/17,6/30/17,6/1/17
GA,2017,7,125422,183366,97625,1741141,308788,1838766,11141,9004,2137,515,1072,8412,1053,11052,.19227289,1,0,7/1/17,7/31/17,7/1/17
GA,2017,8,125422,183366,97625,1741141,308788,1838766,12100,9760,2338,595,1169,9070,1150,11984,.19350801,1,0,8/1/17,8/31/17,8/1/17
GA,2017,9,125422,183366,97625,1741141,308788,1838766,11273,9084,2188,523,1009,8492,1155,11179,.19357724,1,0,9/1/17,9/30/17,9/1/17
GA,2017,10,125422,183366,97625,1741141,308788,1838766,10755,8672,2083,481,983,8123,1080,10667,.1934002,1,0,10/1/17,10/31/17,10/1/17
GA,2017,11,125422,183366,97625,1741141,308788,1838766,10674,8550,2123,496,988,7988,1117,10589,.19879119,1,0,11/1/17,11/30/17,11/1/17
GA,2017,12,125422,183366,97625,1741141,308788,1838766,10772,8676,2093,494,967,8089,1105,10655,.19446269,1,0,12/1/17,12/31/17,12/1/17
GA,2018,1,117951,191222,120621,1755550,309173,1876171,10538,8480,2057,462,972,7944,1065,10443,.1950589,1,0,1/1/18,1/31/18,1/1/18
GA,2018,2,117951,191222,120621,1755550,309173,1876171,9633,7794,1838,404,877,7342,945,9568,.19042642,1,0,2/1/18,2/28/18,2/1/18
GA,2018,3,117951,191222,120621,1755550,309173,1876171,10498,8485,2012,444,931,7981,1060,10416,.19114824,1,0,3/1/18,3/31/18,3/1/18
GA,2018,4,117951,191222,120621,1755550,309173,1876171,9608,7730,1876,447,888,7223,978,9536,.19567953,1,0,4/1/18,4/30/18,4/1/18
GA,2018,5,117951,191222,120621,1755550,309173,1876171,10466,8449,2016,489,906,7916,1097,10408,.19244811,1,0,5/1/18,5/31/18,5/1/18
GA,2018,6,117951,191222,120621,1755550,309173,1876171,10345,8348,1995,477,950,7809,1028,10264,.1927124,1,0,6/1/18,6/30/18,6/1/18
GA,2018,7,117951,191222,120621,1755550,309173,1876171,10758,8713,2044,482,1026,8170,1005,10683,.19011514,1,0,7/1/18,7/31/18,7/1/18
GA,2018,8,117951,191222,120621,1755550,309173,1876171,11630,9415,2214,540,1084,8817,1112,11553,.19008049,1,0,8/1/18,8/31/18,8/1/18
GA,2018,9,117951,191222,120621,1755550,309173,1876171,10642,8544,2096,503,1024,7974,1052,10553,.19672132,1,0,9/1/18,9/30/18,9/1/18
GA,2018,10,117951,191222,120621,1755550,309173,1876171,10750,8674,2073,573,979,8033,1071,10656,.19237988,1,0,10/1/18,10/31/18,10/1/18
GA,2018,11,117951,191222,120621,1755550,309173,1876171,10212,8236,1972,486,921,7701,1030,10138,.19244426,1,0,11/1/18,11/30/18,11/1/18
GA,2018,12,117951,191222,120621,1755550,309173,1876171,10742,8646,2094,496,1021,8081,1046,10644,.19419391,1,0,12/1/18,12/31/18,12/1/18
GA,2019,1,123142,181584,110098,1755900,304726,1865998,10695,8714,1981,476,964,8170,1004,10614,.18541549,1,0,1/1/19,1/31/19,1/1/19
GA,2019,2,123142,181584,110098,1755900,304726,1865998,9569,7783,1784,492,832,7216,940,9480,.18691984,1,0,2/1/19,2/28/19,2/1/19
GA,2019,3,123142,181584,110098,1755900,304726,1865998,10145,8184,1960,502,941,7624,1007,10074,.19336908,1,0,3/1/19,3/31/19,3/1/19
GA,2019,4,123142,181584,110098,1755900,304726,1865998,9905,8011,1893,511,924,7433,952,9820,.1910387,1,0,4/1/19,4/30/19,4/1/19
GA,2019,5,123142,181584,110098,1755900,304726,1865998,10482,8475,2007,547,970,7866,1023,10406,.19152412,1,0,5/1/19,5/31/19,5/1/19
GA,2019,6,123142,181584,110098,1755900,304726,1865998,9878,7901,1977,522,978,7330,988,9818,.20024444,1,0,6/1/19,6/30/19,6/1/19
GA,2019,7,123142,181584,110098,1755900,304726,1865998,11002,8838,2163,525,1106,8267,1044,10942,.19649059,1,0,7/1/19,7/31/19,7/1/19
GA,2019,8,123142,181584,110098,1755900,304726,1865998,11694,9481,2210,625,1087,8791,1107,11610,.18897502,1,0,8/1/19,8/31/19,8/1/19
GA,2019,9,123142,181584,110098,1755900,304726,1865998,10920,8857,2062,598,1015,8177,1029,10819,.18892689,1,0,9/1/19,9/30/19,9/1/19
GA,2019,10,123142,181584,110098,1755900,304726,1865998,10956,8822,2134,569,1084,8181,1040,10874,.19532831,1,0,10/1/19,10/31/19,10/1/19
GA,2019,11,123142,181584,110098,1755900,304726,1865998,10097,8162,1934,567,937,7536,987,10027,.19188192,1,0,11/1/19,11/30/19,11/1/19
GA,2019,12,123142,181584,110098,1755900,304726,1865998,10657,8628,2029,555,1029,8031,994,10609,.19068715,1,0,12/1/19,12/31/19,12/1/19
GA,2020,1,120675,184923,108333,1752632,305598,1860965,10620,8613,2006,606,978,7949,1014,10547,.18886887,1,0,1/1/20,1/31/20,1/1/20
GA,2020,2,120675,184923,108333,1752632,305598,1860965,9472,7679,1792,535,869,7088,909,9401,.18912882,1,0,2/1/20,2/28/20,2/1/20
GA,2020,3,120675,184923,108333,1752632,305598,1860965,10017,8181,1836,512,872,7620,949,9953,.18295991,1,0,3/1/20,3/31/20,3/1/20
GA,2020,4,120675,184923,108333,1752632,305598,1860965,9678,7856,1818,547,902,7256,908,9613,.18828669,1,0,4/1/20,4/30/20,4/1/20
GA,2020,5,120675,184923,108333,1752632,305598,1860965,10005,8029,1975,581,1001,7408,966,9956,.19756931,1,0,5/1/20,5/31/20,5/1/20
GA,2020,6,120675,184923,108333,1752632,305598,1860965,10065,8248,1814,545,890,7653,915,10003,.18044586,1,0,6/1/20,6/30/20,6/1/20
GA,2020,7,120675,184923,108333,1752632,305598,1860965,10630,8661,1968,595,959,8013,999,10566,.18531138,1,0,7/1/20,7/31/20,7/1/20
GA,2020,8,120675,184923,108333,1752632,305598,1860965,11010,8911,2096,653,1041,8204,1042,10940,.19040219,1,0,8/1/20,8/31/20,8/1/20
GA,2020,9,120675,184923,108333,1752632,305598,1860965,10565,8563,2000,610,1028,7916,962,10516,.18923545,1,0,9/1/20,9/30/20,9/1/20
GA,2020,10,120675,184923,108333,1752632,305598,1860965,10194,8272,1919,600,984,7629,927,10140,.18846154,1,0,10/1/20,10/31/20,10/1/20
GA,2020,11,120675,184923,108333,1752632,305598,1860965,9573,7755,1815,563,939,7164,866,9532,.18936215,1,0,11/1/20,11/30/20,11/1/20
GA,2020,12,120675,184923,108333,1752632,305598,1860965,10273,8407,1866,609,929,7763,930,10231,.18170267,1,0,12/1/20,12/31/20,12/1/20
GA,2021,1,111254,198941,133671,1777713,310195,1911384,9639,7862,1776,532,930,7300,834,9596,.1838266,1,0,1/1/21,1/31/21,1/1/21
GA,2021,2,111254,198941,133671,1777713,310195,1911384,9042,7414,1626,528,839,6855,781,9003,.17994002,1,0,2/1/21,2/28/21,2/1/21
GA,2021,3,111254,198941,133671,1777713,310195,1911384,10110,8323,1783,591,910,7689,868,10058,.17677471,1,0,3/1/21,3/31/21,3/1/21
GA,2021,4,111254,198941,133671,1777713,310195,1911384,9805,7935,1869,620,961,7269,904,9754,.19120361,1,0,4/1/21,4/30/21,4/1/21
GA,2021,5,111254,198941,133671,1777713,310195,1911384,9845,8025,1817,613,942,7350,872,9777,.18553749,1,0,5/1/21,5/31/21,5/1/21
GA,2021,6,111254,198941,133671,1777713,310195,1911384,10313,8416,1896,632,974,7751,913,10270,.18373905,1,0,6/1/21,6/30/21,6/1/21
GA,2021,7,111254,198941,133671,1777713,310195,1911384,10896,8863,2033,656,1044,8163,984,10847,.18696414,1,0,7/1/21,7/31/21,7/1/21
GA,2021,8,111254,198941,133671,1777713,310195,1911384,11220,9077,2142,718,1096,8304,1042,11160,.19157706,1,0,8/1/21,8/31/21,8/1/21
GA,2021,9,111254,198941,133671,1777713,310195,1911384,11130,9018,2108,651,1115,8321,989,11076,.18996027,1,0,9/1/21,9/30/21,9/1/21
GA,2021,10,111254,198941,133671,1777713,310195,1911384,10678,8708,1968,641,1017,8012,947,10617,.18498634,1,0,10/1/21,10/31/21,10/1/21
GA,2021,11,111254,198941,133671,1777713,310195,1911384,10161,8198,1962,616,981,7541,975,10113,.19341442,1,0,11/1/21,11/30/21,11/1/21
GA,2021,12,111254,198941,133671,1777713,310195,1911384,10876,8808,2066,734,1064,8043,990,10831,.18964085,1,0,12/1/21,12/31/21,12/1/21
GA,2022,1,121981,195909,145283,1799850,317890,1945133,10371,8402,1968,687,1033,7672,925,10317,.18978386,1,0,1/1/22,1/31/22,1/1/22
GA,2022,2,121981,195909,145283,1799850,317890,1945133,9554,7744,1809,615,925,7083,877,9500,.18968421,1,0,2/1/22,2/28/22,2/1/22
GA,2022,3,121981,195909,145283,1799850,317890,1945133,10638,8582,2055,652,1049,7893,997,10591,.19318289,1,0,3/1/22,3/31/22,3/1/22
GA,2022,4,121981,195909,145283,1799850,317890,1945133,9584,7722,1859,576,921,7113,934,9544,.19436295,1,0,4/1/22,4/30/22,4/1/22
GA,2022,5,121981,195909,145283,1799850,317890,1945133,9826,7826,1999,621,1021,7169,970,9781,.20355792,1,0,5/1/22,5/31/22,5/1/22
GA,2022,6,121981,195909,145283,1799850,317890,1945133,10379,8389,1988,655,1043,7693,934,10325,.191477,1,0,6/1/22,6/30/22,6/1/22
GA,2022,7,121981,195909,145283,1799850,317890,1945133,10875,8775,2098,714,1086,8015,1002,10817,.19302949,1,0,7/1/22,7/31/22,7/1/22
GA,2022,8,121981,195909,145283,1799850,317890,1945133,11825,9414,2411,781,1309,8593,1086,11769,.20350072,1,0,8/1/22,8/31/22,8/1/22
GA,2022,9,121981,195909,145283,1799850,317890,1945133,10531,8394,2132,757,1166,7590,956,10469,.20269367,1,0,9/1/22,9/30/22,9/1/22
GA,2022,10,121981,195909,145283,1799850,317890,1945133,10378,8282,2095,676,1137,7576,953,10342,.20208856,1,0,10/1/22,10/31/22,10/1/22
GA,2022,11,121981,195909,145283,1799850,317890,1945133,10706,8715,1989,717,1090,7961,893,10661,.18600507,1,0,11/1/22,11/30/22,11/1/22
GA,2022,12,121981,195909,145283,1799850,317890,1945133,11054,8889,2165,732,1156,8108,1000,10996,.1960713,1,0,12/1/22,12/31/22,12/1/22
GA,2023,1,131290,212071,151160,1787970,343361,1939130,10656,8576,2076,675,1098,7852,977,10602,.19571778,1,0,1/1/23,1/31/23,1/1/23
GA,2023,2,131290,212071,151160,1787970,343361,1939130,9505,7660,1842,616,968,7012,866,9462,.19382794,1,0,2/1/23,2/28/23,2/1/23
GA,2023,3,131290,212071,151160,1787970,343361,1939130,10268,8254,2009,708,1033,7512,970,10223,.19593075,1,0,3/1/23,3/31/23,3/1/23
GA,2023,4,131290,212071,151160,1787970,343361,1939130,9282,7437,1841,634,966,6775,864,9239,.19807339,1,0,4/1/23,4/30/23,4/1/23
GA,2023,5,131290,212071,151160,1787970,343361,1939130,10107,8086,2020,694,1086,7356,927,10063,.20003974,1,0,5/1/23,5/31/23,5/1/23
GA,2023,6,131290,212071,151160,1787970,343361,1939130,10565,8411,2153,669,1077,7698,1061,10505,.20352213,1,1,6/1/23,6/30/23,6/1/23
GA,2023,7,131290,212071,151160,1787970,343361,1939130,10779,8528,2250,695,1228,7784,1011,10718,.20890091,1,1,7/1/23,7/31/23,7/1/23
GA,2023,8,131290,212071,151160,1787970,343361,1939130,11200,8853,2347,713,1322,8085,1014,11134,.2098078,1,1,8/1/23,8/31/23,8/1/23
GA,2023,9,131290,212071,151160,1787970,343361,1939130,10663,8477,2185,696,1197,7744,975,10612,.20467396,1,1,9/1/23,9/30/23,9/1/23
GA,2023,10,131290,212071,151160,1787970,343361,1939130,10768,8498,2267,731,1221,7718,1022,10692,.20978302,1,1,10/1/23,10/31/23,10/1/23
GA,2023,11,131290,212071,151160,1787970,343361,1939130,10403,8175,2228,703,1236,7425,976,10340,.21392649,1,1,11/1/23,11/30/23,11/1/23
GA,2023,12,131290,212071,151160,1787970,343361,1939130,10519,8261,2255,692,1249,7505,993,10439,.21477152,1,1,12/1/23,12/31/23,12/1/23
HI,2016,1,5639,61215,26879,173520,66854,200399,1481,1079,401,186,37,891,363,1477,.27081922,0,0,1/1/16,1/31/16,1/1/16
HI,2016,2,5639,61215,26879,173520,66854,200399,1489,1089,393,215,29,872,364,1480,.26554054,0,0,2/1/16,2/28/16,2/1/16
HI,2016,3,5639,61215,26879,173520,66854,200399,1508,1099,404,197,24,898,378,1497,.26853707,0,0,3/1/16,3/31/16,3/1/16
HI,2016,4,5639,61215,26879,173520,66854,200399,1456,1071,380,224,18,845,362,1449,.26224983,0,0,4/1/16,4/30/16,4/1/16
HI,2016,5,5639,61215,26879,173520,66854,200399,1488,1055,428,193,37,860,391,1481,.28899392,0,0,5/1/16,5/31/16,5/1/16
HI,2016,6,5639,61215,26879,173520,66854,200399,1454,1056,392,201,27,854,364,1446,.27040112,0,0,6/1/16,6/30/16,6/1/16
HI,2016,7,5639,61215,26879,173520,66854,200399,1499,1104,388,204,24,899,364,1491,.26022804,0,0,7/1/16,7/31/16,7/1/16
HI,2016,8,5639,61215,26879,173520,66854,200399,1606,1173,424,190,25,981,398,1594,.26537013,0,0,8/1/16,8/31/16,8/1/16
HI,2016,9,5639,61215,26879,173520,66854,200399,1553,1157,394,223,32,928,361,1544,.25453368,0,0,9/1/16,9/30/16,9/1/16
HI,2016,10,5639,61215,26879,173520,66854,200399,1580,1127,447,205,33,920,414,1572,.28435114,0,0,10/1/16,10/31/16,10/1/16
HI,2016,11,5639,61215,26879,173520,66854,200399,1367,956,407,169,30,784,376,1359,.29874909,0,0,11/1/16,11/30/16,11/1/16
HI,2016,12,5639,61215,26879,173520,66854,200399,1517,1100,408,197,34,900,374,1505,.27109635,0,0,12/1/16,12/31/16,12/1/16
HI,2017,1,4614,60378,28284,171677,64992,199961,1514,1105,406,195,26,909,380,1510,.26887417,0,0,1/1/17,1/31/17,1/1/17
HI,2017,2,4614,60378,28284,171677,64992,199961,1362,972,385,180,30,790,354,1354,.28360415,0,0,2/1/17,2/28/17,2/1/17
HI,2017,3,4614,60378,28284,171677,64992,199961,1503,1103,395,187,28,913,366,1494,.26372156,0,0,3/1/17,3/31/17,3/1/17
HI,2017,4,4614,60378,28284,171677,64992,199961,1414,1012,394,187,20,823,374,1404,.28062677,0,0,4/1/17,4/30/17,4/1/17
HI,2017,5,4614,60378,28284,171677,64992,199961,1423,1009,409,195,27,814,380,1416,.28742939,0,0,5/1/17,5/31/17,5/1/17
HI,2017,6,4614,60378,28284,171677,64992,199961,1351,983,365,193,23,790,342,1348,.2707715,0,0,6/1/17,6/30/17,6/1/17
HI,2017,7,4614,60378,28284,171677,64992,199961,1515,1111,401,215,42,895,359,1511,.26538715,0,0,7/1/17,7/31/17,7/1/17
HI,2017,8,4614,60378,28284,171677,64992,199961,1483,1066,414,170,32,892,380,1474,.27951154,0,0,8/1/17,8/31/17,8/1/17
HI,2017,9,4614,60378,28284,171677,64992,199961,1507,1072,433,201,38,869,395,1503,.2880905,0,0,9/1/17,9/30/17,9/1/17
HI,2017,10,4614,60378,28284,171677,64992,199961,1513,1095,412,216,29,877,383,1505,.27375415,0,0,10/1/17,10/31/17,10/1/17
HI,2017,11,4614,60378,28284,171677,64992,199961,1402,1016,382,195,25,818,354,1392,.27227011,0,0,11/1/17,11/30/17,11/1/17
HI,2017,12,4614,60378,28284,171677,64992,199961,1448,1023,422,178,31,843,391,1443,.29244629,0,0,12/1/17,12/31/17,12/1/17
HI,2018,1,4209,53308,29905,177055,57517,206960,1404,1006,392,213,21,790,371,1395,.28100359,0,0,1/1/18,1/31/18,1/1/18
HI,2018,2,4209,53308,29905,177055,57517,206960,1270,910,355,171,27,739,328,1265,.28063241,0,0,2/1/18,2/28/18,2/1/18
HI,2018,3,4209,53308,29905,177055,57517,206960,1402,1010,389,178,23,831,366,1398,.27825466,0,0,3/1/18,3/31/18,3/1/18
HI,2018,4,4209,53308,29905,177055,57517,206960,1402,1048,347,173,18,873,329,1393,.24910265,0,0,4/1/18,4/30/18,4/1/18
HI,2018,5,4209,53308,29905,177055,57517,206960,1491,1063,426,199,28,861,398,1486,.28667563,0,0,5/1/18,5/31/18,5/1/18
HI,2018,6,4209,53308,29905,177055,57517,206960,1372,982,388,183,26,794,360,1363,.28319883,0,0,6/1/18,6/30/18,6/1/18
HI,2018,7,4209,53308,29905,177055,57517,206960,1401,991,404,186,32,802,370,1390,.28920862,0,0,7/1/18,7/31/18,7/1/18
HI,2018,8,4209,53308,29905,177055,57517,206960,1426,1028,394,185,22,841,372,1420,.27746478,0,0,8/1/18,8/31/18,8/1/18
HI,2018,9,4209,53308,29905,177055,57517,206960,1479,1088,389,203,30,880,359,1472,.26426631,0,0,9/1/18,9/30/18,9/1/18
HI,2018,10,4209,53308,29905,177055,57517,206960,1444,1048,392,200,36,844,356,1436,.27298051,0,0,10/1/18,10/31/18,10/1/18
HI,2018,11,4209,53308,29905,177055,57517,206960,1385,998,384,170,30,825,353,1378,.27793905,0,0,11/1/18,11/30/18,11/1/18
HI,2018,12,4209,53308,29905,177055,57517,206960,1425,1033,387,198,21,832,366,1417,.27311221,0,0,12/1/18,12/31/18,12/1/18
HI,2019,1,4346,60065,26772,168927,64411,195699,1379,1020,357,204,33,812,321,1370,.25839415,0,0,1/1/19,1/31/19,1/1/19
HI,2019,2,4346,60065,26772,168927,64411,195699,1335,943,386,169,31,766,355,1321,.29220289,0,0,2/1/19,2/28/19,2/1/19
HI,2019,3,4346,60065,26772,168927,64411,195699,1345,981,363,183,29,798,333,1343,.26954579,0,0,3/1/19,3/31/19,3/1/19
HI,2019,4,4346,60065,26772,168927,64411,195699,1324,961,363,171,29,789,334,1323,.27437642,0,0,4/1/19,4/30/19,4/1/19
HI,2019,5,4346,60065,26772,168927,64411,195699,1450,1059,389,159,30,897,358,1444,.26869807,0,0,5/1/19,5/31/19,5/1/19
HI,2019,6,4346,60065,26772,168927,64411,195699,1329,931,397,183,29,743,367,1322,.29954615,0,0,6/1/19,6/30/19,6/1/19
HI,2019,7,4346,60065,26772,168927,64411,195699,1442,1025,416,180,27,842,389,1438,.2892907,0,0,7/1/19,7/31/19,7/1/19
HI,2019,8,4346,60065,26772,168927,64411,195699,1470,1050,420,192,36,856,384,1468,.28610355,0,0,8/1/19,8/31/19,8/1/19
HI,2019,9,4346,60065,26772,168927,64411,195699,1441,1041,400,205,30,834,370,1439,.27797082,0,0,9/1/19,9/30/19,9/1/19
HI,2019,10,4346,60065,26772,168927,64411,195699,1407,1032,372,199,21,828,350,1398,.2653791,0,0,10/1/19,10/31/19,10/1/19
HI,2019,11,4346,60065,26772,168927,64411,195699,1423,1041,379,181,32,857,347,1417,.26746649,0,0,11/1/19,11/30/19,11/1/19
HI,2019,12,4346,60065,26772,168927,64411,195699,1391,1005,383,209,23,792,358,1382,.2756874,0,0,12/1/19,12/31/19,12/1/19
HI,2020,1,4523,57230,28544,172513,61753,201057,1344,948,396,219,25,726,368,1338,.29372197,0,0,1/1/20,1/31/20,1/1/20
HI,2020,2,4523,57230,28544,172513,61753,201057,1284,921,362,177,28,742,333,1280,.28203124,0,0,2/1/20,2/28/20,2/1/20
HI,2020,3,4523,57230,28544,172513,61753,201057,1352,966,383,179,36,779,347,1341,.28560776,0,0,3/1/20,3/31/20,3/1/20
HI,2020,4,4523,57230,28544,172513,61753,201057,1297,978,316,193,16,782,300,1291,.2447715,0,0,4/1/20,4/30/20,4/1/20
HI,2020,5,4523,57230,28544,172513,61753,201057,1341,991,349,190,35,798,313,1336,.26047903,0,0,5/1/20,5/31/20,5/1/20
HI,2020,6,4523,57230,28544,172513,61753,201057,1192,881,310,183,22,696,287,1188,.26010102,0,0,6/1/20,6/30/20,6/1/20
HI,2020,7,4523,57230,28544,172513,61753,201057,1316,996,314,171,26,822,288,1307,.24024484,0,0,7/1/20,7/31/20,7/1/20
HI,2020,8,4523,57230,28544,172513,61753,201057,1330,998,332,219,30,777,302,1328,.25,0,0,8/1/20,8/31/20,8/1/20
HI,2020,9,4523,57230,28544,172513,61753,201057,1330,992,336,204,24,783,312,1323,.25396827,0,0,9/1/20,9/30/20,9/1/20
HI,2020,10,4523,57230,28544,172513,61753,201057,1380,1023,354,194,29,825,324,1372,.25728863,0,0,10/1/20,10/31/20,10/1/20
HI,2020,11,4523,57230,28544,172513,61753,201057,1309,976,331,184,24,789,306,1303,.25326172,0,0,11/1/20,11/30/20,11/1/20
HI,2020,12,4523,57230,28544,172513,61753,201057,1259,935,321,192,17,741,304,1254,.25598085,0,0,12/1/20,12/31/20,12/1/20
HI,2021,1,3297,50870,29649,178785,54167,208434,1207,891,315,159,23,727,292,1201,.26228142,0,0,1/1/21,1/31/21,1/1/21
HI,2021,2,3297,50870,29649,178785,54167,208434,1113,851,259,167,16,682,243,1108,.23375452,0,0,2/1/21,2/28/21,2/1/21
HI,2021,3,3297,50870,29649,178785,54167,208434,1411,1075,334,222,36,847,297,1402,.23751783,0,0,3/1/21,3/31/21,3/1/21
HI,2021,4,3297,50870,29649,178785,54167,208434,1263,959,302,179,30,771,271,1251,.24060751,0,0,4/1/21,4/30/21,4/1/21
HI,2021,5,3297,50870,29649,178785,54167,208434,1281,1003,275,193,27,807,248,1275,.21568628,0,0,5/1/21,5/31/21,5/1/21
HI,2021,6,3297,50870,29649,178785,54167,208434,1263,972,288,205,23,763,264,1255,.22868526,0,0,6/1/21,6/30/21,6/1/21
HI,2021,7,3297,50870,29649,178785,54167,208434,1348,1015,330,191,28,818,302,1339,.24645257,0,0,7/1/21,7/31/21,7/1/21
HI,2021,8,3297,50870,29649,178785,54167,208434,1417,1065,350,183,39,878,310,1410,.24751773,0,0,8/1/21,8/31/21,8/1/21
HI,2021,9,3297,50870,29649,178785,54167,208434,1377,1037,336,225,31,808,303,1367,.24433064,0,0,9/1/21,9/30/21,9/1/21
HI,2021,10,3297,50870,29649,178785,54167,208434,1327,1010,313,213,27,796,286,1322,.23676248,0,0,10/1/21,10/31/21,10/1/21
HI,2021,11,3297,50870,29649,178785,54167,208434,1254,925,328,191,27,730,300,1248,.26201922,0,0,11/1/21,11/30/21,11/1/21
HI,2021,12,3297,50870,29649,178785,54167,208434,1305,976,327,188,26,781,300,1295,.25173745,0,0,12/1/21,12/31/21,12/1/21
HI,2022,1,3127,54453,29020,171831,57580,200851,1355,1009,346,205,25,800,320,1350,.25555557,0,0,1/1/22,1/31/22,1/1/22
HI,2022,2,3127,54453,29020,171831,57580,200851,1265,903,362,187,30,714,330,1261,.28548771,0,0,2/1/22,2/28/22,2/1/22
HI,2022,3,3127,54453,29020,171831,57580,200851,1348,999,349,202,30,796,319,1347,.2590943,0,0,3/1/22,3/31/22,3/1/22
HI,2022,4,3127,54453,29020,171831,57580,200851,1204,894,308,173,33,720,275,1201,.25645295,0,0,4/1/22,4/30/22,4/1/22
HI,2022,5,3127,54453,29020,171831,57580,200851,1205,896,307,173,24,721,283,1201,.25562033,0,0,5/1/22,5/31/22,5/1/22
HI,2022,6,3127,54453,29020,171831,57580,200851,1246,946,297,193,28,752,269,1242,.23913044,0,0,6/1/22,6/30/22,6/1/22
HI,2022,7,3127,54453,29020,171831,57580,200851,1334,1007,325,210,25,794,299,1328,.24397591,0,0,7/1/22,7/31/22,7/1/22
HI,2022,8,3127,54453,29020,171831,57580,200851,1304,976,326,199,31,774,294,1298,.2503852,0,0,8/1/22,8/31/22,8/1/22
HI,2022,9,3127,54453,29020,171831,57580,200851,1318,987,328,184,39,797,289,1309,.25057295,0,0,9/1/22,9/30/22,9/1/22
HI,2022,10,3127,54453,29020,171831,57580,200851,1310,990,317,192,33,789,283,1297,.24363917,0,0,10/1/22,10/31/22,10/1/22
HI,2022,11,3127,54453,29020,171831,57580,200851,1269,949,314,202,28,742,283,1255,.24780877,0,0,11/1/22,11/30/22,11/1/22
HI,2022,12,3127,54453,29020,171831,57580,200851,1304,967,334,212,28,753,306,1299,.25712085,0,0,12/1/22,12/31/22,12/1/22
HI,2023,1,5780,53490,27143,176665,59270,203808,1317,1017,297,186,13,827,284,1310,.22671756,0,0,1/1/23,1/31/23,1/1/23
HI,2023,2,5780,53490,27143,176665,59270,203808,1154,869,280,186,25,679,254,1144,.24388112,0,0,2/1/23,2/28/23,2/1/23
HI,2023,3,5780,53490,27143,176665,59270,203808,1235,927,303,195,25,728,277,1225,.24653061,0,0,3/1/23,3/31/23,3/1/23
HI,2023,4,5780,53490,27143,176665,59270,203808,1191,871,316,162,22,705,294,1183,.2671175,0,0,4/1/23,4/30/23,4/1/23
HI,2023,5,5780,53490,27143,176665,59270,203808,1209,928,277,192,30,734,245,1201,.22897585,0,0,5/1/23,5/31/23,5/1/23
HI,2023,6,5780,53490,27143,176665,59270,203808,1232,939,289,172,25,760,262,1219,.23543888,0,0,6/1/23,6/30/23,6/1/23
HI,2023,7,5780,53490,27143,176665,59270,203808,1202,913,287,184,33,725,254,1196,.23996656,0,0,7/1/23,7/31/23,7/1/23
HI,2023,8,5780,53490,27143,176665,59270,203808,1317,1010,304,230,28,775,274,1307,.2310635,0,0,8/1/23,8/31/23,8/1/23
HI,2023,9,5780,53490,27143,176665,59270,203808,1210,916,291,182,26,729,263,1200,.24083333,0,0,9/1/23,9/30/23,9/1/23
HI,2023,10,5780,53490,27143,176665,59270,203808,1275,940,332,216,26,717,305,1264,.26186708,0,0,10/1/23,10/31/23,10/1/23
HI,2023,11,5780,53490,27143,176665,59270,203808,1209,894,309,190,27,698,282,1197,.25814536,0,0,11/1/23,11/30/23,11/1/23
HI,2023,12,5780,53490,27143,176665,59270,203808,1204,907,296,183,29,719,264,1195,.24518828,0,0,12/1/23,12/31/23,12/1/23
IA,2016,1,17579,39769,28008,514241,57348,542249,3079,2713,364,119,141,2594,223,3077,.11829704,0,0,1/1/16,1/31/16,1/1/16
IA,2016,2,17579,39769,28008,514241,57348,542249,2952,2617,331,129,128,2487,203,2947,.11231761,0,0,2/1/16,2/28/16,2/1/16
IA,2016,3,17579,39769,28008,514241,57348,542249,3340,2943,391,130,169,2812,222,3333,.11731173,0,0,3/1/16,3/31/16,3/1/16
IA,2016,4,17579,39769,28008,514241,57348,542249,3244,2872,367,153,135,2719,232,3239,.11330657,0,0,4/1/16,4/30/16,4/1/16
IA,2016,5,17579,39769,28008,514241,57348,542249,3369,2963,403,142,164,2821,239,3366,.11972668,0,0,5/1/16,5/31/16,5/1/16
IA,2016,6,17579,39769,28008,514241,57348,542249,3328,2952,375,127,145,2825,230,3327,.11271416,0,0,6/1/16,6/30/16,6/1/16
IA,2016,7,17579,39769,28008,514241,57348,542249,3399,3005,391,153,160,2852,231,3396,.11513545,0,0,7/1/16,7/31/16,7/1/16
IA,2016,8,17579,39769,28008,514241,57348,542249,3543,3159,377,149,156,3010,221,3536,.10661764,0,0,8/1/16,8/31/16,8/1/16
IA,2016,9,17579,39769,28008,514241,57348,542249,3439,3008,428,147,171,2861,257,3436,.12456345,0,0,9/1/16,9/30/16,9/1/16
IA,2016,10,17579,39769,28008,514241,57348,542249,3234,2830,401,116,169,2714,232,3231,.12411018,0,0,10/1/16,10/31/16,10/1/16
IA,2016,11,17579,39769,28008,514241,57348,542249,3191,2825,364,134,133,2691,231,3189,.11414237,0,0,11/1/16,11/30/16,11/1/16
IA,2016,12,17579,39769,28008,514241,57348,542249,3235,2826,408,125,173,2700,235,3233,.12619857,0,0,12/1/16,12/31/16,12/1/16
IA,2017,1,14736,30264,27170,518119,45000,545289,3052,2666,386,135,156,2531,230,3052,.12647444,0,0,1/1/17,1/31/17,1/1/17
IA,2017,2,14736,30264,27170,518119,45000,545289,2903,2541,361,118,145,2423,216,2902,.12439696,0,0,2/1/17,2/28/17,2/1/17
IA,2017,3,14736,30264,27170,518119,45000,545289,3231,2809,422,138,158,2671,264,3231,.13060972,0,0,3/1/17,3/31/17,3/1/17
IA,2017,4,14736,30264,27170,518119,45000,545289,3053,2668,385,133,139,2535,246,3053,.12610547,0,0,4/1/17,4/30/17,4/1/17
IA,2017,5,14736,30264,27170,518119,45000,545289,3265,2860,405,135,148,2724,257,3264,.12408088,0,0,5/1/17,5/31/17,5/1/17
IA,2017,6,14736,30264,27170,518119,45000,545289,3235,2844,389,121,157,2723,232,3233,.12032168,0,0,6/1/17,6/30/17,6/1/17
IA,2017,7,14736,30264,27170,518119,45000,545289,3387,2952,435,121,169,2831,266,3387,.12843224,0,0,7/1/17,7/31/17,7/1/17
IA,2017,8,14736,30264,27170,518119,45000,545289,3586,3137,449,147,195,2988,254,3584,.12527902,0,0,8/1/17,8/31/17,8/1/17
IA,2017,9,14736,30264,27170,518119,45000,545289,3338,2935,403,152,177,2783,226,3338,.12073097,0,0,9/1/17,9/30/17,9/1/17
IA,2017,10,14736,30264,27170,518119,45000,545289,3138,2772,365,146,137,2626,228,3137,.11635321,0,0,10/1/17,10/31/17,10/1/17
IA,2017,11,14736,30264,27170,518119,45000,545289,3078,2716,361,134,145,2582,216,3077,.11732206,0,0,11/1/17,11/30/17,11/1/17
IA,2017,12,14736,30264,27170,518119,45000,545289,3104,2684,420,130,172,2553,248,3103,.13535288,0,0,12/1/17,12/31/17,12/1/17
IA,2018,1,20075,36887,24391,515198,56962,539589,3121,2787,334,143,131,2643,203,3120,.10705128,0,0,1/1/18,1/31/18,1/1/18
IA,2018,2,20075,36887,24391,515198,56962,539589,2848,2511,337,145,130,2366,207,2848,.11832865,0,0,2/1/18,2/28/18,2/1/18
IA,2018,3,20075,36887,24391,515198,56962,539589,3149,2758,390,155,163,2603,227,3148,.12388818,0,0,3/1/18,3/31/18,3/1/18
IA,2018,4,20075,36887,24391,515198,56962,539589,3086,2701,384,158,136,2541,248,3083,.12455401,0,0,4/1/18,4/30/18,4/1/18
IA,2018,5,20075,36887,24391,515198,56962,539589,3333,2878,453,157,186,2720,267,3330,.13603604,0,0,5/1/18,5/31/18,5/1/18
IA,2018,6,20075,36887,24391,515198,56962,539589,3118,2756,362,147,162,2609,200,3118,.11610007,0,0,6/1/18,6/30/18,6/1/18
IA,2018,7,20075,36887,24391,515198,56962,539589,3289,2870,419,148,162,2722,257,3289,.12739435,0,0,7/1/18,7/31/18,7/1/18
IA,2018,8,20075,36887,24391,515198,56962,539589,3384,2992,391,186,169,2805,222,3382,.11561207,0,0,8/1/18,8/31/18,8/1/18
IA,2018,9,20075,36887,24391,515198,56962,539589,3108,2701,405,142,160,2559,245,3106,.13039279,0,0,9/1/18,9/30/18,9/1/18
IA,2018,10,20075,36887,24391,515198,56962,539589,3263,2875,384,178,148,2697,236,3259,.11782756,0,0,10/1/18,10/31/18,10/1/18
IA,2018,11,20075,36887,24391,515198,56962,539589,3049,2648,400,149,153,2499,247,3048,.1312336,0,0,11/1/18,11/30/18,11/1/18
IA,2018,12,20075,36887,24391,515198,56962,539589,2985,2589,395,138,140,2451,255,2984,.13237265,0,0,12/1/18,12/31/18,12/1/18
IA,2019,1,18554,35126,31040,513027,53680,544067,3060,2662,397,156,159,2506,238,3059,.12978098,0,0,1/1/19,1/31/19,1/1/19
IA,2019,2,18554,35126,31040,513027,53680,544067,2861,2495,365,150,135,2345,230,2860,.12762238,0,0,2/1/19,2/28/19,2/1/19
IA,2019,3,18554,35126,31040,513027,53680,544067,3064,2670,392,116,148,2554,243,3061,.12773603,0,0,3/1/19,3/31/19,3/1/19
IA,2019,4,18554,35126,31040,513027,53680,544067,3109,2707,400,125,148,2582,252,3107,.12874155,0,0,4/1/19,4/30/19,4/1/19
IA,2019,5,18554,35126,31040,513027,53680,544067,3267,2871,396,139,172,2731,224,3266,.12124924,0,0,5/1/19,5/31/19,5/1/19
IA,2019,6,18554,35126,31040,513027,53680,544067,3133,2748,381,151,149,2596,232,3128,.12180307,0,0,6/1/19,6/30/19,6/1/19
IA,2019,7,18554,35126,31040,513027,53680,544067,3440,3029,410,187,181,2842,229,3439,.1192207,0,0,7/1/19,7/31/19,7/1/19
IA,2019,8,18554,35126,31040,513027,53680,544067,3394,2978,416,153,185,2825,231,3394,.12256924,0,0,8/1/19,8/31/19,8/1/19
IA,2019,9,18554,35126,31040,513027,53680,544067,3224,2830,393,149,143,2681,250,3223,.12193608,0,0,9/1/19,9/30/19,9/1/19
IA,2019,10,18554,35126,31040,513027,53680,544067,3197,2787,410,163,169,2623,241,3196,.12828536,0,0,10/1/19,10/31/19,10/1/19
IA,2019,11,18554,35126,31040,513027,53680,544067,2909,2523,383,137,163,2385,220,2905,.13184166,0,0,11/1/19,11/30/19,11/1/19
IA,2019,12,18554,35126,31040,513027,53680,544067,2939,2535,404,143,158,2392,246,2939,.13746172,0,0,12/1/19,12/31/19,12/1/19
IA,2020,1,17393,36104,27840,513632,53497,541472,3030,2619,411,176,160,2442,251,3029,.13568835,0,0,1/1/20,1/31/20,1/1/20
IA,2020,2,17393,36104,27840,513632,53497,541472,2835,2502,332,141,132,2360,200,2833,.11719026,0,0,2/1/20,2/28/20,2/1/20
IA,2020,3,17393,36104,27840,513632,53497,541472,3023,2584,438,159,182,2425,256,3022,.14493713,0,0,3/1/20,3/31/20,3/1/20
IA,2020,4,17393,36104,27840,513632,53497,541472,2869,2506,362,148,146,2358,216,2868,.12622036,0,0,4/1/20,4/30/20,4/1/20
IA,2020,5,17393,36104,27840,513632,53497,541472,3212,2796,416,150,154,2646,262,3212,.12951432,0,0,5/1/20,5/31/20,5/1/20
IA,2020,6,17393,36104,27840,513632,53497,541472,3028,2667,361,163,158,2504,203,3028,.11922061,0,0,6/1/20,6/30/20,6/1/20
IA,2020,7,17393,36104,27840,513632,53497,541472,3150,2740,410,163,166,2577,244,3150,.13015874,0,0,7/1/20,7/31/20,7/1/20
IA,2020,8,17393,36104,27840,513632,53497,541472,3180,2743,437,151,162,2592,275,3180,.13742138,0,0,8/1/20,8/31/20,8/1/20
IA,2020,9,17393,36104,27840,513632,53497,541472,3089,2704,385,153,149,2550,236,3088,.12467617,0,0,9/1/20,9/30/20,9/1/20
IA,2020,10,17393,36104,27840,513632,53497,541472,2987,2570,416,167,149,2402,267,2985,.13936348,0,0,10/1/20,10/31/20,10/1/20
IA,2020,11,17393,36104,27840,513632,53497,541472,2760,2413,347,135,145,2277,202,2759,.12577021,0,0,11/1/20,11/30/20,11/1/20
IA,2020,12,17393,36104,27840,513632,53497,541472,2895,2493,402,153,155,2339,247,2894,.13890809,0,0,12/1/20,12/31/20,12/1/20
IA,2021,1,19192,35988,33611,523623,55180,557234,2807,2425,382,139,140,2286,242,2807,.13608836,0,0,1/1/21,1/31/21,1/1/21
IA,2021,2,19192,35988,33611,523623,55180,557234,2723,2388,335,120,145,2268,190,2723,.12302607,0,0,2/1/21,2/28/21,2/1/21
IA,2021,3,19192,35988,33611,523623,55180,557234,3076,2688,388,186,157,2502,231,3076,.12613784,0,0,3/1/21,3/31/21,3/1/21
IA,2021,4,19192,35988,33611,523623,55180,557234,2966,2609,357,152,142,2455,215,2964,.12044534,0,0,4/1/21,4/30/21,4/1/21
IA,2021,5,19192,35988,33611,523623,55180,557234,3033,2656,377,162,137,2494,240,3033,.12429938,0,0,5/1/21,5/31/21,5/1/21
IA,2021,6,19192,35988,33611,523623,55180,557234,3192,2783,409,169,166,2612,243,3190,.12821317,0,0,6/1/21,6/30/21,6/1/21
IA,2021,7,19192,35988,33611,523623,55180,557234,3322,2915,407,191,166,2723,241,3321,.12255345,0,0,7/1/21,7/31/21,7/1/21
IA,2021,8,19192,35988,33611,523623,55180,557234,3302,2855,447,193,180,2660,267,3300,.13545455,0,0,8/1/21,8/31/21,8/1/21
IA,2021,9,19192,35988,33611,523623,55180,557234,3250,2854,396,174,167,2679,229,3249,.12188365,0,0,9/1/21,9/30/21,9/1/21
IA,2021,10,19192,35988,33611,523623,55180,557234,3137,2731,405,181,172,2549,233,3135,.1291866,0,0,10/1/21,10/31/21,10/1/21
IA,2021,11,19192,35988,33611,523623,55180,557234,2995,2584,411,155,158,2429,253,2995,.13722871,0,0,11/1/21,11/30/21,11/1/21
IA,2021,12,19192,35988,33611,523623,55180,557234,2966,2531,434,157,179,2372,255,2963,.14647317,0,0,12/1/21,12/31/21,12/1/21
IA,2022,1,19228,39561,32948,518635,58789,551583,2925,2514,411,178,154,2335,257,2924,.14056088,0,0,1/1/22,1/31/22,1/1/22
IA,2022,2,19228,39561,32948,518635,58789,551583,2727,2357,370,151,144,2206,226,2727,.13568023,0,0,2/1/22,2/28/22,2/1/22
IA,2022,3,19228,39561,32948,518635,58789,551583,3151,2726,425,168,158,2558,267,3151,.13487782,0,0,3/1/22,3/31/22,3/1/22
IA,2022,4,19228,39561,32948,518635,58789,551583,2969,2579,390,141,166,2437,224,2968,.13140161,0,0,4/1/22,4/30/22,4/1/22
IA,2022,5,19228,39561,32948,518635,58789,551583,2970,2555,415,165,164,2389,251,2969,.13977771,0,0,5/1/22,5/31/22,5/1/22
IA,2022,6,19228,39561,32948,518635,58789,551583,3039,2619,420,186,172,2433,248,3039,.13820335,0,0,6/1/22,6/30/22,6/1/22
IA,2022,7,19228,39561,32948,518635,58789,551583,3212,2788,423,207,168,2581,255,3211,.13173467,0,0,7/1/22,7/31/22,7/1/22
IA,2022,8,19228,39561,32948,518635,58789,551583,3264,2834,430,201,181,2633,248,3263,.13147411,0,0,8/1/22,8/31/22,8/1/22
IA,2022,9,19228,39561,32948,518635,58789,551583,3068,2636,432,192,168,2443,264,3067,.14085425,0,0,9/1/22,9/30/22,9/1/22
IA,2022,10,19228,39561,32948,518635,58789,551583,3012,2568,442,183,190,2384,252,3009,.14689265,0,0,10/1/22,10/31/22,10/1/22
IA,2022,11,19228,39561,32948,518635,58789,551583,3036,2603,433,161,177,2442,256,3036,.14262187,0,0,11/1/22,11/30/22,11/1/22
IA,2022,12,19228,39561,32948,518635,58789,551583,3069,2659,409,205,186,2454,223,3068,.1333116,0,0,12/1/22,12/31/22,12/1/22
IA,2023,1,21621,35360,36822,519820,56981,556642,2886,2470,415,151,167,2319,248,2885,.14384748,0,0,1/1/23,1/31/23,1/1/23
IA,2023,2,21621,35360,36822,519820,56981,556642,2734,2336,396,159,164,2177,232,2732,.14494875,0,0,2/1/23,2/28/23,2/1/23
IA,2023,3,21621,35360,36822,519820,56981,556642,3033,2625,408,164,170,2460,238,3032,.13456464,0,0,3/1/23,3/31/23,3/1/23
IA,2023,4,21621,35360,36822,519820,56981,556642,2875,2470,405,148,182,2322,223,2875,.14086956,0,0,4/1/23,4/30/23,4/1/23
IA,2023,5,21621,35360,36822,519820,56981,556642,3118,2689,428,183,182,2506,246,3117,.13731152,0,0,5/1/23,5/31/23,5/1/23
IA,2023,6,21621,35360,36822,519820,56981,556642,3103,2650,453,157,173,2493,280,3103,.14598775,0,0,6/1/23,6/30/23,6/1/23
IA,2023,7,21621,35360,36822,519820,56981,556642,3179,2725,454,174,205,2550,249,3178,.14285715,0,0,7/1/23,7/31/23,7/1/23
IA,2023,8,21621,35360,36822,519820,56981,556642,3288,2808,480,206,205,2602,275,3288,.14598539,0,0,8/1/23,8/31/23,8/1/23
IA,2023,9,21621,35360,36822,519820,56981,556642,2967,2510,457,163,193,2347,264,2967,.15402764,0,0,9/1/23,9/30/23,9/1/23
IA,2023,10,21621,35360,36822,519820,56981,556642,2910,2452,458,165,194,2287,264,2910,.15738831,0,0,10/1/23,10/31/23,10/1/23
IA,2023,11,21621,35360,36822,519820,56981,556642,2996,2573,423,155,173,2417,250,2995,.1412354,0,0,11/1/23,11/30/23,11/1/23
IA,2023,12,21621,35360,36822,519820,56981,556642,2902,2441,458,171,195,2270,263,2899,.15798551,0,0,12/1/23,12/31/23,12/1/23
ID,2016,1,16851,14048,30627,261824,30899,292451,1723,1512,204,157,128,1351,76,1712,.11915888,1,0,1/1/16,1/31/16,1/1/16
ID,2016,2,16851,14048,30627,261824,30899,292451,1704,1506,195,152,112,1347,83,1694,.11511216,1,0,2/1/16,2/28/16,2/1/16
ID,2016,3,16851,14048,30627,261824,30899,292451,1988,1774,204,190,110,1577,94,1971,.10350076,1,0,3/1/16,3/31/16,3/1/16
ID,2016,4,16851,14048,30627,261824,30899,292451,1836,1629,201,166,112,1457,89,1824,.11019737,1,0,4/1/16,4/30/16,4/1/16
ID,2016,5,16851,14048,30627,261824,30899,292451,1879,1650,221,192,116,1455,105,1868,.11830835,1,0,5/1/16,5/31/16,5/1/16
ID,2016,6,16851,14048,30627,261824,30899,292451,1940,1717,217,196,116,1514,98,1924,.11122661,1,0,6/1/16,6/30/16,6/1/16
ID,2016,7,16851,14048,30627,261824,30899,292451,1886,1693,188,203,113,1485,75,1876,.10021322,1,0,7/1/16,7/31/16,7/1/16
ID,2016,8,16851,14048,30627,261824,30899,292451,2012,1763,245,204,137,1553,108,2002,.12237762,1,0,8/1/16,8/31/16,8/1/16
ID,2016,9,16851,14048,30627,261824,30899,292451,2071,1844,220,184,123,1654,97,2058,.1068999,1,0,9/1/16,9/30/16,9/1/16
ID,2016,10,16851,14048,30627,261824,30899,292451,1889,1692,193,193,109,1488,84,1874,.10298826,1,0,10/1/16,10/31/16,10/1/16
ID,2016,11,16851,14048,30627,261824,30899,292451,1729,1537,189,170,107,1363,82,1722,.1097561,1,0,11/1/16,11/30/16,11/1/16
ID,2016,12,16851,14048,30627,261824,30899,292451,1785,1550,227,176,133,1367,94,1770,.12824859,1,0,12/1/16,12/31/16,12/1/16
ID,2017,1,14203,13906,33736,265246,28109,298982,1770,1560,206,166,117,1392,89,1764,.11678004,1,0,1/1/17,1/31/17,1/1/17
ID,2017,2,14203,13906,33736,265246,28109,298982,1686,1505,174,169,91,1333,81,1674,.10274791,1,0,2/1/17,2/28/17,2/1/17
ID,2017,3,14203,13906,33736,265246,28109,298982,1922,1680,235,173,137,1504,97,1911,.12244898,1,0,3/1/17,3/31/17,3/1/17
ID,2017,4,14203,13906,33736,265246,28109,298982,1746,1533,208,163,109,1367,97,1736,.11866359,1,0,4/1/17,4/30/17,4/1/17
ID,2017,5,14203,13906,33736,265246,28109,298982,1961,1728,228,183,129,1536,99,1947,.11710323,1,0,5/1/17,5/31/17,5/1/17
ID,2017,6,14203,13906,33736,265246,28109,298982,1970,1768,192,199,109,1565,82,1955,.097698212,1,0,6/1/17,6/30/17,6/1/17
ID,2017,7,14203,13906,33736,265246,28109,298982,1946,1728,214,212,124,1510,87,1933,.10915675,1,0,7/1/17,7/31/17,7/1/17
ID,2017,8,14203,13906,33736,265246,28109,298982,1973,1751,217,196,121,1550,95,1962,.11009175,1,0,8/1/17,8/31/17,8/1/17
ID,2017,9,14203,13906,33736,265246,28109,298982,1883,1643,233,216,123,1422,106,1867,.12265667,1,0,9/1/17,9/30/17,9/1/17
ID,2017,10,14203,13906,33736,265246,28109,298982,1897,1693,199,187,107,1503,90,1887,.10439852,1,0,10/1/17,10/31/17,10/1/17
ID,2017,11,14203,13906,33736,265246,28109,298982,1635,1433,197,174,98,1254,98,1624,.12068965,1,0,11/1/17,11/30/17,11/1/17
ID,2017,12,14203,13906,33736,265246,28109,298982,1744,1529,209,159,119,1368,90,1736,.1203917,1,0,12/1/17,12/31/17,12/1/17
ID,2018,1,19342,12873,32797,275462,32215,308259,1709,1523,181,176,89,1345,92,1702,.10634547,1,0,1/1/18,1/31/18,1/1/18
ID,2018,2,19342,12873,32797,275462,32215,308259,1554,1374,173,158,88,1212,85,1543,.11211925,1,0,2/1/18,2/28/18,2/1/18
ID,2018,3,19342,12873,32797,275462,32215,308259,1809,1630,168,181,95,1444,73,1793,.093697712,1,0,3/1/18,3/31/18,3/1/18
ID,2018,4,19342,12873,32797,275462,32215,308259,1754,1550,198,180,106,1367,91,1744,.11295871,1,0,4/1/18,4/30/18,4/1/18
ID,2018,5,19342,12873,32797,275462,32215,308259,1940,1727,208,181,105,1541,103,1930,.10777202,1,0,5/1/18,5/31/18,5/1/18
ID,2018,6,19342,12873,32797,275462,32215,308259,1764,1559,199,174,109,1379,89,1751,.11307824,1,0,6/1/18,6/30/18,6/1/18
ID,2018,7,19342,12873,32797,275462,32215,308259,1883,1655,214,193,128,1458,86,1865,.11474531,1,0,7/1/18,7/31/18,7/1/18
ID,2018,8,19342,12873,32797,275462,32215,308259,1903,1673,225,217,123,1450,102,1892,.11892178,1,0,8/1/18,8/31/18,8/1/18
ID,2018,9,19342,12873,32797,275462,32215,308259,1842,1643,190,217,102,1421,87,1827,.10344828,1,0,9/1/18,9/30/18,9/1/18
ID,2018,10,19342,12873,32797,275462,32215,308259,1814,1610,199,202,115,1406,84,1807,.11012729,1,0,10/1/18,10/31/18,10/1/18
ID,2018,11,19342,12873,32797,275462,32215,308259,1674,1479,190,180,107,1295,82,1664,.11358173,1,0,11/1/18,11/30/18,11/1/18
ID,2018,12,19342,12873,32797,275462,32215,308259,1723,1516,200,185,111,1327,89,1712,.11682243,1,0,12/1/18,12/31/18,12/1/18
ID,2019,1,13878,14721,41348,274908,28599,316256,1704,1521,178,189,103,1329,74,1695,.10442478,1,0,1/1/19,1/31/19,1/1/19
ID,2019,2,13878,14721,41348,274908,28599,316256,1652,1449,195,171,116,1276,78,1641,.1182206,1,0,2/1/19,2/28/19,2/1/19
ID,2019,3,13878,14721,41348,274908,28599,316256,1844,1646,195,190,106,1452,88,1836,.10566449,1,0,3/1/19,3/31/19,3/1/19
ID,2019,4,13878,14721,41348,274908,28599,316256,1807,1615,185,193,101,1419,83,1796,.10244989,1,0,4/1/19,4/30/19,4/1/19
ID,2019,5,13878,14721,41348,274908,28599,316256,1904,1707,189,212,106,1488,83,1889,.10005294,1,0,5/1/19,5/31/19,5/1/19
ID,2019,6,13878,14721,41348,274908,28599,316256,1958,1735,214,194,112,1534,102,1942,.11019567,1,0,6/1/19,6/30/19,6/1/19
ID,2019,7,13878,14721,41348,274908,28599,316256,2061,1845,208,228,109,1608,98,2043,.10132159,1,0,7/1/19,7/31/19,7/1/19
ID,2019,8,13878,14721,41348,274908,28599,316256,2016,1794,215,238,119,1547,95,1999,.10705353,1,0,8/1/19,8/31/19,8/1/19
ID,2019,9,13878,14721,41348,274908,28599,316256,1813,1636,171,192,94,1437,77,1800,.094999999,1,0,9/1/19,9/30/19,9/1/19
ID,2019,10,13878,14721,41348,274908,28599,316256,1783,1574,206,176,113,1392,92,1773,.11562324,1,0,10/1/19,10/31/19,10/1/19
ID,2019,11,13878,14721,41348,274908,28599,316256,1749,1541,197,189,100,1348,95,1732,.1125866,1,0,11/1/19,11/30/19,11/1/19
ID,2019,12,13878,14721,41348,274908,28599,316256,1727,1528,188,216,99,1306,88,1709,.10942072,1,0,12/1/19,12/31/19,12/1/19
ID,2020,1,14889,14657,36152,273938,29546,310090,1695,1514,173,193,99,1315,72,1679,.10184634,1,0,1/1/20,1/31/20,1/1/20
ID,2020,2,14889,14657,36152,273938,29546,310090,1613,1444,163,181,77,1261,86,1605,.10155763,1,0,2/1/20,2/28/20,2/1/20
ID,2020,3,14889,14657,36152,273938,29546,310090,1861,1658,195,210,103,1440,92,1845,.10569106,1,0,3/1/20,3/31/20,3/1/20
ID,2020,4,14889,14657,36152,273938,29546,310090,1788,1609,172,183,98,1418,74,1773,.097010717,1,0,4/1/20,4/30/20,4/1/20
ID,2020,5,14889,14657,36152,273938,29546,310090,1856,1646,199,209,103,1430,93,1835,.10681199,1,0,5/1/20,5/31/20,5/1/20
ID,2020,6,14889,14657,36152,273938,29546,310090,1816,1614,194,198,104,1407,90,1799,.10783768,1,0,6/1/20,6/30/20,6/1/20
ID,2020,7,14889,14657,36152,273938,29546,310090,1958,1733,214,210,114,1515,100,1939,.11036617,1,0,7/1/20,7/31/20,7/1/20
ID,2020,8,14889,14657,36152,273938,29546,310090,1916,1721,185,222,109,1488,76,1895,.09762533,1,0,8/1/20,8/31/20,8/1/20
ID,2020,9,14889,14657,36152,273938,29546,310090,1922,1713,198,237,119,1473,79,1908,.10377359,1,0,9/1/20,9/30/20,9/1/20
ID,2020,10,14889,14657,36152,273938,29546,310090,1754,1563,184,202,92,1357,92,1743,.10556512,1,0,10/1/20,10/31/20,10/1/20
ID,2020,11,14889,14657,36152,273938,29546,310090,1630,1461,163,193,87,1263,75,1618,.10012361,1,0,11/1/20,11/30/20,11/1/20
ID,2020,12,14889,14657,36152,273938,29546,310090,1688,1530,150,227,79,1299,71,1676,.089498803,1,0,12/1/20,12/31/20,12/1/20
ID,2021,1,17030,14648,42122,300204,31678,342326,1670,1486,176,219,86,1260,87,1652,.10472155,1,0,1/1/21,1/31/21,1/1/21
ID,2021,2,17030,14648,42122,300204,31678,342326,1566,1406,155,189,84,1211,71,1555,.099678457,1,0,2/1/21,2/28/21,2/1/21
ID,2021,3,17030,14648,42122,300204,31678,342326,1947,1744,196,243,91,1498,104,1936,.10072314,1,0,3/1/21,3/31/21,3/1/21
ID,2021,4,17030,14648,42122,300204,31678,342326,1857,1669,179,211,96,1450,83,1840,.097282611,1,0,4/1/21,4/30/21,4/1/21
ID,2021,5,17030,14648,42122,300204,31678,342326,1949,1757,186,227,97,1525,89,1938,.095975235,1,0,5/1/21,5/31/21,5/1/21
ID,2021,6,17030,14648,42122,300204,31678,342326,1988,1800,179,216,93,1580,86,1975,.090632908,1,0,6/1/21,6/30/21,6/1/21
ID,2021,7,17030,14648,42122,300204,31678,342326,1966,1757,203,232,117,1514,86,1949,.10415598,1,0,7/1/21,7/31/21,7/1/21
ID,2021,8,17030,14648,42122,300204,31678,342326,2042,1817,222,233,106,1571,116,2026,.10957552,1,0,8/1/21,8/31/21,8/1/21
ID,2021,9,17030,14648,42122,300204,31678,342326,1892,1702,180,258,91,1439,89,1877,.095897712,1,0,9/1/21,9/30/21,9/1/21
ID,2021,10,17030,14648,42122,300204,31678,342326,1843,1627,208,223,96,1398,111,1828,.11323851,1,0,10/1/21,10/31/21,10/1/21
ID,2021,11,17030,14648,42122,300204,31678,342326,1817,1627,184,228,109,1390,74,1801,.10161021,1,0,11/1/21,11/30/21,11/1/21
ID,2021,12,17030,14648,42122,300204,31678,342326,1847,1659,175,224,93,1422,82,1821,.096101046,1,0,12/1/21,12/31/21,12/1/21
ID,2022,1,13548,15947,45134,305497,29495,350631,1780,1568,205,221,99,1326,106,1752,.11700913,1,0,1/1/22,1/31/22,1/1/22
ID,2022,2,13548,15947,45134,305497,29495,350631,1642,1497,139,203,75,1274,63,1615,.085448913,1,0,2/1/22,2/28/22,2/1/22
ID,2022,3,13548,15947,45134,305497,29495,350631,1894,1711,177,225,89,1474,88,1876,.094349682,1,0,3/1/22,3/31/22,3/1/22
ID,2022,4,13548,15947,45134,305497,29495,350631,1831,1631,197,220,101,1396,96,1813,.10865968,1,0,4/1/22,4/30/22,4/1/22
ID,2022,5,13548,15947,45134,305497,29495,350631,1876,1677,194,230,95,1433,96,1854,.1030205,1,0,5/1/22,5/31/22,5/1/22
ID,2022,6,13548,15947,45134,305497,29495,350631,1932,1739,189,237,105,1492,83,1917,.098069899,1,0,6/1/22,6/30/22,6/1/22
ID,2022,7,13548,15947,45134,305497,29495,350631,2008,1809,193,234,104,1567,86,1991,.095429435,1,0,7/1/22,7/31/22,7/1/22
ID,2022,8,13548,15947,45134,305497,29495,350631,2041,1808,226,289,121,1512,103,2025,.11061729,1,0,8/1/22,8/31/22,8/1/22
ID,2022,9,13548,15947,45134,305497,29495,350631,1901,1657,236,211,126,1436,108,1881,.12440191,1,0,9/1/22,9/30/22,9/1/22
ID,2022,10,13548,15947,45134,305497,29495,350631,1863,1658,199,225,112,1427,86,1850,.10702702,1,0,10/1/22,10/31/22,10/1/22
ID,2022,11,13548,15947,45134,305497,29495,350631,1734,1540,184,201,104,1331,80,1716,.1072261,1,0,11/1/22,11/30/22,11/1/22
ID,2022,12,13548,15947,45134,305497,29495,350631,1849,1607,237,221,129,1378,107,1835,.12861036,1,0,12/1/22,12/31/22,12/1/22
ID,2023,1,16819,16730,46339,309330,33549,355669,1828,1619,206,223,94,1391,112,1820,.11318681,1,0,1/1/23,1/31/23,1/1/23
ID,2023,2,16819,16730,46339,309330,33549,355669,1641,1453,186,213,103,1236,83,1635,.11376147,1,0,2/1/23,2/28/23,2/1/23
ID,2023,3,16819,16730,46339,309330,33549,355669,1910,1678,224,233,128,1440,95,1896,.11761604,1,0,3/1/23,3/31/23,3/1/23
ID,2023,4,16819,16730,46339,309330,33549,355669,1766,1556,206,224,111,1325,93,1753,.11637194,1,1,4/1/23,4/30/23,4/1/23
ID,2023,5,16819,16730,46339,309330,33549,355669,1849,1658,183,217,89,1435,94,1835,.099727519,1,1,5/1/23,5/31/23,5/1/23
ID,2023,6,16819,16730,46339,309330,33549,355669,1940,1724,209,270,117,1446,92,1925,.10857143,1,1,6/1/23,6/30/23,6/1/23
ID,2023,7,16819,16730,46339,309330,33549,355669,1952,1701,242,252,136,1437,106,1931,.12532367,1,1,7/1/23,7/31/23,7/1/23
ID,2023,8,16819,16730,46339,309330,33549,355669,1957,1716,238,265,134,1442,104,1945,.12236504,1,1,8/1/23,8/31/23,8/1/23
ID,2023,9,16819,16730,46339,309330,33549,355669,1893,1685,203,251,107,1427,95,1880,.10744681,1,1,9/1/23,9/30/23,9/1/23
ID,2023,10,16819,16730,46339,309330,33549,355669,1889,1704,183,254,93,1441,90,1878,.097444087,1,1,10/1/23,10/31/23,10/1/23
ID,2023,11,16819,16730,46339,309330,33549,355669,1861,1631,219,242,116,1387,103,1848,.11850649,1,1,11/1/23,11/30/23,11/1/23
ID,2023,12,16819,16730,46339,309330,33549,355669,1865,1641,213,244,122,1385,91,1842,.11563518,1,1,12/1/23,12/31/23,12/1/23
IL,2016,1,192199,241164,316626,1812994,433363,2129620,12200,9477,2713,1381,1287,8001,1401,12070,.22270091,0,0,1/1/16,1/31/16,1/1/16
IL,2016,2,192199,241164,316626,1812994,433363,2129620,11878,9191,2675,1259,1220,7832,1428,11739,.22557288,0,0,2/1/16,2/28/16,2/1/16
IL,2016,3,192199,241164,316626,1812994,433363,2129620,12806,9973,2816,1338,1312,8521,1477,12648,.22050917,0,0,3/1/16,3/31/16,3/1/16
IL,2016,4,192199,241164,316626,1812994,433363,2129620,12585,9745,2831,1291,1268,8358,1540,12457,.22541542,0,0,4/1/16,4/30/16,4/1/16
IL,2016,5,192199,241164,316626,1812994,433363,2129620,13157,10245,2892,1442,1318,8690,1539,12989,.21995534,0,0,5/1/16,5/31/16,5/1/16
IL,2016,6,192199,241164,316626,1812994,433363,2129620,13190,10146,3024,1411,1385,8626,1613,13035,.22999616,0,0,6/1/16,6/30/16,6/1/16
IL,2016,7,192199,241164,316626,1812994,433363,2129620,13913,10749,3138,1521,1422,9111,1677,13731,.22569369,0,0,7/1/16,7/31/16,7/1/16
IL,2016,8,192199,241164,316626,1812994,433363,2129620,14037,10793,3223,1492,1448,9162,1726,13828,.22953428,0,0,8/1/16,8/31/16,8/1/16
IL,2016,9,192199,241164,316626,1812994,433363,2129620,13196,10180,3004,1412,1358,8664,1609,13043,.22747834,0,0,9/1/16,9/30/16,9/1/16
IL,2016,10,192199,241164,316626,1812994,433363,2129620,12653,9673,2961,1366,1347,8182,1584,12479,.23487459,0,0,10/1/16,10/31/16,10/1/16
IL,2016,11,192199,241164,316626,1812994,433363,2129620,12054,9253,2786,1311,1228,7808,1524,11871,.23182546,0,0,11/1/16,11/30/16,11/1/16
IL,2016,12,192199,241164,316626,1812994,433363,2129620,12349,9490,2838,1378,1305,7972,1491,12146,.23019925,0,0,12/1/16,12/31/16,12/1/16
IL,2017,1,195900,261901,311291,1767923,457801,2079214,11979,9339,2626,1316,1179,7965,1431,11891,.21949373,0,0,1/1/17,1/31/17,1/1/17
IL,2017,2,195900,261901,311291,1767923,457801,2079214,11168,8687,2466,1252,1140,7363,1303,11058,.22092603,0,0,2/1/17,2/28/17,2/1/17
IL,2017,3,195900,261901,311291,1767923,457801,2079214,12328,9642,2672,1384,1178,8175,1471,12208,.21698886,0,0,3/1/17,3/31/17,3/1/17
IL,2017,4,195900,261901,311291,1767923,457801,2079214,11842,9226,2600,1321,1134,7821,1443,11719,.21989931,0,0,4/1/17,4/30/17,4/1/17
IL,2017,5,195900,261901,311291,1767923,457801,2079214,12825,9883,2928,1429,1268,8348,1626,12671,.22839555,0,0,5/1/17,5/31/17,5/1/17
IL,2017,6,195900,261901,311291,1767923,457801,2079214,12645,9813,2819,1425,1230,8274,1558,12487,.2232722,0,0,6/1/17,6/30/17,6/1/17
IL,2017,7,195900,261901,311291,1767923,457801,2079214,13122,10265,2844,1498,1290,8667,1522,12977,.21669106,0,0,7/1/17,7/31/17,7/1/17
IL,2017,8,195900,261901,311291,1767923,457801,2079214,13625,10576,3028,1546,1359,8923,1645,13473,.22296445,0,0,8/1/17,8/31/17,8/1/17
IL,2017,9,195900,261901,311291,1767923,457801,2079214,12813,9895,2902,1436,1306,8331,1559,12632,.22680494,0,0,9/1/17,9/30/17,9/1/17
IL,2017,10,195900,261901,311291,1767923,457801,2079214,12710,9912,2788,1432,1220,8363,1529,12544,.21914859,0,0,10/1/17,10/31/17,10/1/17
IL,2017,11,195900,261901,311291,1767923,457801,2079214,11982,9312,2658,1327,1185,7856,1441,11809,.22237277,0,0,11/1/17,11/30/17,11/1/17
IL,2017,12,195900,261901,311291,1767923,457801,2079214,11932,9324,2598,1347,1107,7871,1456,11781,.21755369,0,0,12/1/17,12/31/17,12/1/17
IL,2018,1,185829,255924,317521,1753735,441753,2071256,11825,9226,2591,1278,1110,7875,1455,11718,.218894,0,0,1/1/18,1/31/18,1/1/18
IL,2018,2,185829,255924,317521,1753735,441753,2071256,10921,8597,2320,1227,984,7306,1316,10833,.21231422,0,0,2/1/18,2/28/18,2/1/18
IL,2018,3,185829,255924,317521,1753735,441753,2071256,12299,9546,2747,1382,1171,8084,1558,12195,.22378024,0,0,3/1/18,3/31/18,3/1/18
IL,2018,4,185829,255924,317521,1753735,441753,2071256,11679,9112,2560,1336,1078,7701,1456,11571,.21899576,0,0,4/1/18,4/30/18,4/1/18
IL,2018,5,185829,255924,317521,1753735,441753,2071256,12496,9752,2734,1483,1162,8200,1552,12397,.21892393,0,0,5/1/18,5/31/18,5/1/18
IL,2018,6,185829,255924,317521,1753735,441753,2071256,12192,9549,2630,1455,1148,8017,1459,12079,.21582912,0,0,6/1/18,6/30/18,6/1/18
IL,2018,7,185829,255924,317521,1753735,441753,2071256,12726,9924,2793,1510,1208,8323,1558,12599,.21954124,0,0,7/1/18,7/31/18,7/1/18
IL,2018,8,185829,255924,317521,1753735,441753,2071256,13082,10265,2809,1534,1221,8650,1572,12977,.21522693,0,0,8/1/18,8/31/18,8/1/18
IL,2018,9,185829,255924,317521,1753735,441753,2071256,12117,9504,2604,1438,1134,8009,1443,12024,.21432136,0,0,9/1/18,9/30/18,9/1/18
IL,2018,10,185829,255924,317521,1753735,441753,2071256,12257,9532,2714,1400,1187,8079,1505,12171,.2211815,0,0,10/1/18,10/31/18,10/1/18
IL,2018,11,185829,255924,317521,1753735,441753,2071256,11433,8979,2440,1399,1006,7521,1420,11346,.21381985,0,0,11/1/18,11/30/18,11/1/18
IL,2018,12,185829,255924,317521,1753735,441753,2071256,11378,8854,2508,1348,1056,7428,1434,11266,.221019,0,0,12/1/18,12/31/18,12/1/18
IL,2019,1,169364,240277,341917,1762194,409641,2104111,11225,8830,2391,1308,1068,7460,1309,11145,.2132795,0,0,1/1/19,1/31/19,1/1/19
IL,2019,2,169364,240277,341917,1762194,409641,2104111,10541,8207,2326,1278,1050,6865,1259,10452,.22091466,0,0,2/1/19,2/28/19,2/1/19
IL,2019,3,169364,240277,341917,1762194,409641,2104111,11392,8849,2539,1368,1048,7413,1464,11293,.22243868,0,0,3/1/19,3/31/19,3/1/19
IL,2019,4,169364,240277,341917,1762194,409641,2104111,11348,8943,2391,1395,1002,7480,1370,11247,.21090068,0,0,4/1/19,4/30/19,4/1/19
IL,2019,5,169364,240277,341917,1762194,409641,2104111,12036,9453,2573,1460,1071,7910,1480,11921,.21399212,0,0,5/1/19,5/31/19,5/1/19
IL,2019,6,169364,240277,341917,1762194,409641,2104111,11594,9131,2451,1347,1088,7731,1341,11507,.2110889,0,0,6/1/19,6/30/19,6/1/19
IL,2019,7,169364,240277,341917,1762194,409641,2104111,12889,10191,2688,1614,1212,8511,1462,12799,.20892256,0,0,7/1/19,7/31/19,7/1/19
IL,2019,8,169364,240277,341917,1762194,409641,2104111,12979,10180,2780,1675,1220,8453,1536,12884,.21390872,0,0,8/1/19,8/31/19,8/1/19
IL,2019,9,169364,240277,341917,1762194,409641,2104111,11727,9224,2497,1373,1093,7789,1383,11638,.21275133,0,0,9/1/19,9/30/19,9/1/19
IL,2019,10,169364,240277,341917,1762194,409641,2104111,11883,9394,2472,1441,1098,7871,1357,11767,.20863432,0,0,10/1/19,10/31/19,10/1/19
IL,2019,11,169364,240277,341917,1762194,409641,2104111,10876,8553,2308,1319,984,7180,1310,10793,.21254517,0,0,11/1/19,11/30/19,11/1/19
IL,2019,12,169364,240277,341917,1762194,409641,2104111,11192,8755,2423,1410,1012,7282,1394,11098,.21679582,0,0,12/1/19,12/31/19,12/1/19
IL,2020,1,180263,246301,324780,1763247,426564,2088027,11084,8850,2220,1385,956,7424,1257,11022,.20078026,0,0,1/1/20,1/31/20,1/1/20
IL,2020,2,180263,246301,324780,1763247,426564,2088027,10395,8261,2124,1293,889,6913,1214,10309,.20399651,0,0,2/1/20,2/28/20,2/1/20
IL,2020,3,180263,246301,324780,1763247,426564,2088027,11085,8778,2297,1338,1010,7398,1273,11019,.20718758,0,0,3/1/20,3/31/20,3/1/20
IL,2020,4,180263,246301,324780,1763247,426564,2088027,10748,8520,2220,1339,965,7146,1243,10693,.20649023,0,0,4/1/20,4/30/20,4/1/20
IL,2020,5,180263,246301,324780,1763247,426564,2088027,11418,9058,2349,1452,1023,7556,1321,11352,.20648344,0,0,5/1/20,5/31/20,5/1/20
IL,2020,6,180263,246301,324780,1763247,426564,2088027,11169,8807,2355,1492,993,7248,1347,11080,.21119134,0,0,6/1/20,6/30/20,6/1/20
IL,2020,7,180263,246301,324780,1763247,426564,2088027,11936,9508,2418,1595,1056,7826,1336,11813,.20248878,0,0,7/1/20,7/31/20,7/1/20
IL,2020,8,180263,246301,324780,1763247,426564,2088027,12005,9487,2509,1488,1076,7929,1419,11912,.20945266,0,0,8/1/20,8/31/20,8/1/20
IL,2020,9,180263,246301,324780,1763247,426564,2088027,11329,8966,2358,1435,1035,7473,1305,11248,.20803699,0,0,9/1/20,9/30/20,9/1/20
IL,2020,10,180263,246301,324780,1763247,426564,2088027,10988,8709,2275,1426,985,7220,1274,10905,.20715268,0,0,10/1/20,10/31/20,10/1/20
IL,2020,11,180263,246301,324780,1763247,426564,2088027,10291,8115,2164,1340,897,6682,1235,10154,.20996651,0,0,11/1/20,11/30/20,11/1/20
IL,2020,12,180263,246301,324780,1763247,426564,2088027,10450,8477,1961,1354,844,7042,1101,10341,.18808626,0,0,12/1/20,12/31/20,12/1/20
IL,2021,1,158875,236698,357703,1736878,395573,2094581,9783,7888,1887,1247,836,6596,1041,9720,.19310699,0,0,1/1/21,1/31/21,1/1/21
IL,2021,2,158875,236698,357703,1736878,395573,2094581,9634,7737,1894,1221,826,6465,1059,9571,.19694912,0,0,2/1/21,2/28/21,2/1/21
IL,2021,3,158875,236698,357703,1736878,395573,2094581,11291,9075,2207,1387,849,7626,1342,11204,.19555517,0,0,3/1/21,3/31/21,3/1/21
IL,2021,4,158875,236698,357703,1736878,395573,2094581,10885,8746,2130,1461,877,7247,1240,10825,.19556582,0,0,4/1/21,4/30/21,4/1/21
IL,2021,5,158875,236698,357703,1736878,395573,2094581,11034,8890,2132,1433,925,7401,1200,10959,.19390455,0,0,5/1/21,5/31/21,5/1/21
IL,2021,6,158875,236698,357703,1736878,395573,2094581,11877,9544,2322,1533,978,7947,1326,11784,.19551934,0,0,6/1/21,6/30/21,6/1/21
IL,2021,7,158875,236698,357703,1736878,395573,2094581,11950,9645,2295,1566,999,8014,1279,11858,.19210659,0,0,7/1/21,7/31/21,7/1/21
IL,2021,8,158875,236698,357703,1736878,395573,2094581,11807,9403,2384,1557,1010,7792,1364,11723,.20250788,0,0,8/1/21,8/31/21,8/1/21
IL,2021,9,158875,236698,357703,1736878,395573,2094581,11395,9074,2314,1624,1020,7400,1284,11328,.20338982,0,0,9/1/21,9/30/21,9/1/21
IL,2021,10,158875,236698,357703,1736878,395573,2094581,11061,8862,2192,1478,926,7341,1253,10998,.19812693,0,0,10/1/21,10/31/21,10/1/21
IL,2021,11,158875,236698,357703,1736878,395573,2094581,10388,8199,2185,1364,936,6784,1242,10326,.21092388,0,0,11/1/21,11/30/21,11/1/21
IL,2021,12,158875,236698,357703,1736878,395573,2094581,10697,8457,2232,1413,963,6999,1256,10631,.20872919,0,0,12/1/21,12/31/21,12/1/21
IL,2022,1,157838,231073,369542,1718688,388911,2088230,10074,7969,2097,1394,961,6535,1125,10015,.20828757,0,0,1/1/22,1/31/22,1/1/22
IL,2022,2,157838,231073,369542,1718688,388911,2088230,9573,7540,2026,1297,858,6212,1157,9524,.21157077,0,0,2/1/22,2/28/22,2/1/22
IL,2022,3,157838,231073,369542,1718688,388911,2088230,10642,8448,2186,1504,973,6898,1206,10581,.20593517,0,0,3/1/22,3/31/22,3/1/22
IL,2022,4,157838,231073,369542,1718688,388911,2088230,10137,8117,2015,1384,876,6696,1131,10087,.19896898,0,0,4/1/22,4/30/22,4/1/22
IL,2022,5,157838,231073,369542,1718688,388911,2088230,10700,8389,2303,1514,979,6835,1306,10634,.21487682,0,0,5/1/22,5/31/22,5/1/22
IL,2022,6,157838,231073,369542,1718688,388911,2088230,10988,8670,2311,1516,981,7094,1315,10906,.21052632,0,0,6/1/22,6/30/22,6/1/22
IL,2022,7,157838,231073,369542,1718688,388911,2088230,11272,8959,2305,1578,968,7318,1316,11180,.20429339,0,0,7/1/22,7/31/22,7/1/22
IL,2022,8,157838,231073,369542,1718688,388911,2088230,11687,9204,2473,1685,1115,7465,1346,11611,.21195418,0,0,8/1/22,8/31/22,8/1/22
IL,2022,9,157838,231073,369542,1718688,388911,2088230,10790,8581,2204,1545,1033,6974,1164,10716,.20502053,0,0,9/1/22,9/30/22,9/1/22
IL,2022,10,157838,231073,369542,1718688,388911,2088230,10683,8354,2320,1454,1015,6853,1288,10610,.21705937,0,0,10/1/22,10/31/22,10/1/22
IL,2022,11,157838,231073,369542,1718688,388911,2088230,10730,8378,2346,1481,980,6831,1348,10640,.218797,0,0,11/1/22,11/30/22,11/1/22
IL,2022,12,157838,231073,369542,1718688,388911,2088230,10634,8333,2286,1463,1041,6827,1234,10565,.21533366,0,0,12/1/22,12/31/22,12/1/22
IL,2023,1,159720,239955,386771,1684640,399675,2071411,10042,7827,2199,1433,1002,6352,1178,9965,.21876568,0,0,1/1/23,1/31/23,1/1/23
IL,2023,2,159720,239955,386771,1684640,399675,2071411,9260,7208,2049,1285,897,5881,1139,9202,.22125624,0,0,2/1/23,2/28/23,2/1/23
IL,2023,3,159720,239955,386771,1684640,399675,2071411,10606,8232,2370,1492,1016,6694,1341,10543,.22356066,0,0,3/1/23,3/31/23,3/1/23
IL,2023,4,159720,239955,386771,1684640,399675,2071411,9731,7567,2157,1380,955,6141,1191,9667,.22199234,0,0,4/1/23,4/30/23,4/1/23
IL,2023,5,159720,239955,386771,1684640,399675,2071411,10469,8138,2321,1430,1073,6654,1225,10382,.22134463,0,0,5/1/23,5/31/23,5/1/23
IL,2023,6,159720,239955,386771,1684640,399675,2071411,10733,8321,2402,1486,1095,6789,1292,10662,.2238792,0,0,6/1/23,6/30/23,6/1/23
IL,2023,7,159720,239955,386771,1684640,399675,2071411,10872,8448,2414,1583,1111,6798,1279,10771,.22189212,0,0,7/1/23,7/31/23,7/1/23
IL,2023,8,159720,239955,386771,1684640,399675,2071411,11004,8482,2506,1526,1172,6895,1308,10901,.22750206,0,0,8/1/23,8/31/23,8/1/23
IL,2023,9,159720,239955,386771,1684640,399675,2071411,10586,8155,2422,1513,1143,6578,1265,10499,.22935517,0,0,9/1/23,9/30/23,9/1/23
IL,2023,10,159720,239955,386771,1684640,399675,2071411,10607,8130,2472,1524,1131,6566,1326,10547,.23295724,0,0,10/1/23,10/31/23,10/1/23
IL,2023,11,159720,239955,386771,1684640,399675,2071411,10325,8001,2316,1431,1079,6507,1207,10224,.22359155,0,0,11/1/23,11/30/23,11/1/23
IL,2023,12,159720,239955,386771,1684640,399675,2071411,10157,7764,2388,1460,1123,6253,1245,10081,.23489733,0,0,12/1/23,12/31/23,12/1/23
IN,2016,1,45201,63064,59465,1121930,108265,1181395,6493,5824,635,266,313,5555,322,6456,.098358117,0,0,1/1/16,1/31/16,1/1/16
IN,2016,2,45201,63064,59465,1121930,108265,1181395,6401,5718,656,248,294,5467,362,6371,.10296657,0,0,2/1/16,2/28/16,2/1/16
IN,2016,3,45201,63064,59465,1121930,108265,1181395,6910,6235,641,277,340,5954,300,6871,.093145102,0,0,3/1/16,3/31/16,3/1/16
IN,2016,4,45201,63064,59465,1121930,108265,1181395,6616,5929,663,215,314,5713,349,6591,.10059172,0,0,4/1/16,4/30/16,4/1/16
IN,2016,5,45201,63064,59465,1121930,108265,1181395,6871,6106,739,263,400,5839,339,6841,.10802514,0,0,5/1/16,5/31/16,5/1/16
IN,2016,6,45201,63064,59465,1121930,108265,1181395,7122,6385,709,288,350,6096,359,7093,.099957705,0,0,6/1/16,6/30/16,6/1/16
IN,2016,7,45201,63064,59465,1121930,108265,1181395,7231,6495,710,306,365,6186,345,7202,.098583728,0,0,7/1/16,7/31/16,7/1/16
IN,2016,8,45201,63064,59465,1121930,108265,1181395,7553,6782,748,288,379,6493,369,7529,.099349186,0,0,8/1/16,8/31/16,8/1/16
IN,2016,9,45201,63064,59465,1121930,108265,1181395,7189,6426,741,271,349,6153,392,7165,.1034194,0,0,9/1/16,9/30/16,9/1/16
IN,2016,10,45201,63064,59465,1121930,108265,1181395,6926,6162,735,259,348,5903,387,6897,.10656808,0,0,10/1/16,10/31/16,10/1/16
IN,2016,11,45201,63064,59465,1121930,108265,1181395,6741,5971,746,236,379,5733,367,6715,.11109456,0,0,11/1/16,11/30/16,11/1/16
IN,2016,12,45201,63064,59465,1121930,108265,1181395,6898,6123,749,271,380,5848,368,6867,.10892675,0,0,12/1/16,12/31/16,12/1/16
IN,2017,1,46342,64244,62879,1130706,110586,1193585,6582,5848,715,262,327,5585,388,6562,.10896068,0,0,1/1/17,1/31/17,1/1/17
IN,2017,2,46342,64244,62879,1130706,110586,1193585,6087,5413,658,261,309,5151,349,6070,.10840198,0,0,2/1/17,2/28/17,2/1/17
IN,2017,3,46342,64244,62879,1130706,110586,1193585,6885,6158,707,278,338,5879,369,6864,.10300116,0,0,3/1/17,3/31/17,3/1/17
IN,2017,4,46342,64244,62879,1130706,110586,1193585,6457,5753,683,259,295,5493,388,6435,.1061383,0,0,4/1/17,4/30/17,4/1/17
IN,2017,5,46342,64244,62879,1130706,110586,1193585,6678,5957,703,297,333,5659,370,6659,.1055714,0,0,5/1/17,5/31/17,5/1/17
IN,2017,6,46342,64244,62879,1130706,110586,1193585,6852,6095,734,294,344,5799,390,6827,.10751428,0,0,6/1/17,6/30/17,6/1/17
IN,2017,7,46342,64244,62879,1130706,110586,1193585,7292,6503,770,342,378,6160,392,7272,.10588559,0,0,7/1/17,7/31/17,7/1/17
IN,2017,8,46342,64244,62879,1130706,110586,1193585,7479,6668,792,323,389,6340,403,7455,.10623743,0,0,8/1/17,8/31/17,8/1/17
IN,2017,9,46342,64244,62879,1130706,110586,1193585,7250,6432,786,312,395,6120,391,7218,.10889443,0,0,9/1/17,9/30/17,9/1/17
IN,2017,10,46342,64244,62879,1130706,110586,1193585,6989,6159,805,269,394,5889,411,6963,.11561108,0,0,10/1/17,10/31/17,10/1/17
IN,2017,11,46342,64244,62879,1130706,110586,1193585,6786,6033,731,269,349,5761,379,6758,.10772418,0,0,11/1/17,11/30/17,11/1/17
IN,2017,12,46342,64244,62879,1130706,110586,1193585,6670,5907,745,262,348,5644,396,6650,.1118797,0,0,12/1/17,12/31/17,12/1/17
IN,2018,1,45027,60827,63125,1125168,105854,1188293,6631,5891,721,300,346,5588,374,6608,.10895884,0,0,1/1/18,1/31/18,1/1/18
IN,2018,2,45027,60827,63125,1125168,105854,1188293,6201,5526,655,264,307,5261,347,6179,.10584237,0,0,2/1/18,2/28/18,2/1/18
IN,2018,3,45027,60827,63125,1125168,105854,1188293,6995,6206,768,279,347,5923,421,6970,.11018652,0,0,3/1/18,3/31/18,3/1/18
IN,2018,4,45027,60827,63125,1125168,105854,1188293,6445,5743,672,299,329,5444,343,6415,.10475449,0,0,4/1/18,4/30/18,4/1/18
IN,2018,5,45027,60827,63125,1125168,105854,1188293,6911,6173,714,311,331,5861,382,6885,.10355846,0,0,5/1/18,5/31/18,5/1/18
IN,2018,6,45027,60827,63125,1125168,105854,1188293,6759,6041,699,303,327,5737,372,6739,.10372459,0,0,6/1/18,6/30/18,6/1/18
IN,2018,7,45027,60827,63125,1125168,105854,1188293,7027,6290,716,310,350,5976,364,7000,.102,0,0,7/1/18,7/31/18,7/1/18
IN,2018,8,45027,60827,63125,1125168,105854,1188293,7411,6604,783,334,405,6268,378,7385,.10602573,0,0,8/1/18,8/31/18,8/1/18
IN,2018,9,45027,60827,63125,1125168,105854,1188293,7069,6286,764,323,374,5963,389,7049,.1082423,0,0,9/1/18,9/30/18,9/1/18
IN,2018,10,45027,60827,63125,1125168,105854,1188293,6877,6116,743,307,384,5808,359,6858,.10834062,0,0,10/1/18,10/31/18,10/1/18
IN,2018,11,45027,60827,63125,1125168,105854,1188293,6497,5783,686,317,330,5464,356,6467,.10607701,0,0,11/1/18,11/30/18,11/1/18
IN,2018,12,45027,60827,63125,1125168,105854,1188293,6670,5973,675,313,322,5659,353,6647,.10154957,0,0,12/1/18,12/31/18,12/1/18
IN,2019,1,41279,67581,70224,1129878,108860,1200102,6564,5819,721,320,359,5497,361,6537,.11014227,0,0,1/1/19,1/31/19,1/1/19
IN,2019,2,41279,67581,70224,1129878,108860,1200102,6107,5406,678,321,347,5083,331,6082,.11147649,0,0,2/1/19,2/28/19,2/1/19
IN,2019,3,41279,67581,70224,1129878,108860,1200102,6473,5785,667,318,336,5464,330,6448,.10328784,0,0,3/1/19,3/31/19,3/1/19
IN,2019,4,41279,67581,70224,1129878,108860,1200102,6511,5825,676,309,313,5516,363,6501,.10398401,0,0,4/1/19,4/30/19,4/1/19
IN,2019,5,41279,67581,70224,1129878,108860,1200102,6720,5968,730,335,353,5632,377,6697,.10900403,0,0,5/1/19,5/31/19,5/1/19
IN,2019,6,41279,67581,70224,1129878,108860,1200102,6546,5789,735,334,360,5453,375,6522,.11269549,0,0,6/1/19,6/30/19,6/1/19
IN,2019,7,41279,67581,70224,1129878,108860,1200102,7199,6377,800,361,401,6011,399,7172,.1115449,0,0,7/1/19,7/31/19,7/1/19
IN,2019,8,41279,67581,70224,1129878,108860,1200102,7480,6676,786,369,397,6302,387,7455,.10516432,0,0,8/1/19,8/31/19,8/1/19
IN,2019,9,41279,67581,70224,1129878,108860,1200102,7106,6298,782,339,413,5954,369,7075,.11053003,0,0,9/1/19,9/30/19,9/1/19
IN,2019,10,41279,67581,70224,1129878,108860,1200102,6994,6210,758,342,370,5866,388,6966,.10881424,0,0,10/1/19,10/31/19,10/1/19
IN,2019,11,41279,67581,70224,1129878,108860,1200102,6403,5676,703,314,336,5361,367,6378,.11022264,0,0,11/1/19,11/30/19,11/1/19
IN,2019,12,41279,67581,70224,1129878,108860,1200102,6620,5827,763,346,382,5479,381,6588,.11581664,0,0,12/1/19,12/31/19,12/1/19
IN,2020,1,44048,66551,64116,1129483,110599,1193599,6594,5773,799,336,395,5434,404,6569,.12163191,0,0,1/1/20,1/31/20,1/1/20
IN,2020,2,44048,66551,64116,1129483,110599,1193599,6255,5541,695,330,365,5211,330,6236,.11144964,0,0,2/1/20,2/28/20,2/1/20
IN,2020,3,44048,66551,64116,1129483,110599,1193599,6543,5760,751,341,362,5418,389,6510,.11536098,0,0,3/1/20,3/31/20,3/1/20
IN,2020,4,44048,66551,64116,1129483,110599,1193599,6256,5538,692,312,362,5225,329,6228,.11095054,0,0,4/1/20,4/30/20,4/1/20
IN,2020,5,44048,66551,64116,1129483,110599,1193599,6668,5891,753,338,338,5549,415,6640,.11340361,0,0,5/1/20,5/31/20,5/1/20
IN,2020,6,44048,66551,64116,1129483,110599,1193599,6470,5697,742,352,396,5344,346,6438,.11525319,0,0,6/1/20,6/30/20,6/1/20
IN,2020,7,44048,66551,64116,1129483,110599,1193599,7186,6394,771,344,411,6048,358,7161,.10738724,0,0,7/1/20,7/31/20,7/1/20
IN,2020,8,44048,66551,64116,1129483,110599,1193599,6947,6178,743,381,361,5796,379,6917,.1069828,0,0,8/1/20,8/31/20,8/1/20
IN,2020,9,44048,66551,64116,1129483,110599,1193599,6795,6044,733,328,384,5711,348,6771,.10810811,0,0,9/1/20,9/30/20,9/1/20
IN,2020,10,44048,66551,64116,1129483,110599,1193599,6544,5768,755,329,370,5437,385,6521,.11577979,0,0,10/1/20,10/31/20,10/1/20
IN,2020,11,44048,66551,64116,1129483,110599,1193599,6047,5351,679,322,332,5029,347,6030,.11260365,0,0,11/1/20,11/30/20,11/1/20
IN,2020,12,44048,66551,64116,1129483,110599,1193599,6167,5436,702,299,320,5135,381,6135,.11426243,0,0,12/1/20,12/31/20,12/1/20
IN,2021,1,44269,65982,75239,1143693,110251,1218932,6161,5506,633,299,305,5203,326,6133,.10288603,0,0,1/1/21,1/31/21,1/1/21
IN,2021,2,44269,65982,75239,1143693,110251,1218932,5647,5017,619,293,267,4721,351,5632,.10973012,0,0,2/1/21,2/28/21,2/1/21
IN,2021,3,44269,65982,75239,1143693,110251,1218932,6309,5620,676,348,334,5266,341,6289,.10733026,0,0,3/1/21,3/31/21,3/1/21
IN,2021,4,44269,65982,75239,1143693,110251,1218932,6300,5607,672,337,324,5262,347,6270,.10701755,0,0,4/1/21,4/30/21,4/1/21
IN,2021,5,44269,65982,75239,1143693,110251,1218932,6571,5802,733,360,344,5429,387,6520,.11211657,0,0,5/1/21,5/31/21,5/1/21
IN,2021,6,44269,65982,75239,1143693,110251,1218932,6953,6126,791,392,400,5721,391,6904,.11457127,0,0,6/1/21,6/30/21,6/1/21
IN,2021,7,44269,65982,75239,1143693,110251,1218932,7232,6399,813,424,402,5964,410,7200,.11277778,0,0,7/1/21,7/31/21,7/1/21
IN,2021,8,44269,65982,75239,1143693,110251,1218932,7187,6385,773,377,395,5993,375,7140,.10784314,0,0,8/1/21,8/31/21,8/1/21
IN,2021,9,44269,65982,75239,1143693,110251,1218932,7147,6271,846,409,423,5849,421,7102,.11883976,0,0,9/1/21,9/30/21,9/1/21
IN,2021,10,44269,65982,75239,1143693,110251,1218932,6987,6165,795,397,382,5750,410,6939,.11413749,0,0,10/1/21,10/31/21,10/1/21
IN,2021,11,44269,65982,75239,1143693,110251,1218932,6576,5746,811,377,387,5363,424,6551,.12379789,0,0,11/1/21,11/30/21,11/1/21
IN,2021,12,44269,65982,75239,1143693,110251,1218932,6716,5877,813,400,403,5463,409,6675,.12164794,0,0,12/1/21,12/31/21,12/1/21
IN,2022,1,45903,74664,81409,1133643,120567,1215052,6202,5387,791,373,378,5004,411,6166,.12795977,0,0,1/1/22,1/31/22,1/1/22
IN,2022,2,45903,74664,81409,1133643,120567,1215052,5955,5216,722,364,342,4843,380,5929,.12177433,0,0,2/1/22,2/28/22,2/1/22
IN,2022,3,45903,74664,81409,1133643,120567,1215052,6779,5900,853,410,388,5482,465,6745,.12646405,0,0,3/1/22,3/31/22,3/1/22
IN,2022,4,45903,74664,81409,1133643,120567,1215052,6349,5518,806,385,371,5122,433,6311,.12739661,0,0,4/1/22,4/30/22,4/1/22
IN,2022,5,45903,74664,81409,1133643,120567,1215052,6509,5647,843,415,423,5227,418,6483,.12972389,0,0,5/1/22,5/31/22,5/1/22
IN,2022,6,45903,74664,81409,1133643,120567,1215052,6718,5881,814,407,398,5467,416,6688,.12171052,0,0,6/1/22,6/30/22,6/1/22
IN,2022,7,45903,74664,81409,1133643,120567,1215052,6782,5839,922,413,468,5422,453,6756,.13632327,0,0,7/1/22,7/31/22,7/1/22
IN,2022,8,45903,74664,81409,1133643,120567,1215052,7338,6349,963,390,490,5953,471,7304,.13157174,0,0,8/1/22,8/31/22,8/1/22
IN,2022,9,45903,74664,81409,1133643,120567,1215052,6677,5770,882,428,445,5335,435,6643,.13247027,0,0,9/1/22,9/30/22,9/1/22
IN,2022,10,45903,74664,81409,1133643,120567,1215052,6742,5832,888,404,425,5422,462,6713,.13213168,0,0,10/1/22,10/31/22,10/1/22
IN,2022,11,45903,74664,81409,1133643,120567,1215052,6613,5635,953,401,463,5228,487,6579,.14439884,0,0,11/1/22,11/30/22,11/1/22
IN,2022,12,45903,74664,81409,1133643,120567,1215052,6811,5791,1000,410,503,5372,495,6780,.14719763,0,0,12/1/22,12/31/22,12/1/22
IN,2023,1,42593,73288,92799,1136088,115881,1228887,6601,5651,925,437,453,5209,468,6567,.14024669,0,0,1/1/23,1/31/23,1/1/23
IN,2023,2,42593,73288,92799,1136088,115881,1228887,6041,5217,790,351,372,4860,416,5999,.13135523,0,0,2/1/23,2/28/23,2/1/23
IN,2023,3,42593,73288,92799,1136088,115881,1228887,6706,5741,934,437,474,5295,460,6666,.14011401,0,0,3/1/23,3/31/23,3/1/23
IN,2023,4,42593,73288,92799,1136088,115881,1228887,6104,5248,839,390,421,4847,416,6074,.13780046,0,0,4/1/23,4/30/23,4/1/23
IN,2023,5,42593,73288,92799,1136088,115881,1228887,6577,5611,941,427,471,5175,467,6540,.14342508,0,0,5/1/23,5/31/23,5/1/23
IN,2023,6,42593,73288,92799,1136088,115881,1228887,6691,5695,961,403,462,5288,498,6651,.1443392,0,0,6/1/23,6/30/23,6/1/23
IN,2023,7,42593,73288,92799,1136088,115881,1228887,6861,5905,930,427,450,5471,480,6828,.13620387,0,0,7/1/23,7/31/23,7/1/23
IN,2023,8,42593,73288,92799,1136088,115881,1228887,7046,5993,1034,423,478,5566,555,7022,.14710909,0,0,8/1/23,8/31/23,8/1/23
IN,2023,9,42593,73288,92799,1136088,115881,1228887,6576,5548,1006,396,526,5146,475,6543,.15298793,0,0,9/1/23,9/30/23,9/1/23
IN,2023,10,42593,73288,92799,1136088,115881,1228887,6650,5650,968,395,479,5248,487,6609,.14616433,0,0,10/1/23,10/31/23,10/1/23
IN,2023,11,42593,73288,92799,1136088,115881,1228887,6449,5407,1018,409,542,4995,474,6420,.15825546,0,0,11/1/23,11/30/23,11/1/23
IN,2023,12,42593,73288,92799,1136088,115881,1228887,6516,5500,994,428,482,5067,510,6487,.15292123,0,0,12/1/23,12/31/23,12/1/23
KS,2016,1,33020,35748,44018,448875,68768,492893,3069,2635,429,250,262,2379,167,3058,.14028777,0,0,1/1/16,1/31/16,1/1/16
KS,2016,2,33020,35748,44018,448875,68768,492893,2884,2468,413,205,260,2257,153,2875,.14365217,0,0,2/1/16,2/28/16,2/1/16
KS,2016,3,33020,35748,44018,448875,68768,492893,3244,2789,450,257,257,2528,193,3235,.13910356,0,0,3/1/16,3/31/16,3/1/16
KS,2016,4,33020,35748,44018,448875,68768,492893,2983,2554,425,231,240,2321,185,2977,.14276117,0,0,4/1/16,4/30/16,4/1/16
KS,2016,5,33020,35748,44018,448875,68768,492893,3076,2627,447,234,254,2392,192,3072,.1451823,0,0,5/1/16,5/31/16,5/1/16
KS,2016,6,33020,35748,44018,448875,68768,492893,3318,2837,478,244,260,2586,218,3308,.14449818,0,0,6/1/16,6/30/16,6/1/16
KS,2016,7,33020,35748,44018,448875,68768,492893,3396,2882,510,299,300,2579,209,3387,.15028049,0,0,7/1/16,7/31/16,7/1/16
KS,2016,8,33020,35748,44018,448875,68768,492893,3359,2868,486,271,286,2593,200,3350,.14507462,0,0,8/1/16,8/31/16,8/1/16
KS,2016,9,33020,35748,44018,448875,68768,492893,3290,2822,465,296,267,2524,197,3284,.14129111,0,0,9/1/16,9/30/16,9/1/16
KS,2016,10,33020,35748,44018,448875,68768,492893,3151,2665,482,229,287,2432,195,3143,.15335667,0,0,10/1/16,10/31/16,10/1/16
KS,2016,11,33020,35748,44018,448875,68768,492893,3140,2678,457,269,275,2408,180,3132,.14527458,0,0,11/1/16,11/30/16,11/1/16
KS,2016,12,33020,35748,44018,448875,68768,492893,3089,2618,466,267,280,2345,186,3078,.151397,0,0,12/1/16,12/31/16,12/1/16
KS,2017,1,28750,29848,49865,450997,58598,500862,2941,2519,418,265,220,2253,198,2936,.14237057,0,0,1/1/17,1/31/17,1/1/17
KS,2017,2,28750,29848,49865,450997,58598,500862,2655,2274,376,191,221,2081,155,2648,.14199395,0,0,2/1/17,2/28/17,2/1/17
KS,2017,3,28750,29848,49865,450997,58598,500862,3097,2670,425,240,249,2428,175,3092,.13712807,0,0,3/1/17,3/31/17,3/1/17
KS,2017,4,28750,29848,49865,450997,58598,500862,2847,2453,390,224,218,2227,172,2841,.13727561,0,0,4/1/17,4/30/17,4/1/17
KS,2017,5,28750,29848,49865,450997,58598,500862,3128,2662,463,243,269,2414,194,3120,.14839743,0,0,5/1/17,5/31/17,5/1/17
KS,2017,6,28750,29848,49865,450997,58598,500862,3070,2644,423,268,233,2369,190,3060,.1382353,0,0,6/1/17,6/30/17,6/1/17
KS,2017,7,28750,29848,49865,450997,58598,500862,3197,2717,476,261,258,2452,218,3189,.1492631,0,0,7/1/17,7/31/17,7/1/17
KS,2017,8,28750,29848,49865,450997,58598,500862,3457,2941,506,306,291,2630,215,3442,.14700755,0,0,8/1/17,8/31/17,8/1/17
KS,2017,9,28750,29848,49865,450997,58598,500862,3152,2691,456,286,244,2401,212,3143,.14508432,0,0,9/1/17,9/30/17,9/1/17
KS,2017,10,28750,29848,49865,450997,58598,500862,3059,2578,476,232,258,2344,218,3052,.1559633,0,0,10/1/17,10/31/17,10/1/17
KS,2017,11,28750,29848,49865,450997,58598,500862,2946,2537,408,252,225,2282,183,2942,.13868117,0,0,11/1/17,11/30/17,11/1/17
KS,2017,12,28750,29848,49865,450997,58598,500862,2913,2483,426,243,244,2237,181,2905,.14629948,0,0,12/1/17,12/31/17,12/1/17
KS,2018,1,31950,30279,47008,449983,62229,496991,2935,2499,436,264,228,2230,208,2930,.14880545,0,0,1/1/18,1/31/18,1/1/18
KS,2018,2,31950,30279,47008,449983,62229,496991,2772,2384,382,204,215,2179,167,2765,.13815552,0,0,2/1/18,2/28/18,2/1/18
KS,2018,3,31950,30279,47008,449983,62229,496991,2993,2579,411,282,220,2296,191,2989,.13750418,0,0,3/1/18,3/31/18,3/1/18
KS,2018,4,31950,30279,47008,449983,62229,496991,2864,2481,378,257,195,2220,183,2855,.13239931,0,0,4/1/18,4/30/18,4/1/18
KS,2018,5,31950,30279,47008,449983,62229,496991,3058,2627,424,270,233,2353,190,3046,.13887066,0,0,5/1/18,5/31/18,5/1/18
KS,2018,6,31950,30279,47008,449983,62229,496991,3064,2588,473,243,269,2338,203,3053,.15460204,0,0,6/1/18,6/30/18,6/1/18
KS,2018,7,31950,30279,47008,449983,62229,496991,3021,2646,370,259,199,2384,170,3012,.12250996,0,0,7/1/18,7/31/18,7/1/18
KS,2018,8,31950,30279,47008,449983,62229,496991,3376,2900,465,322,275,2570,190,3357,.13851653,0,0,8/1/18,8/31/18,8/1/18
KS,2018,9,31950,30279,47008,449983,62229,496991,3093,2648,442,278,259,2363,181,3081,.14281078,0,0,9/1/18,9/30/18,9/1/18
KS,2018,10,31950,30279,47008,449983,62229,496991,3129,2736,387,259,218,2472,168,3117,.12383702,0,0,10/1/18,10/31/18,10/1/18
KS,2018,11,31950,30279,47008,449983,62229,496991,2916,2526,389,274,222,2245,167,2908,.13376892,0,0,11/1/18,11/30/18,11/1/18
KS,2018,12,31950,30279,47008,449983,62229,496991,2985,2560,418,261,252,2295,166,2974,.14055145,0,0,12/1/18,12/31/18,12/1/18
KS,2019,1,33530,28642,51599,452380,62172,503979,2974,2564,407,268,235,2293,172,2968,.13712938,0,0,1/1/19,1/31/19,1/1/19
KS,2019,2,33530,28642,51599,452380,62172,503979,2590,2226,356,225,203,1997,151,2576,.13742235,0,0,2/1/19,2/28/19,2/1/19
KS,2019,3,33530,28642,51599,452380,62172,503979,2851,2457,390,279,214,2171,176,2840,.13732395,0,0,3/1/19,3/31/19,3/1/19
KS,2019,4,33530,28642,51599,452380,62172,503979,2872,2475,391,238,224,2235,167,2864,.13652235,0,0,4/1/19,4/30/19,4/1/19
KS,2019,5,33530,28642,51599,452380,62172,503979,2969,2567,396,263,227,2296,169,2955,.13401015,0,0,5/1/19,5/31/19,5/1/19
KS,2019,6,33530,28642,51599,452380,62172,503979,2839,2433,405,259,229,2169,176,2833,.142958,0,0,6/1/19,6/30/19,6/1/19
KS,2019,7,33530,28642,51599,452380,62172,503979,3232,2805,423,268,244,2530,179,3221,.13132568,0,0,7/1/19,7/31/19,7/1/19
KS,2019,8,33530,28642,51599,452380,62172,503979,3225,2762,461,289,272,2469,187,3217,.14267951,0,0,8/1/19,8/31/19,8/1/19
KS,2019,9,33530,28642,51599,452380,62172,503979,3104,2654,442,288,250,2358,191,3087,.14285715,0,0,9/1/19,9/30/19,9/1/19
KS,2019,10,33530,28642,51599,452380,62172,503979,3049,2599,445,294,244,2299,201,3038,.14647795,0,0,10/1/19,10/31/19,10/1/19
KS,2019,11,33530,28642,51599,452380,62172,503979,2702,2310,391,268,225,2040,166,2699,.14486846,0,0,11/1/19,11/30/19,11/1/19
KS,2019,12,33530,28642,51599,452380,62172,503979,2925,2501,419,306,232,2192,186,2916,.14334705,0,0,12/1/19,12/31/19,12/1/19
KS,2020,1,30384,31139,47927,450371,61523,498298,2771,2380,382,266,188,2113,194,2761,.13835567,0,0,1/1/20,1/31/20,1/1/20
KS,2020,2,30384,31139,47927,450371,61523,498298,2668,2312,350,232,187,2077,163,2659,.13162844,0,0,2/1/20,2/28/20,2/1/20
KS,2020,3,30384,31139,47927,450371,61523,498298,2955,2539,406,253,211,2282,195,2941,.13804828,0,0,3/1/20,3/31/20,3/1/20
KS,2020,4,30384,31139,47927,450371,61523,498298,2788,2380,404,243,225,2134,178,2780,.14496402,0,0,4/1/20,4/30/20,4/1/20
KS,2020,5,30384,31139,47927,450371,61523,498298,2876,2450,418,262,231,2183,186,2862,.1457023,0,0,5/1/20,5/31/20,5/1/20
KS,2020,6,30384,31139,47927,450371,61523,498298,2841,2464,365,278,216,2176,149,2819,.12947854,0,0,6/1/20,6/30/20,6/1/20
KS,2020,7,30384,31139,47927,450371,61523,498298,3019,2607,400,310,224,2295,176,3005,.13311148,0,0,7/1/20,7/31/20,7/1/20
KS,2020,8,30384,31139,47927,450371,61523,498298,3035,2597,435,306,238,2282,197,3023,.14389679,0,0,8/1/20,8/31/20,8/1/20
KS,2020,9,30384,31139,47927,450371,61523,498298,2981,2569,404,289,216,2273,188,2966,.13621038,0,0,9/1/20,9/30/20,9/1/20
KS,2020,10,30384,31139,47927,450371,61523,498298,2828,2413,404,301,247,2106,157,2811,.14372109,0,0,10/1/20,10/31/20,10/1/20
KS,2020,11,30384,31139,47927,450371,61523,498298,2725,2344,375,289,198,2050,177,2714,.13817243,0,0,11/1/20,11/30/20,11/1/20
KS,2020,12,30384,31139,47927,450371,61523,498298,2824,2426,388,292,224,2127,163,2806,.13791874,0,0,12/1/20,12/31/20,12/1/20
KS,2021,1,28827,30672,54330,450379,59499,504709,2593,2243,339,264,191,1971,145,2571,.13068844,0,0,1/1/21,1/31/21,1/1/21
KS,2021,2,28827,30672,54330,450379,59499,504709,2540,2223,314,248,178,1962,136,2524,.1244057,0,0,2/1/21,2/28/21,2/1/21
KS,2021,3,28827,30672,54330,450379,59499,504709,2934,2531,397,301,226,2227,170,2924,.13543092,0,0,3/1/21,3/31/21,3/1/21
KS,2021,4,28827,30672,54330,450379,59499,504709,2853,2450,398,255,219,2190,177,2841,.13938753,0,0,4/1/21,4/30/21,4/1/21
KS,2021,5,28827,30672,54330,450379,59499,504709,2825,2442,380,294,218,2139,161,2812,.13477951,0,0,5/1/21,5/31/21,5/1/21
KS,2021,6,28827,30672,54330,450379,59499,504709,2950,2543,402,306,242,2228,159,2935,.13662691,0,0,6/1/21,6/30/21,6/1/21
KS,2021,7,28827,30672,54330,450379,59499,504709,3101,2701,396,285,246,2410,145,3086,.12670124,0,0,7/1/21,7/31/21,7/1/21
KS,2021,8,28827,30672,54330,450379,59499,504709,3016,2646,365,310,202,2329,162,3003,.12121212,0,0,8/1/21,8/31/21,8/1/21
KS,2021,9,28827,30672,54330,450379,59499,504709,3036,2604,422,302,237,2295,182,3016,.13892573,0,0,9/1/21,9/30/21,9/1/21
KS,2021,10,28827,30672,54330,450379,59499,504709,2932,2546,383,291,217,2248,166,2922,.13107461,0,0,10/1/21,10/31/21,10/1/21
KS,2021,11,28827,30672,54330,450379,59499,504709,2879,2473,402,271,243,2199,157,2870,.13937283,0,0,11/1/21,11/30/21,11/1/21
KS,2021,12,28827,30672,54330,450379,59499,504709,2988,2563,422,304,252,2253,169,2978,.14137004,0,0,12/1/21,12/31/21,12/1/21
KS,2022,1,29411,32531,61443,450875,61942,512318,2802,2411,388,306,226,2099,159,2790,.13799283,0,0,1/1/22,1/31/22,1/1/22
KS,2022,2,29411,32531,61443,450875,61942,512318,2541,2154,383,256,211,1890,167,2524,.14976229,0,0,2/1/22,2/28/22,2/1/22
KS,2022,3,29411,32531,61443,450875,61942,512318,2865,2501,362,292,207,2203,155,2857,.12670633,0,0,3/1/22,3/31/22,3/1/22
KS,2022,4,29411,32531,61443,450875,61942,512318,2622,2249,371,232,218,2013,151,2614,.14116296,0,0,4/1/22,4/30/22,4/1/22
KS,2022,5,29411,32531,61443,450875,61942,512318,2685,2335,347,255,183,2076,163,2677,.12924916,0,0,5/1/22,5/31/22,5/1/22
KS,2022,6,29411,32531,61443,450875,61942,512318,2840,2438,397,304,233,2130,159,2826,.13871196,0,0,6/1/22,6/30/22,6/1/22
KS,2022,7,29411,32531,61443,450875,61942,512318,2890,2433,450,282,265,2146,182,2875,.15547825,0,0,7/1/22,7/31/22,7/1/22
KS,2022,8,29411,32531,61443,450875,61942,512318,3254,2811,439,327,256,2481,183,3247,.13520172,0,0,8/1/22,8/31/22,8/1/22
KS,2022,9,29411,32531,61443,450875,61942,512318,3101,2658,436,325,247,2329,186,3087,.14026563,0,0,9/1/22,9/30/22,9/1/22
KS,2022,10,29411,32531,61443,450875,61942,512318,2766,2386,377,306,232,2079,142,2759,.13555636,0,0,10/1/22,10/31/22,10/1/22
KS,2022,11,29411,32531,61443,450875,61942,512318,2991,2526,460,313,266,2204,193,2976,.15423387,0,0,11/1/22,11/30/22,11/1/22
KS,2022,12,29411,32531,61443,450875,61942,512318,2974,2543,417,304,243,2231,173,2951,.14096916,0,0,12/1/22,12/31/22,12/1/22
KS,2023,1,32592,28645,62130,450841,61237,512971,2904,2484,412,313,262,2163,149,2887,.14236231,0,0,1/1/23,1/31/23,1/1/23
KS,2023,2,32592,28645,62130,450841,61237,512971,2488,2132,350,263,211,1862,136,2472,.14037217,0,0,2/1/23,2/28/23,2/1/23
KS,2023,3,32592,28645,62130,450841,61237,512971,2841,2443,397,261,230,2177,166,2834,.13973182,0,0,3/1/23,3/31/23,3/1/23
KS,2023,4,32592,28645,62130,450841,61237,512971,2638,2253,381,264,225,1977,152,2618,.14400305,0,0,4/1/23,4/30/23,4/1/23
KS,2023,5,32592,28645,62130,450841,61237,512971,2794,2414,376,278,221,2135,153,2787,.13419448,0,0,5/1/23,5/31/23,5/1/23
KS,2023,6,32592,28645,62130,450841,61237,512971,2936,2540,389,326,239,2210,149,2924,.13269494,0,0,6/1/23,6/30/23,6/1/23
KS,2023,7,32592,28645,62130,450841,61237,512971,2920,2476,439,288,249,2183,188,2908,.1502751,0,0,7/1/23,7/31/23,7/1/23
KS,2023,8,32592,28645,62130,450841,61237,512971,3008,2589,408,360,242,2226,164,2992,.13569519,0,0,8/1/23,8/31/23,8/1/23
KS,2023,9,32592,28645,62130,450841,61237,512971,2954,2493,455,351,263,2139,191,2944,.15421195,0,0,9/1/23,9/30/23,9/1/23
KS,2023,10,32592,28645,62130,450841,61237,512971,2845,2430,414,294,254,2130,160,2838,.14587738,0,0,10/1/23,10/31/23,10/1/23
KS,2023,11,32592,28645,62130,450841,61237,512971,2816,2413,401,330,250,2079,151,2810,.14270462,0,0,11/1/23,11/30/23,11/1/23
KS,2023,12,32592,28645,62130,450841,61237,512971,2841,2434,405,324,253,2105,150,2832,.14230226,0,0,12/1/23,12/31/23,12/1/23
KY,2016,1,15490,31079,17608,789935,46569,807543,4372,3946,415,76,171,3867,244,4358,.095227167,1,0,1/1/16,1/31/16,1/1/16
KY,2016,2,15490,31079,17608,789935,46569,807543,4314,3925,384,86,159,3836,225,4306,.089177892,1,0,2/1/16,2/28/16,2/1/16
KY,2016,3,15490,31079,17608,789935,46569,807543,4589,4212,367,67,167,4139,200,4573,.080253661,1,0,3/1/16,3/31/16,3/1/16
KY,2016,4,15490,31079,17608,789935,46569,807543,4431,4030,396,81,178,3942,218,4419,.089613035,1,0,4/1/16,4/30/16,4/1/16
KY,2016,5,15490,31079,17608,789935,46569,807543,4597,4146,440,83,206,4058,234,4581,.096048899,1,0,5/1/16,5/31/16,5/1/16
KY,2016,6,15490,31079,17608,789935,46569,807543,4660,4222,428,96,195,4122,233,4646,.092122257,1,0,6/1/16,6/30/16,6/1/16
KY,2016,7,15490,31079,17608,789935,46569,807543,4817,4367,437,76,197,4282,239,4794,.090947017,1,0,7/1/16,7/31/16,7/1/16
KY,2016,8,15490,31079,17608,789935,46569,807543,5054,4625,418,90,177,4529,241,5037,.082985908,1,0,8/1/16,8/31/16,8/1/16
KY,2016,9,15490,31079,17608,789935,46569,807543,4829,4390,426,88,183,4289,241,4801,.088314936,1,0,9/1/16,9/30/16,9/1/16
KY,2016,10,15490,31079,17608,789935,46569,807543,4691,4273,407,84,160,4181,247,4672,.087114729,1,0,10/1/16,10/31/16,10/1/16
KY,2016,11,15490,31079,17608,789935,46569,807543,4547,4089,446,75,187,3996,258,4516,.098538533,1,0,11/1/16,11/30/16,11/1/16
KY,2016,12,15490,31079,17608,789935,46569,807543,4445,4042,390,88,150,3944,234,4416,.086956523,1,0,12/1/16,12/31/16,12/1/16
KY,2017,1,17382,35307,19216,781142,52689,800358,4310,3890,408,94,168,3789,239,4290,.094871797,1,0,1/1/17,1/31/17,1/1/17
KY,2017,2,17382,35307,19216,781142,52689,800358,4033,3623,401,65,170,3550,230,4015,.0996264,1,0,2/1/17,2/28/17,2/1/17
KY,2017,3,17382,35307,19216,781142,52689,800358,4546,4154,382,76,156,4072,225,4529,.084124528,1,0,3/1/17,3/31/17,3/1/17
KY,2017,4,17382,35307,19216,781142,52689,800358,4194,3792,400,74,159,3711,241,4185,.095579453,1,0,4/1/17,4/30/17,4/1/17
KY,2017,5,17382,35307,19216,781142,52689,800358,4586,4167,407,91,150,4067,256,4564,.088957056,1,0,5/1/17,5/31/17,5/1/17
KY,2017,6,17382,35307,19216,781142,52689,800358,4499,4077,410,86,173,3980,236,4475,.091396645,1,0,6/1/17,6/30/17,6/1/17
KY,2017,7,17382,35307,19216,781142,52689,800358,4800,4341,447,99,209,4229,237,4774,.093422703,1,0,7/1/17,7/31/17,7/1/17
KY,2017,8,17382,35307,19216,781142,52689,800358,5087,4600,473,102,202,4484,269,5057,.093138225,1,0,8/1/17,8/31/17,8/1/17
KY,2017,9,17382,35307,19216,781142,52689,800358,4939,4480,445,86,184,4383,260,4913,.09037248,1,0,9/1/17,9/30/17,9/1/17
KY,2017,10,17382,35307,19216,781142,52689,800358,4723,4261,453,90,193,4159,259,4701,.096149758,1,0,10/1/17,10/31/17,10/1/17
KY,2017,11,17382,35307,19216,781142,52689,800358,4461,4056,393,97,155,3944,236,4432,.088222019,1,0,11/1/17,11/30/17,11/1/17
KY,2017,12,17382,35307,19216,781142,52689,800358,4490,4033,443,94,173,3923,269,4459,.099125363,1,0,12/1/17,12/31/17,12/1/17
KY,2018,1,21366,35267,13677,781471,56633,795148,4493,4067,420,105,167,3951,251,4474,.093428701,1,0,1/1/18,1/31/18,1/1/18
KY,2018,2,21366,35267,13677,781471,56633,795148,4015,3624,379,85,147,3533,232,3997,.094821118,1,0,2/1/18,2/28/18,2/1/18
KY,2018,3,21366,35267,13677,781471,56633,795148,4531,4088,433,86,182,3982,249,4499,.095799066,1,0,3/1/18,3/31/18,3/1/18
KY,2018,4,21366,35267,13677,781471,56633,795148,4154,3762,385,81,161,3673,223,4138,.092798457,1,0,4/1/18,4/30/18,4/1/18
KY,2018,5,21366,35267,13677,781471,56633,795148,4535,4095,433,81,195,4005,236,4517,.095417313,1,0,5/1/18,5/31/18,5/1/18
KY,2018,6,21366,35267,13677,781471,56633,795148,4381,3945,424,81,181,3851,241,4354,.096922368,1,0,6/1/18,6/30/18,6/1/18
KY,2018,7,21366,35267,13677,781471,56633,795148,4806,4359,438,84,209,4258,228,4779,.091441721,1,0,7/1/18,7/31/18,7/1/18
KY,2018,8,21366,35267,13677,781471,56633,795148,4956,4507,448,100,186,4392,261,4939,.090504147,1,0,8/1/18,8/31/18,8/1/18
KY,2018,9,21366,35267,13677,781471,56633,795148,4522,4086,424,64,178,4012,245,4499,.094020896,1,0,9/1/18,9/30/18,9/1/18
KY,2018,10,21366,35267,13677,781471,56633,795148,4601,4157,428,90,189,4060,238,4577,.093292549,1,0,10/1/18,10/31/18,10/1/18
KY,2018,11,21366,35267,13677,781471,56633,795148,4367,3928,422,80,174,3841,248,4343,.097167857,1,0,11/1/18,11/30/18,11/1/18
KY,2018,12,21366,35267,13677,781471,56633,795148,4476,4007,451,98,201,3902,249,4450,.10112359,1,0,12/1/18,12/31/18,12/1/18
KY,2019,1,20653,44113,16467,765049,64766,781516,4410,3966,431,96,191,3863,238,4388,.097766638,1,0,1/1/19,1/31/19,1/1/19
KY,2019,2,20653,44113,16467,765049,64766,781516,3937,3565,367,84,170,3470,196,3920,.093367346,1,0,2/1/19,2/28/19,2/1/19
KY,2019,3,20653,44113,16467,765049,64766,781516,4305,3895,398,75,183,3812,214,4284,.092670403,1,0,3/1/19,3/31/19,3/1/19
KY,2019,4,20653,44113,16467,765049,64766,781516,4181,3776,395,85,186,3684,208,4163,.094643287,1,0,4/1/19,4/30/19,4/1/19
KY,2019,5,20653,44113,16467,765049,64766,781516,4443,4006,425,107,182,3884,243,4416,.096240945,1,0,5/1/19,5/31/19,5/1/19
KY,2019,6,20653,44113,16467,765049,64766,781516,4195,3816,371,87,152,3714,217,4170,.088489212,1,0,6/1/19,6/30/19,6/1/19
KY,2019,7,20653,44113,16467,765049,64766,781516,4857,4380,466,112,198,4251,266,4827,.09612596,1,0,7/1/19,7/31/19,7/1/19
KY,2019,8,20653,44113,16467,765049,64766,781516,4947,4439,498,114,216,4313,281,4924,.1009342,1,0,8/1/19,8/31/19,8/1/19
KY,2019,9,20653,44113,16467,765049,64766,781516,4719,4224,483,127,223,4086,258,4694,.10247124,1,0,9/1/19,9/30/19,9/1/19
KY,2019,10,20653,44113,16467,765049,64766,781516,4593,4142,440,95,177,4035,262,4569,.096082292,1,0,10/1/19,10/31/19,10/1/19
KY,2019,11,20653,44113,16467,765049,64766,781516,4140,3699,431,85,193,3604,236,4118,.10417678,1,0,11/1/19,11/30/19,11/1/19
KY,2019,12,20653,44113,16467,765049,64766,781516,4246,3812,426,106,189,3697,234,4226,.10009465,1,0,12/1/19,12/31/19,12/1/19
KY,2020,1,18644,36465,17104,780825,55109,797929,4300,3849,438,102,202,3737,235,4276,.10219832,1,0,1/1/20,1/31/20,1/1/20
KY,2020,2,18644,36465,17104,780825,55109,797929,4061,3643,406,118,174,3520,231,4043,.10017314,1,0,2/1/20,2/28/20,2/1/20
KY,2020,3,18644,36465,17104,780825,55109,797929,4239,3812,416,80,184,3724,232,4220,.0985782,1,0,3/1/20,3/31/20,3/1/20
KY,2020,4,18644,36465,17104,780825,55109,797929,4087,3653,422,89,169,3558,253,4069,.10371099,1,0,4/1/20,4/30/20,4/1/20
KY,2020,5,18644,36465,17104,780825,55109,797929,4171,3736,420,95,182,3637,237,4151,.10093953,1,0,5/1/20,5/31/20,5/1/20
KY,2020,6,18644,36465,17104,780825,55109,797929,4327,3856,462,94,187,3756,274,4311,.10693575,1,0,6/1/20,6/30/20,6/1/20
KY,2020,7,18644,36465,17104,780825,55109,797929,4645,4157,484,115,213,4032,268,4628,.10393258,1,0,7/1/20,7/31/20,7/1/20
KY,2020,8,18644,36465,17104,780825,55109,797929,4539,4065,462,99,205,3963,257,4524,.10212202,1,0,8/1/20,8/31/20,8/1/20
KY,2020,9,18644,36465,17104,780825,55109,797929,4493,4009,477,86,225,3918,252,4481,.10644946,1,0,9/1/20,9/30/20,9/1/20
KY,2020,10,18644,36465,17104,780825,55109,797929,4404,3944,448,106,197,3834,249,4386,.10168719,1,0,10/1/20,10/31/20,10/1/20
KY,2020,11,18644,36465,17104,780825,55109,797929,4056,3607,441,93,169,3509,272,4043,.10907742,1,0,11/1/20,11/30/20,11/1/20
KY,2020,12,18644,36465,17104,780825,55109,797929,4260,3827,425,98,172,3721,251,4242,.099717118,1,0,12/1/20,12/31/20,12/1/20
KY,2021,1,18129,33372,21338,789645,51501,810983,4116,3706,404,97,198,3604,206,4105,.098416567,1,0,1/1/21,1/31/21,1/1/21
KY,2021,2,18129,33372,21338,789645,51501,810983,3879,3490,378,86,158,3398,220,3862,.09787675,1,0,2/1/21,2/28/21,2/1/21
KY,2021,3,18129,33372,21338,789645,51501,810983,4338,3908,428,109,192,3792,233,4326,.098243184,1,0,3/1/21,3/31/21,3/1/21
KY,2021,4,18129,33372,21338,789645,51501,810983,4099,3650,442,94,198,3551,244,4087,.10814779,1,0,4/1/21,4/30/21,4/1/21
KY,2021,5,18129,33372,21338,789645,51501,810983,4228,3747,475,92,190,3653,281,4216,.11171727,1,0,5/1/21,5/31/21,5/1/21
KY,2021,6,18129,33372,21338,789645,51501,810983,4333,3876,449,95,197,3778,250,4320,.10347223,1,0,6/1/21,6/30/21,6/1/21
KY,2021,7,18129,33372,21338,789645,51501,810983,4754,4248,500,109,232,4134,267,4742,.10522986,1,0,7/1/21,7/31/21,7/1/21
KY,2021,8,18129,33372,21338,789645,51501,810983,4712,4202,495,123,211,4075,284,4693,.10547624,1,0,8/1/21,8/31/21,8/1/21
KY,2021,9,18129,33372,21338,789645,51501,810983,4717,4198,508,112,237,4080,267,4696,.10732538,1,0,9/1/21,9/30/21,9/1/21
KY,2021,10,18129,33372,21338,789645,51501,810983,4449,3944,495,101,230,3829,260,4420,.11085973,1,0,10/1/21,10/31/21,10/1/21
KY,2021,11,18129,33372,21338,789645,51501,810983,4195,3718,468,108,211,3602,255,4176,.11159004,1,0,11/1/21,11/30/21,11/1/21
KY,2021,12,18129,33372,21338,789645,51501,810983,4289,3785,496,126,220,3645,274,4265,.11582649,1,0,12/1/21,12/31/21,12/1/21
KY,2022,1,18348,39600,24016,782807,57948,806823,4266,3732,531,116,248,3603,278,4245,.12391048,1,0,1/1/22,1/31/22,1/1/22
KY,2022,2,18348,39600,24016,782807,57948,806823,4008,3544,457,102,199,3430,250,3981,.11278573,1,0,2/1/22,2/28/22,2/1/22
KY,2022,3,18348,39600,24016,782807,57948,806823,4388,3908,475,109,212,3791,262,4374,.10836763,1,0,3/1/22,3/31/22,3/1/22
KY,2022,4,18348,39600,24016,782807,57948,806823,4109,3611,493,122,229,3483,260,4094,.11944309,1,0,4/1/22,4/30/22,4/1/22
KY,2022,5,18348,39600,24016,782807,57948,806823,4121,3626,487,127,218,3490,266,4101,.11802,1,0,5/1/22,5/31/22,5/1/22
KY,2022,6,18348,39600,24016,782807,57948,806823,4240,3712,521,99,244,3604,275,4222,.12292752,1,0,6/1/22,6/30/22,6/1/22
KY,2022,7,18348,39600,24016,782807,57948,806823,4480,3977,493,127,230,3841,260,4458,.10991476,1,0,7/1/22,7/31/22,7/1/22
KY,2022,8,18348,39600,24016,782807,57948,806823,4892,4270,609,128,278,4129,328,4863,.12461443,1,0,8/1/22,8/31/22,8/1/22
KY,2022,9,18348,39600,24016,782807,57948,806823,4524,3987,526,119,253,3858,270,4500,.11622223,1,0,9/1/22,9/30/22,9/1/22
KY,2022,10,18348,39600,24016,782807,57948,806823,4286,3751,528,114,235,3632,290,4271,.12292203,1,0,10/1/22,10/31/22,10/1/22
KY,2022,11,18348,39600,24016,782807,57948,806823,4361,3823,530,113,255,3701,273,4342,.12160295,1,0,11/1/22,11/30/22,11/1/22
KY,2022,12,18348,39600,24016,782807,57948,806823,4527,3969,543,136,255,3828,283,4502,.11950244,1,0,12/1/22,12/31/22,12/1/22
KY,2023,1,21331,38549,29231,771316,59880,800547,4357,3817,530,117,255,3695,274,4341,.12186132,1,0,1/1/23,1/31/23,1/1/23
KY,2023,2,21331,38549,29231,771316,59880,800547,3901,3406,492,103,232,3298,259,3892,.12615621,1,1,2/1/23,2/28/23,2/1/23
KY,2023,3,21331,38549,29231,771316,59880,800547,4403,3824,558,133,266,3682,292,4373,.12760119,1,1,3/1/23,3/31/23,3/1/23
KY,2023,4,21331,38549,29231,771316,59880,800547,3938,3404,520,131,239,3268,279,3917,.13224407,1,1,4/1/23,4/30/23,4/1/23
KY,2023,5,21331,38549,29231,771316,59880,800547,4326,3780,534,134,277,3633,256,4300,.12395349,1,1,5/1/23,5/31/23,5/1/23
KY,2023,6,21331,38549,29231,771316,59880,800547,4457,3855,580,112,279,3731,300,4422,.13093624,1,1,6/1/23,6/30/23,6/1/23
KY,2023,7,21331,38549,29231,771316,59880,800547,4478,3917,539,128,257,3772,281,4438,.12122577,1,1,7/1/23,7/31/23,7/1/23
KY,2023,8,21331,38549,29231,771316,59880,800547,4629,4010,603,131,307,3864,292,4594,.13038746,1,1,8/1/23,8/31/23,8/1/23
KY,2023,9,21331,38549,29231,771316,59880,800547,4238,3684,540,128,280,3550,257,4215,.12740214,1,1,9/1/23,9/30/23,9/1/23
KY,2023,10,21331,38549,29231,771316,59880,800547,4457,3860,584,128,300,3724,282,4434,.13125846,1,1,10/1/23,10/31/23,10/1/23
KY,2023,11,21331,38549,29231,771316,59880,800547,4263,3629,619,107,312,3517,305,4241,.14548455,1,1,11/1/23,11/30/23,11/1/23
KY,2023,12,21331,38549,29231,771316,59880,800547,4433,3796,619,143,320,3640,298,4401,.14042263,1,1,12/1/23,12/31/23,12/1/23
LA,2016,1,25612,27550,23939,867262,53162,891201,5250,4806,441,109,283,4690,157,5239,.083985493,1,0,1/1/16,1/31/16,1/1/16
LA,2016,2,25612,27550,23939,867262,53162,891201,4762,4344,417,102,245,4241,172,4760,.087605044,1,0,2/1/16,2/28/16,2/1/16
LA,2016,3,25612,27550,23939,867262,53162,891201,5226,4780,444,116,260,4662,184,5222,.085024893,1,0,3/1/16,3/31/16,3/1/16
LA,2016,4,25612,27550,23939,867262,53162,891201,4688,4249,431,109,259,4135,172,4675,.092192516,1,0,4/1/16,4/30/16,4/1/16
LA,2016,5,25612,27550,23939,867262,53162,891201,4981,4506,472,108,308,4398,164,4978,.094817199,1,0,5/1/16,5/31/16,5/1/16
LA,2016,6,25612,27550,23939,867262,53162,891201,5312,4820,491,110,287,4706,203,5306,.092348285,1,0,6/1/16,6/30/16,6/1/16
LA,2016,7,25612,27550,23939,867262,53162,891201,5579,5068,509,129,298,4935,211,5573,.09133321,1,0,7/1/16,7/31/16,7/1/16
LA,2016,8,25612,27550,23939,867262,53162,891201,5652,5165,486,115,296,5049,190,5650,.086017698,1,0,8/1/16,8/31/16,8/1/16
LA,2016,9,25612,27550,23939,867262,53162,891201,5606,5113,487,131,280,4980,204,5595,.086505808,1,0,9/1/16,9/30/16,9/1/16
LA,2016,10,25612,27550,23939,867262,53162,891201,5342,4900,441,117,261,4779,180,5337,.082630694,1,0,10/1/16,10/31/16,10/1/16
LA,2016,11,25612,27550,23939,867262,53162,891201,5369,4925,443,101,265,4821,178,5365,.082572229,1,0,11/1/16,11/30/16,11/1/16
LA,2016,12,25612,27550,23939,867262,53162,891201,5252,4769,483,116,280,4651,203,5250,.092,1,0,12/1/16,12/31/16,12/1/16
LA,2017,1,26879,28014,26660,861161,54893,887821,5162,4709,452,118,285,4589,167,5159,.087613881,1,0,1/1/17,1/31/17,1/1/17
LA,2017,2,26879,28014,26660,861161,54893,887821,4439,4068,371,104,244,3961,127,4436,.083633907,1,0,2/1/17,2/28/17,2/1/17
LA,2017,3,26879,28014,26660,861161,54893,887821,4909,4505,403,104,232,4401,171,4908,.082110837,1,0,3/1/17,3/31/17,3/1/17
LA,2017,4,26879,28014,26660,861161,54893,887821,4571,4162,409,90,250,4069,159,4568,.089535899,1,0,4/1/17,4/30/17,4/1/17
LA,2017,5,26879,28014,26660,861161,54893,887821,4856,4395,459,118,279,4274,180,4851,.094619669,1,0,5/1/17,5/31/17,5/1/17
LA,2017,6,26879,28014,26660,861161,54893,887821,4968,4524,440,156,268,4367,172,4963,.088656053,1,0,6/1/17,6/30/17,6/1/17
LA,2017,7,26879,28014,26660,861161,54893,887821,5216,4743,471,121,279,4617,192,5209,.090420425,1,0,7/1/17,7/31/17,7/1/17
LA,2017,8,26879,28014,26660,861161,54893,887821,5896,5371,522,141,315,5228,207,5891,.08860974,1,0,8/1/17,8/31/17,8/1/17
LA,2017,9,26879,28014,26660,861161,54893,887821,5431,4939,490,123,319,4813,170,5425,.090138249,1,0,9/1/17,9/30/17,9/1/17
LA,2017,10,26879,28014,26660,861161,54893,887821,5218,4765,452,130,278,4634,174,5216,.086656444,1,0,10/1/17,10/31/17,10/1/17
LA,2017,11,26879,28014,26660,861161,54893,887821,5184,4690,494,96,318,4593,176,5183,.095311597,1,0,11/1/17,11/30/17,11/1/17
LA,2017,12,26879,28014,26660,861161,54893,887821,5042,4618,424,125,268,4493,156,5042,.084093615,1,0,12/1/17,12/31/17,12/1/17
LA,2018,1,24094,26848,25841,849296,50942,875137,5174,4691,482,126,296,4560,186,5168,.093266256,1,0,1/1/18,1/31/18,1/1/18
LA,2018,2,24094,26848,25841,849296,50942,875137,4513,4106,406,103,249,3998,157,4507,.090082094,1,0,2/1/18,2/28/18,2/1/18
LA,2018,3,24094,26848,25841,849296,50942,875137,4773,4364,408,104,258,4255,150,4767,.085588418,1,0,3/1/18,3/31/18,3/1/18
LA,2018,4,24094,26848,25841,849296,50942,875137,4476,4079,395,114,249,3960,146,4469,.088386662,1,0,4/1/18,4/30/18,4/1/18
LA,2018,5,24094,26848,25841,849296,50942,875137,4943,4481,461,113,272,4365,189,4939,.093338735,1,0,5/1/18,5/31/18,5/1/18
LA,2018,6,24094,26848,25841,849296,50942,875137,4754,4341,413,100,254,4239,159,4752,.086910777,1,0,6/1/18,6/30/18,6/1/18
LA,2018,7,24094,26848,25841,849296,50942,875137,5123,4668,455,120,293,4545,162,5120,.088867188,1,0,7/1/18,7/31/18,7/1/18
LA,2018,8,24094,26848,25841,849296,50942,875137,5632,5142,488,122,321,5017,167,5627,.086724721,1,0,8/1/18,8/31/18,8/1/18
LA,2018,9,24094,26848,25841,849296,50942,875137,5010,4574,434,130,272,4441,161,5004,.086530775,1,0,9/1/18,9/30/18,9/1/18
LA,2018,10,24094,26848,25841,849296,50942,875137,5149,4677,470,112,297,4561,173,5143,.091386348,1,0,10/1/18,10/31/18,10/1/18
LA,2018,11,24094,26848,25841,849296,50942,875137,5042,4578,463,110,283,4467,180,5040,.091865078,1,0,11/1/18,11/30/18,11/1/18
LA,2018,12,24094,26848,25841,849296,50942,875137,4921,4454,464,109,296,4342,168,4915,.094404884,1,0,12/1/18,12/31/18,12/1/18
LA,2019,1,27489,25864,25626,846505,53353,872131,5107,4688,417,123,257,4564,160,5104,.08170063,1,0,1/1/19,1/31/19,1/1/19
LA,2019,2,27489,25864,25626,846505,53353,872131,4500,4105,394,107,232,3995,162,4496,.087633453,1,0,2/1/19,2/28/19,2/1/19
LA,2019,3,27489,25864,25626,846505,53353,872131,4490,4045,444,111,267,3933,177,4488,.098930478,1,0,3/1/19,3/31/19,3/1/19
LA,2019,4,27489,25864,25626,846505,53353,872131,4437,4044,392,106,244,3938,148,4436,.088367902,1,0,4/1/19,4/30/19,4/1/19
LA,2019,5,27489,25864,25626,846505,53353,872131,4829,4339,489,110,326,4227,162,4825,.1011399,1,0,5/1/19,5/31/19,5/1/19
LA,2019,6,27489,25864,25626,846505,53353,872131,4437,4022,414,114,252,3906,162,4434,.093369417,1,0,6/1/19,6/30/19,6/1/19
LA,2019,7,27489,25864,25626,846505,53353,872131,5171,4648,518,131,344,4515,173,5163,.10013558,1,0,7/1/19,7/31/19,7/1/19
LA,2019,8,27489,25864,25626,846505,53353,872131,5387,4865,515,129,342,4731,172,5374,.095645703,1,0,8/1/19,8/31/19,8/1/19
LA,2019,9,27489,25864,25626,846505,53353,872131,5291,4797,494,124,333,4670,161,5288,.09341906,1,0,9/1/19,9/30/19,9/1/19
LA,2019,10,27489,25864,25626,846505,53353,872131,5376,4847,527,151,354,4693,173,5371,.098119527,1,0,10/1/19,10/31/19,10/1/19
LA,2019,11,27489,25864,25626,846505,53353,872131,4777,4332,445,106,279,4223,166,4774,.093213238,1,0,11/1/19,11/30/19,11/1/19
LA,2019,12,27489,25864,25626,846505,53353,872131,5037,4566,468,138,301,4425,167,5031,.093023255,1,0,12/1/19,12/31/19,12/1/19
LA,2020,1,25035,27724,24782,850985,52759,875767,5013,4541,472,113,307,4427,165,5012,.094173983,1,0,1/1/20,1/31/20,1/1/20
LA,2020,2,25035,27724,24782,850985,52759,875767,4416,3967,446,112,303,3849,143,4407,.10120263,1,0,2/1/20,2/28/20,2/1/20
LA,2020,3,25035,27724,24782,850985,52759,875767,4631,4225,405,116,257,4103,148,4624,.087586507,1,0,3/1/20,3/31/20,3/1/20
LA,2020,4,25035,27724,24782,850985,52759,875767,4389,4002,386,108,255,3892,131,4386,.088007294,1,0,4/1/20,4/30/20,4/1/20
LA,2020,5,25035,27724,24782,850985,52759,875767,4573,4095,477,108,308,3985,169,4570,.10437637,1,0,5/1/20,5/31/20,5/1/20
LA,2020,6,25035,27724,24782,850985,52759,875767,4559,4098,461,124,294,3970,167,4555,.10120746,1,0,6/1/20,6/30/20,6/1/20
LA,2020,7,25035,27724,24782,850985,52759,875767,4942,4455,484,139,321,4313,163,4936,.098055102,1,0,7/1/20,7/31/20,7/1/20
LA,2020,8,25035,27724,24782,850985,52759,875767,5079,4623,451,152,294,4469,157,5072,.088919558,1,0,8/1/20,8/31/20,8/1/20
LA,2020,9,25035,27724,24782,850985,52759,875767,5085,4628,457,113,305,4512,151,5081,.08974611,1,0,9/1/20,9/30/20,9/1/20
LA,2020,10,25035,27724,24782,850985,52759,875767,4864,4388,473,120,327,4266,146,4859,.097345136,1,0,10/1/20,10/31/20,10/1/20
LA,2020,11,25035,27724,24782,850985,52759,875767,4763,4336,425,128,291,4205,133,4757,.089131802,1,0,11/1/20,11/30/20,11/1/20
LA,2020,12,25035,27724,24782,850985,52759,875767,4888,4462,424,129,272,4332,152,4885,.086796314,1,0,12/1/20,12/31/20,12/1/20
LA,2021,1,24545,33292,29896,832455,57837,862351,4644,4231,410,128,261,4101,149,4639,.088381119,1,0,1/1/21,1/31/21,1/1/21
LA,2021,2,24545,33292,29896,832455,57837,862351,4395,3996,397,110,251,3883,146,4390,.0904328,1,0,2/1/21,2/28/21,2/1/21
LA,2021,3,24545,33292,29896,832455,57837,862351,4890,4459,430,128,290,4331,140,4889,.087952547,1,0,3/1/21,3/31/21,3/1/21
LA,2021,4,24545,33292,29896,832455,57837,862351,4206,3812,394,131,249,3681,145,4206,.093675703,1,0,4/1/21,4/30/21,4/1/21
LA,2021,5,24545,33292,29896,832455,57837,862351,4372,3942,427,98,291,3842,136,4367,.097778797,1,0,5/1/21,5/31/21,5/1/21
LA,2021,6,24545,33292,29896,832455,57837,862351,4727,4312,413,121,280,4188,132,4721,.087269649,1,0,6/1/21,6/30/21,6/1/21
LA,2021,7,24545,33292,29896,832455,57837,862351,5027,4538,485,136,333,4399,152,5020,.096613549,1,0,7/1/21,7/31/21,7/1/21
LA,2021,8,24545,33292,29896,832455,57837,862351,5103,4605,497,125,346,4477,151,5099,.09747009,1,0,8/1/21,8/31/21,8/1/21
LA,2021,9,24545,33292,29896,832455,57837,862351,5253,4739,512,158,365,4576,146,5245,.097426116,1,0,9/1/21,9/30/21,9/1/21
LA,2021,10,24545,33292,29896,832455,57837,862351,4879,4372,506,104,366,4267,139,4876,.1035685,1,0,10/1/21,10/31/21,10/1/21
LA,2021,11,24545,33292,29896,832455,57837,862351,4849,4373,475,128,341,4240,134,4843,.098079704,1,0,11/1/21,11/30/21,11/1/21
LA,2021,12,24545,33292,29896,832455,57837,862351,4956,4445,511,147,356,4297,155,4955,.10312815,1,0,12/1/21,12/31/21,12/1/21
LA,2022,1,22695,26861,28691,832720,49556,861411,4552,4096,452,103,324,3992,128,4547,.099406205,1,0,1/1/22,1/31/22,1/1/22
LA,2022,2,22695,26861,28691,832720,49556,861411,4356,3890,466,113,335,3776,131,4355,.10700344,1,0,2/1/22,2/28/22,2/1/22
LA,2022,3,22695,26861,28691,832720,49556,861411,4462,3991,471,125,347,3864,124,4460,.10560538,1,0,3/1/22,3/31/22,3/1/22
LA,2022,4,22695,26861,28691,832720,49556,861411,4143,3701,440,100,308,3598,132,4138,.10633156,1,0,4/1/22,4/30/22,4/1/22
LA,2022,5,22695,26861,28691,832720,49556,861411,4375,3912,462,128,319,3780,143,4370,.10572083,1,0,5/1/22,5/31/22,5/1/22
LA,2022,6,22695,26861,28691,832720,49556,861411,4409,3906,500,98,348,3808,152,4406,.11348162,1,0,6/1/22,6/30/22,6/1/22
LA,2022,7,22695,26861,28691,832720,49556,861411,4935,4401,534,145,372,4252,162,4931,.10829446,1,0,7/1/22,7/31/22,7/1/22
LA,2022,8,22695,26861,28691,832720,49556,861411,5396,4797,597,136,430,4659,167,5392,.11071958,1,0,8/1/22,8/31/22,8/1/22
LA,2022,9,22695,26861,28691,832720,49556,861411,4923,4330,592,153,416,4171,176,4916,.12042311,1,0,9/1/22,9/30/22,9/1/22
LA,2022,10,22695,26861,28691,832720,49556,861411,4770,4240,527,127,395,4107,132,4761,.11069103,1,0,10/1/22,10/31/22,10/1/22
LA,2022,11,22695,26861,28691,832720,49556,861411,4901,4367,532,133,387,4231,144,4895,.10847804,1,0,11/1/22,11/30/22,11/1/22
LA,2022,12,22695,26861,28691,832720,49556,861411,5135,4561,571,148,422,4409,149,5128,.11134946,1,0,12/1/22,12/31/22,12/1/22
LA,2023,1,30545,27550,36801,812878,58095,849679,4847,4292,554,138,422,4151,132,4843,.11439191,1,0,1/1/23,1/31/23,1/1/23
LA,2023,2,30545,27550,36801,812878,58095,849679,4188,3749,439,115,310,3631,127,4183,.10447048,1,1,2/1/23,2/28/23,2/1/23
LA,2023,3,30545,27550,36801,812878,58095,849679,4344,3858,485,110,327,3747,158,4342,.11169968,1,1,3/1/23,3/31/23,3/1/23
LA,2023,4,30545,27550,36801,812878,58095,849679,3981,3493,488,91,338,3400,150,3979,.12264388,1,1,4/1/23,4/30/23,4/1/23
LA,2023,5,30545,27550,36801,812878,58095,849679,4600,4103,497,118,384,3982,113,4597,.10811399,1,1,5/1/23,5/31/23,5/1/23
LA,2023,6,30545,27550,36801,812878,58095,849679,4405,3918,486,112,356,3802,130,4400,.11045454,1,1,6/1/23,6/30/23,6/1/23
LA,2023,7,30545,27550,36801,812878,58095,849679,4810,4293,512,133,362,4155,150,4800,.10666667,1,1,7/1/23,7/31/23,7/1/23
LA,2023,8,30545,27550,36801,812878,58095,849679,5073,4514,556,130,404,4384,152,5070,.10966469,1,1,8/1/23,8/31/23,8/1/23
LA,2023,9,30545,27550,36801,812878,58095,849679,4633,4069,564,120,442,3946,122,4630,.12181426,1,1,9/1/23,9/30/23,9/1/23
LA,2023,10,30545,27550,36801,812878,58095,849679,4745,4251,493,133,350,4117,143,4743,.10394266,1,1,10/1/23,10/31/23,10/1/23
LA,2023,11,30545,27550,36801,812878,58095,849679,4598,4067,528,126,391,3940,137,4594,.11493252,1,1,11/1/23,11/30/23,11/1/23
LA,2023,12,30545,27550,36801,812878,58095,849679,4563,4008,554,112,409,3894,145,4560,.12149123,1,1,12/1/23,12/31/23,12/1/23
MA,2016,1,101217,228558,89294,956057,329775,1045351,5420,3672,1746,418,649,3177,1065,5309,.32284799,0,0,1/1/16,1/31/16,1/1/16
MA,2016,2,101217,228558,89294,956057,329775,1045351,5432,3671,1761,381,631,3235,1111,5358,.32512131,0,0,2/1/16,2/28/16,2/1/16
MA,2016,3,101217,228558,89294,956057,329775,1045351,5966,4069,1896,429,678,3581,1200,5888,.31895381,0,0,3/1/16,3/31/16,3/1/16
MA,2016,4,101217,228558,89294,956057,329775,1045351,5748,3869,1877,397,634,3416,1220,5667,.32715723,0,0,4/1/16,4/30/16,4/1/16
MA,2016,5,101217,228558,89294,956057,329775,1045351,6148,4129,2017,392,684,3675,1306,6057,.32854548,0,0,5/1/16,5/31/16,5/1/16
MA,2016,6,101217,228558,89294,956057,329775,1045351,6128,4267,1858,441,622,3730,1210,6003,.30518073,0,0,6/1/16,6/30/16,6/1/16
MA,2016,7,101217,228558,89294,956057,329775,1045351,6462,4394,2067,477,680,3837,1362,6356,.32127124,0,0,7/1/16,7/31/16,7/1/16
MA,2016,8,101217,228558,89294,956057,329775,1045351,6399,4312,2085,423,727,3819,1328,6297,.32634589,0,0,8/1/16,8/31/16,8/1/16
MA,2016,9,101217,228558,89294,956057,329775,1045351,6139,4111,2028,405,725,3624,1264,6018,.33050847,0,0,9/1/16,9/30/16,9/1/16
MA,2016,10,101217,228558,89294,956057,329775,1045351,5989,3964,2024,437,697,3451,1291,5876,.33832538,0,0,10/1/16,10/31/16,10/1/16
MA,2016,11,101217,228558,89294,956057,329775,1045351,5709,3730,1979,409,717,3240,1244,5610,.34955436,0,0,11/1/16,11/30/16,11/1/16
MA,2016,12,101217,228558,89294,956057,329775,1045351,5502,3637,1863,424,677,3112,1151,5364,.34079045,0,0,12/1/16,12/31/16,12/1/16
MA,2017,1,98493,232486,99948,956582,330979,1056530,5561,3590,1971,426,716,3092,1232,5466,.35638493,0,0,1/1/17,1/31/17,1/1/17
MA,2017,2,98493,232486,99948,956582,330979,1056530,5158,3411,1746,390,640,2955,1086,5071,.34036678,0,0,2/1/17,2/28/17,2/1/17
MA,2017,3,98493,232486,99948,956582,330979,1056530,5868,3916,1952,436,726,3381,1201,5744,.33548051,0,0,3/1/17,3/31/17,3/1/17
MA,2017,4,98493,232486,99948,956582,330979,1056530,5621,3783,1838,404,653,3265,1136,5458,.32777575,0,0,4/1/17,4/30/17,4/1/17
MA,2017,5,98493,232486,99948,956582,330979,1056530,5996,4027,1969,387,655,3506,1243,5791,.32774997,0,0,5/1/17,5/31/17,5/1/17
MA,2017,6,98493,232486,99948,956582,330979,1056530,6106,4102,2004,441,696,3564,1270,5971,.32925808,0,0,6/1/17,6/30/17,6/1/17
MA,2017,7,98493,232486,99948,956582,330979,1056530,6261,4231,2029,449,761,3635,1202,6047,.32462379,0,0,7/1/17,7/31/17,7/1/17
MA,2017,8,98493,232486,99948,956582,330979,1056530,6401,4372,2029,464,747,3732,1215,6158,.31860995,0,0,8/1/17,8/31/17,8/1/17
MA,2017,9,98493,232486,99948,956582,330979,1056530,6034,4072,1961,436,714,3487,1199,5836,.327793,0,0,9/1/17,9/30/17,9/1/17
MA,2017,10,98493,232486,99948,956582,330979,1056530,6085,4064,2018,405,712,3575,1281,5973,.33366817,0,0,10/1/17,10/31/17,10/1/17
MA,2017,11,98493,232486,99948,956582,330979,1056530,5675,3741,1934,434,716,3229,1198,5577,.34319526,0,0,11/1/17,11/30/17,11/1/17
MA,2017,12,98493,232486,99948,956582,330979,1056530,5678,3692,1982,428,739,3205,1212,5584,.3493911,0,0,12/1/17,12/31/17,12/1/17
MA,2018,1,103463,230675,98756,959890,334138,1058646,5567,3646,1919,446,689,3096,1187,5418,.34625322,0,0,1/1/18,1/31/18,1/1/18
MA,2018,2,103463,230675,98756,959890,334138,1058646,5070,3282,1787,414,655,2808,1108,4985,.35366097,0,0,2/1/18,2/28/18,2/1/18
MA,2018,3,103463,230675,98756,959890,334138,1058646,5810,3838,1971,415,709,3370,1242,5736,.3401325,0,0,3/1/18,3/31/18,3/1/18
MA,2018,4,103463,230675,98756,959890,334138,1058646,5593,3685,1906,379,648,3254,1249,5530,.34303796,0,0,4/1/18,4/30/18,4/1/18
MA,2018,5,103463,230675,98756,959890,334138,1058646,6088,4100,1984,444,721,3607,1243,6015,.32651705,0,0,5/1/18,5/31/18,5/1/18
MA,2018,6,103463,230675,98756,959890,334138,1058646,5941,4025,1914,460,685,3501,1220,5866,.32475281,0,0,6/1/18,6/30/18,6/1/18
MA,2018,7,103463,230675,98756,959890,334138,1058646,6115,4106,2009,443,745,3603,1250,6041,.33024335,0,0,7/1/18,7/31/18,7/1/18
MA,2018,8,103463,230675,98756,959890,334138,1058646,6155,4119,2034,462,765,3573,1248,6048,.33283731,0,0,8/1/18,8/31/18,8/1/18
MA,2018,9,103463,230675,98756,959890,334138,1058646,5911,3949,1962,440,797,3434,1146,5817,.33402097,0,0,9/1/18,9/30/18,9/1/18
MA,2018,10,103463,230675,98756,959890,334138,1058646,5893,3932,1954,469,742,3402,1180,5793,.33177975,0,0,10/1/18,10/31/18,10/1/18
MA,2018,11,103463,230675,98756,959890,334138,1058646,5545,3644,1898,460,702,3106,1185,5453,.34604806,0,0,11/1/18,11/30/18,11/1/18
MA,2018,12,103463,230675,98756,959890,334138,1058646,5188,3405,1781,432,654,2899,1103,5088,.34532234,0,0,12/1/18,12/31/18,12/1/18
MA,2019,1,106419,224293,99835,963056,330712,1062891,5517,3614,1903,418,746,3125,1139,5428,.34727341,0,0,1/1/19,1/31/19,1/1/19
MA,2019,2,106419,224293,99835,963056,330712,1062891,5001,3354,1646,380,609,2914,1023,4926,.3313033,0,0,2/1/19,2/28/19,2/1/19
MA,2019,3,106419,224293,99835,963056,330712,1062891,5625,3744,1880,455,685,3237,1178,5555,.33537355,0,0,3/1/19,3/31/19,3/1/19
MA,2019,4,106419,224293,99835,963056,330712,1062891,5656,3788,1868,466,694,3248,1155,5563,.33237463,0,0,4/1/19,4/30/19,4/1/19
MA,2019,5,106419,224293,99835,963056,330712,1062891,5945,4002,1939,424,722,3507,1193,5846,.3275744,0,0,5/1/19,5/31/19,5/1/19
MA,2019,6,106419,224293,99835,963056,330712,1062891,5728,3875,1852,456,695,3348,1139,5638,.32529265,0,0,6/1/19,6/30/19,6/1/19
MA,2019,7,106419,224293,99835,963056,330712,1062891,6206,4150,2053,508,734,3572,1296,6110,.33224222,0,0,7/1/19,7/31/19,7/1/19
MA,2019,8,106419,224293,99835,963056,330712,1062891,6320,4219,2099,520,823,3627,1259,6229,.33424306,0,0,8/1/19,8/31/19,8/1/19
MA,2019,9,106419,224293,99835,963056,330712,1062891,5980,3936,2041,457,807,3400,1215,5879,.34393606,0,0,9/1/19,9/30/19,9/1/19
MA,2019,10,106419,224293,99835,963056,330712,1062891,6054,3949,2102,462,761,3418,1322,5963,.3493208,0,0,10/1/19,10/31/19,10/1/19
MA,2019,11,106419,224293,99835,963056,330712,1062891,5456,3570,1882,456,712,3037,1145,5350,.34710279,0,0,11/1/19,11/30/19,11/1/19
MA,2019,12,106419,224293,99835,963056,330712,1062891,5373,3489,1882,425,680,2990,1175,5270,.3519924,0,0,12/1/19,12/31/19,12/1/19
MA,2020,1,102447,226728,98754,960795,329175,1059549,5461,3552,1909,456,726,3030,1149,5361,.34974819,0,0,1/1/20,1/31/20,1/1/20
MA,2020,2,102447,226728,98754,960795,329175,1059549,5178,3424,1753,439,657,2932,1078,5106,.3397963,0,0,2/1/20,2/28/20,2/1/20
MA,2020,3,102447,226728,98754,960795,329175,1059549,5545,3673,1872,410,717,3199,1130,5456,.3385264,0,0,3/1/20,3/31/20,3/1/20
MA,2020,4,102447,226728,98754,960795,329175,1059549,5332,3529,1800,388,677,3061,1103,5229,.34040925,0,0,4/1/20,4/30/20,4/1/20
MA,2020,5,102447,226728,98754,960795,329175,1059549,5788,3833,1953,427,748,3332,1181,5688,.33913502,0,0,5/1/20,5/31/20,5/1/20
MA,2020,6,102447,226728,98754,960795,329175,1059549,5914,4019,1893,472,735,3462,1134,5803,.3220748,0,0,6/1/20,6/30/20,6/1/20
MA,2020,7,102447,226728,98754,960795,329175,1059549,6050,4121,1928,485,759,3557,1157,5958,.32158443,0,0,7/1/20,7/31/20,7/1/20
MA,2020,8,102447,226728,98754,960795,329175,1059549,5882,3944,1937,479,762,3393,1152,5786,.33079848,0,0,8/1/20,8/31/20,8/1/20
MA,2020,9,102447,226728,98754,960795,329175,1059549,5668,3801,1864,506,741,3230,1101,5578,.33022588,0,0,9/1/20,9/30/20,9/1/20
MA,2020,10,102447,226728,98754,960795,329175,1059549,5407,3611,1794,466,697,3083,1082,5328,.3338964,0,0,10/1/20,10/31/20,10/1/20
MA,2020,11,102447,226728,98754,960795,329175,1059549,5080,3341,1737,464,693,2815,1018,4990,.34288576,0,0,11/1/20,11/30/20,11/1/20
MA,2020,12,102447,226728,98754,960795,329175,1059549,4867,3203,1660,466,668,2675,971,4780,.34288704,0,0,12/1/20,12/31/20,12/1/20
MA,2021,1,102293,231969,108413,967224,334262,1075637,4893,3335,1557,407,626,2866,906,4805,.31883454,0,0,1/1/21,1/31/21,1/1/21
MA,2021,2,102293,231969,108413,967224,334262,1075637,4774,3289,1485,380,589,2844,885,4698,.31375054,0,0,2/1/21,2/28/21,2/1/21
MA,2021,3,102293,231969,108413,967224,334262,1075637,5707,3941,1764,477,714,3409,1034,5634,.31025913,0,0,3/1/21,3/31/21,3/1/21
MA,2021,4,102293,231969,108413,967224,334262,1075637,5652,3921,1728,486,628,3381,1085,5580,.30698925,0,0,4/1/21,4/30/21,4/1/21
MA,2021,5,102293,231969,108413,967224,334262,1075637,6083,4270,1812,540,732,3643,1058,5973,.2996819,0,0,5/1/21,5/31/21,5/1/21
MA,2021,6,102293,231969,108413,967224,334262,1075637,6161,4310,1850,520,731,3717,1102,6070,.30197695,0,0,6/1/21,6/30/21,6/1/21
MA,2021,7,102293,231969,108413,967224,334262,1075637,6247,4335,1910,528,778,3734,1114,6154,.30744231,0,0,7/1/21,7/31/21,7/1/21
MA,2021,8,102293,231969,108413,967224,334262,1075637,6260,4297,1962,511,804,3707,1138,6160,.31525975,0,0,8/1/21,8/31/21,8/1/21
MA,2021,9,102293,231969,108413,967224,334262,1075637,6182,4177,2002,536,808,3580,1174,6098,.3250246,0,0,9/1/21,9/30/21,9/1/21
MA,2021,10,102293,231969,108413,967224,334262,1075637,5877,3971,1904,483,758,3406,1129,5776,.32669666,0,0,10/1/21,10/31/21,10/1/21
MA,2021,11,102293,231969,108413,967224,334262,1075637,5594,3715,1876,447,786,3193,1078,5504,.3386628,0,0,11/1/21,11/30/21,11/1/21
MA,2021,12,102293,231969,108413,967224,334262,1075637,5461,3577,1880,441,791,3088,1071,5391,.34539047,0,0,12/1/21,12/31/21,12/1/21
MA,2022,1,106087,227380,110963,963085,333467,1074048,5269,3439,1828,480,759,2887,1051,5177,.34962332,0,0,1/1/22,1/31/22,1/1/22
MA,2022,2,106087,227380,110963,963085,333467,1074048,4989,3260,1727,398,704,2800,1004,4906,.34814513,0,0,2/1/22,2/28/22,2/1/22
MA,2022,3,106087,227380,110963,963085,333467,1074048,5770,3851,1916,508,813,3285,1078,5684,.33268824,0,0,3/1/22,3/31/22,3/1/22
MA,2022,4,106087,227380,110963,963085,333467,1074048,5541,3641,1897,444,791,3122,1093,5450,.34568807,0,0,4/1/22,4/30/22,4/1/22
MA,2022,5,106087,227380,110963,963085,333467,1074048,5742,3813,1928,485,781,3272,1126,5664,.33668786,0,0,5/1/22,5/31/22,5/1/22
MA,2022,6,106087,227380,110963,963085,333467,1074048,5777,3815,1961,459,794,3289,1153,5695,.34187883,0,0,6/1/22,6/30/22,6/1/22
MA,2022,7,106087,227380,110963,963085,333467,1074048,6022,3955,2063,481,873,3421,1166,5941,.34320822,0,0,7/1/22,7/31/22,7/1/22
MA,2022,8,106087,227380,110963,963085,333467,1074048,6270,4098,2164,478,893,3538,1246,6155,.34752235,0,0,8/1/22,8/31/22,8/1/22
MA,2022,9,106087,227380,110963,963085,333467,1074048,5964,3984,1978,539,821,3369,1132,5861,.33321959,0,0,9/1/22,9/30/22,9/1/22
MA,2022,10,106087,227380,110963,963085,333467,1074048,5709,3740,1964,459,812,3190,1133,5594,.34769395,0,0,10/1/22,10/31/22,10/1/22
MA,2022,11,106087,227380,110963,963085,333467,1074048,5610,3602,2002,437,792,3073,1173,5475,.35890412,0,0,11/1/22,11/30/22,11/1/22
MA,2022,12,106087,227380,110963,963085,333467,1074048,5615,3553,2057,463,873,2995,1160,5491,.37024221,0,0,12/1/22,12/31/22,12/1/22
MA,2023,1,102524,232218,118712,962405,334742,1081117,5286,3348,1934,466,822,2807,1085,5180,.36814672,0,0,1/1/23,1/31/23,1/1/23
MA,2023,2,102524,232218,118712,962405,334742,1081117,4891,3160,1730,409,742,2699,963,4813,.35424891,0,0,2/1/23,2/28/23,2/1/23
MA,2023,3,102524,232218,118712,962405,334742,1081117,5472,3576,1892,488,801,3010,1058,5357,.34702259,0,0,3/1/23,3/31/23,3/1/23
MA,2023,4,102524,232218,118712,962405,334742,1081117,5375,3446,1928,408,807,2965,1088,5268,.35971907,0,0,4/1/23,4/30/23,4/1/23
MA,2023,5,102524,232218,118712,962405,334742,1081117,5715,3713,2000,454,891,3189,1083,5617,.35143316,0,0,5/1/23,5/31/23,5/1/23
MA,2023,6,102524,232218,118712,962405,334742,1081117,5924,3861,2062,457,894,3311,1139,5801,.3504568,0,0,6/1/23,6/30/23,6/1/23
MA,2023,7,102524,232218,118712,962405,334742,1081117,5908,3872,2031,468,869,3312,1116,5765,.34431916,0,0,7/1/23,7/31/23,7/1/23
MA,2023,8,102524,232218,118712,962405,334742,1081117,5983,3915,2066,527,881,3315,1158,5881,.34670976,0,0,8/1/23,8/31/23,8/1/23
MA,2023,9,102524,232218,118712,962405,334742,1081117,5637,3578,2058,436,909,3070,1118,5533,.36634737,0,0,9/1/23,9/30/23,9/1/23
MA,2023,10,102524,232218,118712,962405,334742,1081117,5625,3570,2050,457,862,3027,1143,5489,.36527601,0,0,10/1/23,10/31/23,10/1/23
MA,2023,11,102524,232218,118712,962405,334742,1081117,5549,3560,1987,458,838,3018,1122,5436,.36055923,0,0,11/1/23,11/30/23,11/1/23
MA,2023,12,102524,232218,118712,962405,334742,1081117,5429,3401,2024,502,795,2804,1194,5295,.37563738,0,0,12/1/23,12/31/23,12/1/23
MD,2016,1,83221,167652,52768,897649,250873,950417,5881,4088,1772,204,759,3867,1009,5839,.30279157,0,0,1/1/16,1/31/16,1/1/16
MD,2016,2,83221,167652,52768,897649,250873,950417,5562,3916,1624,193,671,3712,950,5526,.29334056,0,0,2/1/16,2/28/16,2/1/16
MD,2016,3,83221,167652,52768,897649,250873,950417,5986,4157,1804,223,726,3917,1074,5940,.30303031,0,0,3/1/16,3/31/16,3/1/16
MD,2016,4,83221,167652,52768,897649,250873,950417,5851,4083,1739,218,718,3849,1017,5802,.2990348,0,0,4/1/16,4/30/16,4/1/16
MD,2016,5,83221,167652,52768,897649,250873,950417,6215,4382,1808,220,729,4151,1076,6176,.29226035,0,0,5/1/16,5/31/16,5/1/16
MD,2016,6,83221,167652,52768,897649,250873,950417,6211,4304,1878,200,798,4097,1077,6172,.30379131,0,0,6/1/16,6/30/16,6/1/16
MD,2016,7,83221,167652,52768,897649,250873,950417,6498,4547,1931,263,853,4273,1072,6461,.29794151,0,0,7/1/16,7/31/16,7/1/16
MD,2016,8,83221,167652,52768,897649,250873,950417,6532,4549,1967,244,829,4289,1131,6493,.30186355,0,0,8/1/16,8/31/16,8/1/16
MD,2016,9,83221,167652,52768,897649,250873,950417,6270,4300,1938,200,797,4085,1139,6221,.31120399,0,0,9/1/16,9/30/16,9/1/16
MD,2016,10,83221,167652,52768,897649,250873,950417,6108,4182,1896,203,806,3974,1085,6068,.31163481,0,0,10/1/16,10/31/16,10/1/16
MD,2016,11,83221,167652,52768,897649,250873,950417,5841,4032,1781,213,732,3812,1048,5805,.30663222,0,0,11/1/16,11/30/16,11/1/16
MD,2016,12,83221,167652,52768,897649,250873,950417,5906,4055,1821,226,743,3822,1074,5865,.30980393,0,0,12/1/16,12/31/16,12/1/16
MD,2017,1,83034,167184,56030,889006,250218,945036,5672,3827,1818,224,758,3597,1057,5636,.32203689,0,0,1/1/17,1/31/17,1/1/17
MD,2017,2,83034,167184,56030,889006,250218,945036,5203,3596,1594,205,686,3382,905,5178,.3072615,0,0,2/1/17,2/28/17,2/1/17
MD,2017,3,83034,167184,56030,889006,250218,945036,5801,3980,1797,211,761,3756,1034,5762,.31152377,0,0,3/1/17,3/31/17,3/1/17
MD,2017,4,83034,167184,56030,889006,250218,945036,5601,3825,1750,214,700,3602,1045,5561,.3137925,0,0,4/1/17,4/30/17,4/1/17
MD,2017,5,83034,167184,56030,889006,250218,945036,5981,4140,1815,249,753,3881,1061,5944,.30518168,0,0,5/1/17,5/31/17,5/1/17
MD,2017,6,83034,167184,56030,889006,250218,945036,6068,4213,1831,207,772,3993,1056,6028,.3032515,0,0,6/1/17,6/30/17,6/1/17
MD,2017,7,83034,167184,56030,889006,250218,945036,6316,4388,1909,277,827,4100,1079,6283,.30335826,0,0,7/1/17,7/31/17,7/1/17
MD,2017,8,83034,167184,56030,889006,250218,945036,6657,4572,2061,251,910,4308,1151,6620,.31132931,0,0,8/1/17,8/31/17,8/1/17
MD,2017,9,83034,167184,56030,889006,250218,945036,6014,4088,1903,258,818,3824,1082,5982,.31761953,0,0,9/1/17,9/30/17,9/1/17
MD,2017,10,83034,167184,56030,889006,250218,945036,6239,4207,2000,236,794,3955,1202,6187,.32261193,0,0,10/1/17,10/31/17,10/1/17
MD,2017,11,83034,167184,56030,889006,250218,945036,5907,4024,1849,211,762,3804,1080,5857,.31449547,0,0,11/1/17,11/30/17,11/1/17
MD,2017,12,83034,167184,56030,889006,250218,945036,5909,4024,1848,262,772,3751,1071,5856,.31471995,0,0,12/1/17,12/31/17,12/1/17
MD,2018,1,78331,168561,60063,881508,246892,941571,5883,4011,1836,233,762,3768,1056,5819,.31242481,0,0,1/1/18,1/31/18,1/1/18
MD,2018,2,78331,168561,60063,881508,246892,941571,5147,3474,1654,209,735,3259,912,5115,.32199413,0,0,2/1/18,2/28/18,2/1/18
MD,2018,3,78331,168561,60063,881508,246892,941571,5649,3875,1752,213,803,3650,939,5605,.31079394,0,0,3/1/18,3/31/18,3/1/18
MD,2018,4,78331,168561,60063,881508,246892,941571,5675,3947,1705,217,714,3719,987,5637,.30175626,0,0,4/1/18,4/30/18,4/1/18
MD,2018,5,78331,168561,60063,881508,246892,941571,6118,4220,1867,238,773,3967,1087,6065,.30667767,0,0,5/1/18,5/31/18,5/1/18
MD,2018,6,78331,168561,60063,881508,246892,941571,5886,4095,1774,247,754,3841,1016,5858,.30215091,0,0,6/1/18,6/30/18,6/1/18
MD,2018,7,78331,168561,60063,881508,246892,941571,6027,4134,1870,249,825,3862,1040,5976,.31208166,0,0,7/1/18,7/31/18,7/1/18
MD,2018,8,78331,168561,60063,881508,246892,941571,6524,4466,2026,283,895,4156,1121,6455,.31231603,0,0,8/1/18,8/31/18,8/1/18
MD,2018,9,78331,168561,60063,881508,246892,941571,6063,4118,1920,220,859,3887,1052,6018,.31754735,0,0,9/1/18,9/30/18,9/1/18
MD,2018,10,78331,168561,60063,881508,246892,941571,6285,4378,1883,240,822,4126,1055,6243,.30065674,0,0,10/1/18,10/31/18,10/1/18
MD,2018,11,78331,168561,60063,881508,246892,941571,5700,3885,1784,231,755,3629,1022,5637,.3152386,0,0,11/1/18,11/30/18,11/1/18
MD,2018,12,78331,168561,60063,881508,246892,941571,5814,3926,1864,246,845,3656,1011,5758,.32233414,0,0,12/1/18,12/31/18,12/1/18
MD,2019,1,84696,155486,53063,889113,240182,942176,5735,3950,1753,236,766,3689,977,5668,.30751589,0,0,1/1/19,1/31/19,1/1/19
MD,2019,2,84696,155486,53063,889113,240182,942176,5182,3592,1561,226,689,3349,867,5131,.30325472,0,0,2/1/19,2/28/19,2/1/19
MD,2019,3,84696,155486,53063,889113,240182,942176,5717,3971,1719,231,802,3729,912,5674,.30207965,0,0,3/1/19,3/31/19,3/1/19
MD,2019,4,84696,155486,53063,889113,240182,942176,5641,3921,1698,232,761,3675,935,5603,.30269498,0,0,4/1/19,4/30/19,4/1/19
MD,2019,5,84696,155486,53063,889113,240182,942176,5924,4087,1815,247,810,3821,1002,5880,.30816326,0,0,5/1/19,5/31/19,5/1/19
MD,2019,6,84696,155486,53063,889113,240182,942176,5685,3911,1748,264,771,3637,975,5647,.30919072,0,0,6/1/19,6/30/19,6/1/19
MD,2019,7,84696,155486,53063,889113,240182,942176,6255,4344,1881,278,832,4059,1047,6216,.30228442,0,0,7/1/19,7/31/19,7/1/19
MD,2019,8,84696,155486,53063,889113,240182,942176,6314,4351,1927,288,889,4040,1037,6254,.30796289,0,0,8/1/19,8/31/19,8/1/19
MD,2019,9,84696,155486,53063,889113,240182,942176,6067,4129,1910,269,863,3852,1047,6031,.31669706,0,0,9/1/19,9/30/19,9/1/19
MD,2019,10,84696,155486,53063,889113,240182,942176,6004,4117,1850,262,869,3843,978,5952,.31031585,0,0,10/1/19,10/31/19,10/1/19
MD,2019,11,84696,155486,53063,889113,240182,942176,5485,3690,1774,238,781,3435,987,5441,.32494026,0,0,11/1/19,11/30/19,11/1/19
MD,2019,12,84696,155486,53063,889113,240182,942176,5881,3968,1877,273,869,3690,1003,5835,.32082263,0,0,12/1/19,12/31/19,12/1/19
MD,2020,1,80112,162560,57758,888668,242672,946426,5847,4023,1805,303,833,3711,969,5816,.30983493,0,0,1/1/20,1/31/20,1/1/20
MD,2020,2,80112,162560,57758,888668,242672,946426,5242,3551,1667,259,740,3286,926,5211,.31970832,0,0,2/1/20,2/28/20,2/1/20
MD,2020,3,80112,162560,57758,888668,242672,946426,5691,3896,1773,258,826,3633,946,5663,.31290835,0,0,3/1/20,3/31/20,3/1/20
MD,2020,4,80112,162560,57758,888668,242672,946426,5540,3853,1656,258,732,3582,924,5496,.30131003,0,0,4/1/20,4/30/20,4/1/20
MD,2020,5,80112,162560,57758,888668,242672,946426,5733,3979,1731,272,808,3699,923,5702,.30357769,0,0,5/1/20,5/31/20,5/1/20
MD,2020,6,80112,162560,57758,888668,242672,946426,5776,3942,1817,268,882,3665,933,5748,.31576201,0,0,6/1/20,6/30/20,6/1/20
MD,2020,7,80112,162560,57758,888668,242672,946426,6167,4247,1894,280,870,3956,1022,6128,.30874673,0,0,7/1/20,7/31/20,7/1/20
MD,2020,8,80112,162560,57758,888668,242672,946426,6189,4278,1878,328,884,3942,991,6145,.30512613,0,0,8/1/20,8/31/20,8/1/20
MD,2020,9,80112,162560,57758,888668,242672,946426,5726,3977,1734,309,790,3659,941,5699,.30373749,0,0,9/1/20,9/30/20,9/1/20
MD,2020,10,80112,162560,57758,888668,242672,946426,5605,3922,1669,283,772,3633,892,5580,.29820788,0,0,10/1/20,10/31/20,10/1/20
MD,2020,11,80112,162560,57758,888668,242672,946426,5244,3658,1567,237,731,3413,835,5216,.30023006,0,0,11/1/20,11/30/20,11/1/20
MD,2020,12,80112,162560,57758,888668,242672,946426,5475,3882,1578,257,743,3618,834,5452,.28925166,0,0,12/1/20,12/31/20,12/1/20
MD,2021,1,76661,160524,72567,903236,237185,975803,5129,3620,1491,238,707,3375,783,5103,.29198509,0,0,1/1/21,1/31/21,1/1/21
MD,2021,2,76661,160524,72567,903236,237185,975803,4878,3456,1414,243,645,3208,767,4863,.29035574,0,0,2/1/21,2/28/21,2/1/21
MD,2021,3,76661,160524,72567,903236,237185,975803,5624,3942,1671,278,778,3653,891,5600,.29803571,0,0,3/1/21,3/31/21,3/1/21
MD,2021,4,76661,160524,72567,903236,237185,975803,5415,3857,1546,285,745,3561,800,5391,.28658876,0,0,4/1/21,4/30/21,4/1/21
MD,2021,5,76661,160524,72567,903236,237185,975803,5674,3978,1680,281,776,3690,903,5650,.29716814,0,0,5/1/21,5/31/21,5/1/21
MD,2021,6,76661,160524,72567,903236,237185,975803,5942,4199,1723,292,817,3902,902,5913,.29071537,0,0,6/1/21,6/30/21,6/1/21
MD,2021,7,76661,160524,72567,903236,237185,975803,6190,4337,1834,319,878,4008,954,6159,.29745087,0,0,7/1/21,7/31/21,7/1/21
MD,2021,8,76661,160524,72567,903236,237185,975803,6124,4286,1826,328,867,3947,955,6097,.29883549,0,0,8/1/21,8/31/21,8/1/21
MD,2021,9,76661,160524,72567,903236,237185,975803,5983,4201,1759,321,902,3870,853,5946,.29515642,0,0,9/1/21,9/30/21,9/1/21
MD,2021,10,76661,160524,72567,903236,237185,975803,5926,4099,1811,271,853,3821,957,5902,.3066757,0,0,10/1/21,10/31/21,10/1/21
MD,2021,11,76661,160524,72567,903236,237185,975803,5504,3757,1726,266,855,3486,870,5477,.31495345,0,0,11/1/21,11/30/21,11/1/21
MD,2021,12,76661,160524,72567,903236,237185,975803,5599,3890,1685,315,808,3560,875,5558,.30280676,0,0,12/1/21,12/31/21,12/1/21
MD,2022,1,82551,161875,69315,892166,244426,961481,5561,3831,1703,296,854,3527,848,5525,.3080543,0,0,1/1/22,1/31/22,1/1/22
MD,2022,2,82551,161875,69315,892166,244426,961481,5189,3566,1617,286,810,3274,805,5175,.31207728,0,0,2/1/22,2/28/22,2/1/22
MD,2022,3,82551,161875,69315,892166,244426,961481,5772,3950,1814,292,852,3654,960,5758,.31469262,0,0,3/1/22,3/31/22,3/1/22
MD,2022,4,82551,161875,69315,892166,244426,961481,5436,3688,1729,275,825,3406,903,5409,.31946754,0,0,4/1/22,4/30/22,4/1/22
MD,2022,5,82551,161875,69315,892166,244426,961481,5628,3798,1804,308,905,3482,893,5588,.32176092,0,0,5/1/22,5/31/22,5/1/22
MD,2022,6,82551,161875,69315,892166,244426,961481,5766,3943,1804,294,859,3641,943,5737,.31410146,0,0,6/1/22,6/30/22,6/1/22
MD,2022,7,82551,161875,69315,892166,244426,961481,6055,4129,1909,364,954,3752,954,6024,.31673306,0,0,7/1/22,7/31/22,7/1/22
MD,2022,8,82551,161875,69315,892166,244426,961481,6192,4223,1957,340,949,3871,1005,6165,.31695053,0,0,8/1/22,8/31/22,8/1/22
MD,2022,9,82551,161875,69315,892166,244426,961481,5647,3816,1826,313,856,3498,968,5635,.32369122,0,0,9/1/22,9/30/22,9/1/22
MD,2022,10,82551,161875,69315,892166,244426,961481,5727,3829,1876,292,930,3531,944,5697,.32894507,0,0,10/1/22,10/31/22,10/1/22
MD,2022,11,82551,161875,69315,892166,244426,961481,5646,3755,1867,292,866,3445,1000,5603,.33303589,0,0,11/1/22,11/30/22,11/1/22
MD,2022,12,82551,161875,69315,892166,244426,961481,5827,3873,1938,300,991,3561,946,5798,.33408073,0,0,12/1/22,12/31/22,12/1/22
MD,2023,1,91745,156432,78468,888471,248177,966939,5559,3768,1773,315,866,3443,906,5530,.320434,0,0,1/1/23,1/31/23,1/1/23
MD,2023,2,91745,156432,78468,888471,248177,966939,4860,3310,1532,255,790,3050,741,4836,.31658396,0,0,2/1/23,2/28/23,2/1/23
MD,2023,3,91745,156432,78468,888471,248177,966939,5438,3716,1708,274,847,3434,859,5414,.31510898,0,0,3/1/23,3/31/23,3/1/23
MD,2023,4,91745,156432,78468,888471,248177,966939,5142,3492,1644,254,783,3234,859,5130,.32007799,0,0,4/1/23,4/30/23,4/1/23
MD,2023,5,91745,156432,78468,888471,248177,966939,5483,3696,1766,307,881,3377,882,5447,.3236644,0,0,5/1/23,5/31/23,5/1/23
MD,2023,6,91745,156432,78468,888471,248177,966939,5641,3783,1839,305,945,3463,892,5605,.32774308,0,0,6/1/23,6/30/23,6/1/23
MD,2023,7,91745,156432,78468,888471,248177,966939,5761,3852,1881,325,955,3515,926,5721,.32878867,0,0,7/1/23,7/31/23,7/1/23
MD,2023,8,91745,156432,78468,888471,248177,966939,5786,3911,1849,330,929,3567,918,5744,.32155293,0,0,8/1/23,8/31/23,8/1/23
MD,2023,9,91745,156432,78468,888471,248177,966939,5451,3633,1796,321,921,3308,873,5423,.3308132,0,0,9/1/23,9/30/23,9/1/23
MD,2023,10,91745,156432,78468,888471,248177,966939,5551,3651,1875,300,994,3338,877,5509,.33962607,0,0,10/1/23,10/31/23,10/1/23
MD,2023,11,91745,156432,78468,888471,248177,966939,5297,3544,1734,304,871,3228,860,5263,.32889986,0,0,11/1/23,11/30/23,11/1/23
MD,2023,12,91745,156432,78468,888471,248177,966939,5244,3380,1846,284,966,3083,877,5210,.35374281,0,0,12/1/23,12/31/23,12/1/23
ME,2016,1,943,13781,4881,213946,14724,218827,948,860,87,16,3,844,84,947,.091869064,0,0,1/1/16,1/31/16,1/1/16
ME,2016,2,943,13781,4881,213946,14724,218827,1008,920,88,12,4,908,84,1008,.08730159,0,0,2/1/16,2/28/16,2/1/16
ME,2016,3,943,13781,4881,213946,14724,218827,1068,1004,64,13,5,991,59,1068,.059925094,0,0,3/1/16,3/31/16,3/1/16
ME,2016,4,943,13781,4881,213946,14724,218827,1067,999,68,14,12,984,56,1066,.063789867,0,0,4/1/16,4/30/16,4/1/16
ME,2016,5,943,13781,4881,213946,14724,218827,1116,1026,90,9,8,1016,82,1115,.080717489,0,0,5/1/16,5/31/16,5/1/16
ME,2016,6,943,13781,4881,213946,14724,218827,1078,994,84,12,10,982,74,1078,.077922076,0,0,6/1/16,6/30/16,6/1/16
ME,2016,7,943,13781,4881,213946,14724,218827,1189,1094,95,18,7,1075,87,1187,.079191238,0,0,7/1/16,7/31/16,7/1/16
ME,2016,8,943,13781,4881,213946,14724,218827,1166,1086,80,7,4,1078,76,1165,.068669528,0,0,8/1/16,8/31/16,8/1/16
ME,2016,9,943,13781,4881,213946,14724,218827,1130,1054,76,19,7,1035,69,1130,.067256637,0,0,9/1/16,9/30/16,9/1/16
ME,2016,10,943,13781,4881,213946,14724,218827,1013,939,74,7,8,930,66,1011,.073194854,0,0,10/1/16,10/31/16,10/1/16
ME,2016,11,943,13781,4881,213946,14724,218827,944,860,83,10,11,849,72,942,.088110402,0,0,11/1/16,11/30/16,11/1/16
ME,2016,12,943,13781,4881,213946,14724,218827,951,858,92,14,7,843,85,949,.096944153,0,0,12/1/16,12/31/16,12/1/16
ME,2017,1,1485,11620,3428,214939,13105,218367,898,809,87,11,7,798,80,896,.097098216,0,0,1/1/17,1/31/17,1/1/17
ME,2017,2,1485,11620,3428,214939,13105,218367,890,795,94,13,7,782,87,889,.10573678,0,0,2/1/17,2/28/17,2/1/17
ME,2017,3,1485,11620,3428,214939,13105,218367,1066,986,79,12,5,974,74,1065,.074178405,0,0,3/1/17,3/31/17,3/1/17
ME,2017,4,1485,11620,3428,214939,13105,218367,997,890,107,9,7,881,100,997,.10732196,0,0,4/1/17,4/30/17,4/1/17
ME,2017,5,1485,11620,3428,214939,13105,218367,1083,994,89,16,2,977,87,1082,.08225508,0,0,5/1/17,5/31/17,5/1/17
ME,2017,6,1485,11620,3428,214939,13105,218367,1047,970,77,8,1,962,76,1047,.073543459,0,0,6/1/17,6/30/17,6/1/17
ME,2017,7,1485,11620,3428,214939,13105,218367,1091,991,100,19,5,972,95,1091,.091659032,0,0,7/1/17,7/31/17,7/1/17
ME,2017,8,1485,11620,3428,214939,13105,218367,1155,1059,94,16,7,1042,87,1152,.081597224,0,0,8/1/17,8/31/17,8/1/17
ME,2017,9,1485,11620,3428,214939,13105,218367,1066,970,95,15,3,953,92,1063,.089369707,0,0,9/1/17,9/30/17,9/1/17
ME,2017,10,1485,11620,3428,214939,13105,218367,1024,924,100,8,5,916,95,1024,.09765625,0,0,10/1/17,10/31/17,10/1/17
ME,2017,11,1485,11620,3428,214939,13105,218367,956,868,88,18,11,850,77,956,.09205021,0,0,11/1/17,11/30/17,11/1/17
ME,2017,12,1485,11620,3428,214939,13105,218367,1006,913,93,15,9,898,84,1006,.092445329,0,0,12/1/17,12/31/17,12/1/17
ME,2018,1,784,10868,2764,214026,11652,216790,965,867,98,12,10,855,87,964,.10062241,0,0,1/1/18,1/31/18,1/1/18
ME,2018,2,784,10868,2764,214026,11652,216790,846,771,75,15,3,755,72,845,.088757396,0,0,2/1/18,2/28/18,2/1/18
ME,2018,3,784,10868,2764,214026,11652,216790,1028,934,93,11,8,922,85,1026,.090643272,0,0,3/1/18,3/31/18,3/1/18
ME,2018,4,784,10868,2764,214026,11652,216790,978,893,85,7,2,886,83,978,.086912066,0,0,4/1/18,4/30/18,4/1/18
ME,2018,5,784,10868,2764,214026,11652,216790,1117,1025,91,14,4,1011,87,1116,.081541218,0,0,5/1/18,5/31/18,5/1/18
ME,2018,6,784,10868,2764,214026,11652,216790,1016,936,79,15,6,921,73,1015,.077832513,0,0,6/1/18,6/30/18,6/1/18
ME,2018,7,784,10868,2764,214026,11652,216790,1078,972,106,17,6,954,100,1077,.098421544,0,0,7/1/18,7/31/18,7/1/18
ME,2018,8,784,10868,2764,214026,11652,216790,1164,1067,97,14,8,1053,89,1164,.083333336,0,0,8/1/18,8/31/18,8/1/18
ME,2018,9,784,10868,2764,214026,11652,216790,1049,955,94,14,6,940,88,1048,.089694656,0,0,9/1/18,9/30/18,9/1/18
ME,2018,10,784,10868,2764,214026,11652,216790,1077,978,99,10,6,968,93,1077,.091922008,0,0,10/1/18,10/31/18,10/1/18
ME,2018,11,784,10868,2764,214026,11652,216790,988,901,87,17,3,883,84,987,.088145897,0,0,11/1/18,11/30/18,11/1/18
ME,2018,12,784,10868,2764,214026,11652,216790,984,900,84,10,6,889,78,983,.085452698,0,0,12/1/18,12/31/18,12/1/18
ME,2019,1,1785,12163,4544,218780,13948,223324,942,847,95,16,7,831,88,942,.10084926,0,0,1/1/19,1/31/19,1/1/19
ME,2019,2,1785,12163,4544,218780,13948,223324,835,764,70,14,6,749,64,833,.084033616,0,0,2/1/19,2/28/19,2/1/19
ME,2019,3,1785,12163,4544,218780,13948,223324,948,856,92,11,5,845,87,948,.097046413,0,0,3/1/19,3/31/19,3/1/19
ME,2019,4,1785,12163,4544,218780,13948,223324,969,876,92,14,7,860,85,966,.095238097,0,0,4/1/19,4/30/19,4/1/19
ME,2019,5,1785,12163,4544,218780,13948,223324,1055,958,97,18,4,939,93,1054,.092030361,0,0,5/1/19,5/31/19,5/1/19
ME,2019,6,1785,12163,4544,218780,13948,223324,1012,929,81,12,8,917,73,1010,.08019802,0,0,6/1/19,6/30/19,6/1/19
ME,2019,7,1785,12163,4544,218780,13948,223324,1108,1014,93,21,4,992,89,1106,.084086798,0,0,7/1/19,7/31/19,7/1/19
ME,2019,8,1785,12163,4544,218780,13948,223324,1024,920,104,11,6,908,98,1023,.10166178,0,0,8/1/19,8/31/19,8/1/19
ME,2019,9,1785,12163,4544,218780,13948,223324,1025,939,85,19,11,919,74,1023,.083088957,0,0,9/1/19,9/30/19,9/1/19
ME,2019,10,1785,12163,4544,218780,13948,223324,1003,907,96,11,11,895,85,1002,.095808387,0,0,10/1/19,10/31/19,10/1/19
ME,2019,11,1785,12163,4544,218780,13948,223324,929,845,84,12,3,832,81,928,.090517238,0,0,11/1/19,11/30/19,11/1/19
ME,2019,12,1785,12163,4544,218780,13948,223324,906,816,90,17,9,799,81,906,.099337749,0,0,12/1/19,12/31/19,12/1/19
ME,2020,1,1272,11845,3993,216078,13117,220071,878,784,94,17,4,767,90,878,.10706151,0,0,1/1/20,1/31/20,1/1/20
ME,2020,2,1272,11845,3993,216078,13117,220071,844,771,73,12,5,759,68,844,.086492889,0,0,2/1/20,2/28/20,2/1/20
ME,2020,3,1272,11845,3993,216078,13117,220071,953,889,64,10,4,879,60,953,.067156345,0,0,3/1/20,3/31/20,3/1/20
ME,2020,4,1272,11845,3993,216078,13117,220071,905,804,100,13,8,791,92,904,.11061947,0,0,4/1/20,4/30/20,4/1/20
ME,2020,5,1272,11845,3993,216078,13117,220071,1010,909,100,15,4,894,96,1009,.099108025,0,0,5/1/20,5/31/20,5/1/20
ME,2020,6,1272,11845,3993,216078,13117,220071,1082,987,95,16,6,970,89,1081,.087881587,0,0,6/1/20,6/30/20,6/1/20
ME,2020,7,1272,11845,3993,216078,13117,220071,1106,1004,101,25,8,978,93,1104,.091485508,0,0,7/1/20,7/31/20,7/1/20
ME,2020,8,1272,11845,3993,216078,13117,220071,997,914,82,15,7,896,75,993,.082578048,0,0,8/1/20,8/31/20,8/1/20
ME,2020,9,1272,11845,3993,216078,13117,220071,997,922,75,18,6,904,69,997,.075225674,0,0,9/1/20,9/30/20,9/1/20
ME,2020,10,1272,11845,3993,216078,13117,220071,956,880,76,10,6,870,70,956,.079497911,0,0,10/1/20,10/31/20,10/1/20
ME,2020,11,1272,11845,3993,216078,13117,220071,895,802,93,14,6,787,87,894,.10402685,0,0,11/1/20,11/30/20,11/1/20
ME,2020,12,1272,11845,3993,216078,13117,220071,890,811,79,21,8,790,71,890,.088764042,0,0,12/1/20,12/31/20,12/1/20
ME,2021,1,1496,13414,5716,222106,14910,227822,885,801,83,20,11,781,71,883,.092865229,0,0,1/1/21,1/31/21,1/1/21
ME,2021,2,1496,13414,5716,222106,14910,227822,811,736,75,13,10,723,65,811,.092478424,0,0,2/1/21,2/28/21,2/1/21
ME,2021,3,1496,13414,5716,222106,14910,227822,956,876,78,18,9,858,69,954,.08176101,0,0,3/1/21,3/31/21,3/1/21
ME,2021,4,1496,13414,5716,222106,14910,227822,1005,901,102,18,11,882,91,1002,.1017964,0,0,4/1/21,4/30/21,4/1/21
ME,2021,5,1496,13414,5716,222106,14910,227822,1044,966,78,14,6,952,72,1044,.074712642,0,0,5/1/21,5/31/21,5/1/21
ME,2021,6,1496,13414,5716,222106,14910,227822,1069,983,86,16,8,965,78,1067,.080599815,0,0,6/1/21,6/30/21,6/1/21
ME,2021,7,1496,13414,5716,222106,14910,227822,1132,1024,108,13,13,1011,95,1132,.095406361,0,0,7/1/21,7/31/21,7/1/21
ME,2021,8,1496,13414,5716,222106,14910,227822,1109,1024,85,18,4,1004,81,1107,.076784104,0,0,8/1/21,8/31/21,8/1/21
ME,2021,9,1496,13414,5716,222106,14910,227822,1100,1014,86,20,7,994,79,1100,.078181818,0,0,9/1/21,9/30/21,9/1/21
ME,2021,10,1496,13414,5716,222106,14910,227822,978,891,86,17,9,874,77,977,.088024564,0,0,10/1/21,10/31/21,10/1/21
ME,2021,11,1496,13414,5716,222106,14910,227822,990,913,77,16,9,897,68,990,.077777781,0,0,11/1/21,11/30/21,11/1/21
ME,2021,12,1496,13414,5716,222106,14910,227822,901,802,98,14,9,788,89,900,.10888889,0,0,12/1/21,12/31/21,12/1/21
ME,2022,1,1960,11885,4507,223082,13845,227589,871,798,73,18,8,779,65,870,.083908044,0,0,1/1/22,1/31/22,1/1/22
ME,2022,2,1960,11885,4507,223082,13845,227589,880,816,63,25,7,791,56,879,.071672358,0,0,2/1/22,2/28/22,2/1/22
ME,2022,3,1960,11885,4507,223082,13845,227589,1023,924,99,20,15,904,84,1023,.096774191,0,0,3/1/22,3/31/22,3/1/22
ME,2022,4,1960,11885,4507,223082,13845,227589,972,880,92,19,8,861,84,972,.094650209,0,0,4/1/22,4/30/22,4/1/22
ME,2022,5,1960,11885,4507,223082,13845,227589,1049,959,90,12,9,946,81,1048,.085877866,0,0,5/1/22,5/31/22,5/1/22
ME,2022,6,1960,11885,4507,223082,13845,227589,1062,957,105,11,7,945,98,1061,.098963246,0,0,6/1/22,6/30/22,6/1/22
ME,2022,7,1960,11885,4507,223082,13845,227589,1057,952,104,19,18,933,86,1056,.098484851,0,0,7/1/22,7/31/22,7/1/22
ME,2022,8,1960,11885,4507,223082,13845,227589,1089,977,112,15,15,962,97,1089,.10284664,0,0,8/1/22,8/31/22,8/1/22
ME,2022,9,1960,11885,4507,223082,13845,227589,1018,904,113,13,14,890,99,1016,.11122047,0,0,9/1/22,9/30/22,9/1/22
ME,2022,10,1960,11885,4507,223082,13845,227589,980,872,108,21,11,851,97,980,.11020408,0,0,10/1/22,10/31/22,10/1/22
ME,2022,11,1960,11885,4507,223082,13845,227589,1015,907,108,12,9,895,99,1015,.10640394,0,0,11/1/22,11/30/22,11/1/22
ME,2022,12,1960,11885,4507,223082,13845,227589,1047,939,107,16,15,923,92,1046,.10229445,0,0,12/1/22,12/31/22,12/1/22
ME,2023,1,1187,15813,7070,227567,17000,234637,958,845,113,23,6,822,107,958,.11795407,0,0,1/1/23,1/31/23,1/1/23
ME,2023,2,1187,15813,7070,227567,17000,234637,878,776,102,15,5,761,97,878,.11617312,0,0,2/1/23,2/28/23,2/1/23
ME,2023,3,1187,15813,7070,227567,17000,234637,945,823,122,18,13,804,109,944,.12923729,0,0,3/1/23,3/31/23,3/1/23
ME,2023,4,1187,15813,7070,227567,17000,234637,962,848,114,28,6,819,108,961,.11862643,0,0,4/1/23,4/30/23,4/1/23
ME,2023,5,1187,15813,7070,227567,17000,234637,987,882,104,19,13,863,91,986,.10547667,0,0,5/1/23,5/31/23,5/1/23
ME,2023,6,1187,15813,7070,227567,17000,234637,978,859,118,21,12,835,106,974,.1211499,0,0,6/1/23,6/30/23,6/1/23
ME,2023,7,1187,15813,7070,227567,17000,234637,1067,971,94,20,7,950,87,1064,.088345863,0,0,7/1/23,7/31/23,7/1/23
ME,2023,8,1187,15813,7070,227567,17000,234637,1038,923,115,18,7,904,108,1037,.11089682,0,0,8/1/23,8/31/23,8/1/23
ME,2023,9,1187,15813,7070,227567,17000,234637,982,878,104,16,6,862,98,982,.10590632,0,0,9/1/23,9/30/23,9/1/23
ME,2023,10,1187,15813,7070,227567,17000,234637,962,858,104,16,11,842,93,962,.10810811,0,0,10/1/23,10/31/23,10/1/23
ME,2023,11,1187,15813,7070,227567,17000,234637,913,808,105,16,11,792,94,913,.11500548,0,0,11/1/23,11/30/23,11/1/23
ME,2023,12,1187,15813,7070,227567,17000,234637,931,810,120,10,16,800,104,930,.12903225,0,0,12/1/23,12/31/23,12/1/23
MI,2016,1,33357,139143,79919,1625294,172500,1705213,8876,7822,1033,360,241,7448,788,8837,.11644223,0,0,1/1/16,1/31/16,1/1/16
MI,2016,2,33357,139143,79919,1625294,172500,1705213,8611,7641,959,351,207,7277,751,8586,.11157699,0,0,2/1/16,2/28/16,2/1/16
MI,2016,3,33357,139143,79919,1625294,172500,1705213,9532,8364,1151,375,233,7977,917,9502,.12102715,0,0,3/1/16,3/31/16,3/1/16
MI,2016,4,33357,139143,79919,1625294,172500,1705213,9248,8120,1111,374,249,7739,859,9221,.12016051,0,0,4/1/16,4/30/16,4/1/16
MI,2016,5,33357,139143,79919,1625294,172500,1705213,9764,8547,1195,385,258,8157,935,9735,.12254751,0,0,5/1/16,5/31/16,5/1/16
MI,2016,6,33357,139143,79919,1625294,172500,1705213,9755,8568,1175,381,225,8180,948,9734,.12050544,0,0,6/1/16,6/30/16,6/1/16
MI,2016,7,33357,139143,79919,1625294,172500,1705213,10028,8814,1204,408,273,8400,928,10009,.11999201,0,0,7/1/16,7/31/16,7/1/16
MI,2016,8,33357,139143,79919,1625294,172500,1705213,10163,8907,1233,389,273,8512,954,10128,.12114929,0,0,8/1/16,8/31/16,8/1/16
MI,2016,9,33357,139143,79919,1625294,172500,1705213,9719,8511,1190,380,255,8124,934,9693,.12266584,0,0,9/1/16,9/30/16,9/1/16
MI,2016,10,33357,139143,79919,1625294,172500,1705213,9214,8108,1093,378,237,7708,853,9176,.11878815,0,0,10/1/16,10/31/16,10/1/16
MI,2016,11,33357,139143,79919,1625294,172500,1705213,9025,7828,1180,353,264,7458,913,8988,.13095239,0,0,11/1/16,11/30/16,11/1/16
MI,2016,12,33357,139143,79919,1625294,172500,1705213,9137,7952,1166,353,258,7592,907,9110,.12788145,0,0,12/1/16,12/31/16,12/1/16
MI,2017,1,41640,148955,73501,1612936,190595,1686437,8991,7821,1156,360,237,7453,917,8967,.1286941,0,0,1/1/17,1/31/17,1/1/17
MI,2017,2,41640,148955,73501,1612936,190595,1686437,8385,7377,991,317,217,7046,771,8351,.11830918,0,0,2/1/17,2/28/17,2/1/17
MI,2017,3,41640,148955,73501,1612936,190595,1686437,9327,8155,1150,369,243,7778,902,9292,.12322428,0,0,3/1/17,3/31/17,3/1/17
MI,2017,4,41640,148955,73501,1612936,190595,1686437,8807,7661,1133,357,234,7289,898,8778,.12895876,0,0,4/1/17,4/30/17,4/1/17
MI,2017,5,41640,148955,73501,1612936,190595,1686437,9596,8337,1240,376,253,7946,986,9561,.12958896,0,0,5/1/17,5/31/17,5/1/17
MI,2017,6,41640,148955,73501,1612936,190595,1686437,9585,8346,1214,366,223,7964,988,9541,.1269259,0,0,6/1/17,6/30/17,6/1/17
MI,2017,7,41640,148955,73501,1612936,190595,1686437,9814,8528,1276,375,269,8140,1002,9786,.12987942,0,0,7/1/17,7/31/17,7/1/17
MI,2017,8,41640,148955,73501,1612936,190595,1686437,10188,8903,1267,394,282,8494,982,10152,.12450749,0,0,8/1/17,8/31/17,8/1/17
MI,2017,9,41640,148955,73501,1612936,190595,1686437,9511,8309,1183,359,249,7942,933,9483,.1246441,0,0,9/1/17,9/30/17,9/1/17
MI,2017,10,41640,148955,73501,1612936,190595,1686437,9251,8026,1210,384,259,7629,945,9217,.13062818,0,0,10/1/17,10/31/17,10/1/17
MI,2017,11,41640,148955,73501,1612936,190595,1686437,8817,7659,1141,344,235,7302,903,8784,.12955374,0,0,11/1/17,11/30/17,11/1/17
MI,2017,12,41640,148955,73501,1612936,190595,1686437,8879,7678,1188,370,248,7284,934,8836,.13377094,0,0,12/1/17,12/31/17,12/1/17
MI,2018,1,35182,142508,85814,1621315,177690,1707129,8929,7787,1131,328,236,7439,890,8893,.12661643,0,0,1/1/18,1/31/18,1/1/18
MI,2018,2,35182,142508,85814,1621315,177690,1707129,8161,7133,1015,341,185,6768,824,8118,.1242917,0,0,2/1/18,2/28/18,2/1/18
MI,2018,3,35182,142508,85814,1621315,177690,1707129,9310,8124,1170,364,212,7733,956,9265,.12606584,0,0,3/1/18,3/31/18,3/1/18
MI,2018,4,35182,142508,85814,1621315,177690,1707129,8905,7793,1093,350,197,7429,895,8871,.12309773,0,0,4/1/18,4/30/18,4/1/18
MI,2018,5,35182,142508,85814,1621315,177690,1707129,9601,8423,1158,366,245,8036,912,9559,.12103777,0,0,5/1/18,5/31/18,5/1/18
MI,2018,6,35182,142508,85814,1621315,177690,1707129,9419,8258,1140,367,235,7879,903,9384,.12127025,0,0,6/1/18,6/30/18,6/1/18
MI,2018,7,35182,142508,85814,1621315,177690,1707129,9682,8502,1169,418,237,8074,928,9657,.12063788,0,0,7/1/18,7/31/18,7/1/18
MI,2018,8,35182,142508,85814,1621315,177690,1707129,9898,8644,1230,387,255,8242,971,9855,.12440386,0,0,8/1/18,8/31/18,8/1/18
MI,2018,9,35182,142508,85814,1621315,177690,1707129,9188,7950,1217,350,260,7584,953,9147,.13261178,0,0,9/1/18,9/30/18,9/1/18
MI,2018,10,35182,142508,85814,1621315,177690,1707129,9306,8043,1246,363,254,7662,987,9266,.1339305,0,0,10/1/18,10/31/18,10/1/18
MI,2018,11,35182,142508,85814,1621315,177690,1707129,8598,7487,1091,347,218,7120,870,8555,.12717709,0,0,11/1/18,11/30/18,11/1/18
MI,2018,12,35182,142508,85814,1621315,177690,1707129,8813,7664,1134,362,244,7286,888,8780,.12892939,0,0,12/1/18,12/31/18,12/1/18
MI,2019,1,32274,140003,93615,1618164,172277,1711779,8638,7610,1008,365,201,7227,804,8597,.11690124,0,0,1/1/19,1/31/19,1/1/19
MI,2019,2,32274,140003,93615,1618164,172277,1711779,8108,7092,995,316,204,6765,789,8074,.12298737,0,0,2/1/19,2/28/19,2/1/19
MI,2019,3,32274,140003,93615,1618164,172277,1711779,8888,7807,1064,344,222,7450,839,8855,.11981931,0,0,3/1/19,3/31/19,3/1/19
MI,2019,4,32274,140003,93615,1618164,172277,1711779,8682,7642,1026,375,220,7252,804,8651,.11836782,0,0,4/1/19,4/30/19,4/1/19
MI,2019,5,32274,140003,93615,1618164,172277,1711779,9360,8188,1150,391,237,7783,910,9321,.12305547,0,0,5/1/19,5/31/19,5/1/19
MI,2019,6,32274,140003,93615,1618164,172277,1711779,9216,8085,1121,368,235,7709,882,9194,.12149227,0,0,6/1/19,6/30/19,6/1/19
MI,2019,7,32274,140003,93615,1618164,172277,1711779,9768,8560,1193,375,243,8155,945,9718,.12224738,0,0,7/1/19,7/31/19,7/1/19
MI,2019,8,32274,140003,93615,1618164,172277,1711779,9775,8610,1140,407,230,8190,906,9733,.11671633,0,0,8/1/19,8/31/19,8/1/19
MI,2019,9,32274,140003,93615,1618164,172277,1711779,9190,8098,1076,422,235,7656,839,9152,.1173514,0,0,9/1/19,9/30/19,9/1/19
MI,2019,10,32274,140003,93615,1618164,172277,1711779,8988,7855,1113,362,252,7483,858,8955,.1239531,0,0,10/1/19,10/31/19,10/1/19
MI,2019,11,32274,140003,93615,1618164,172277,1711779,8505,7444,1050,365,192,7067,857,8481,.12368824,0,0,11/1/19,11/30/19,11/1/19
MI,2019,12,32274,140003,93615,1618164,172277,1711779,8537,7484,1036,336,201,7133,834,8504,.12170743,0,0,12/1/19,12/31/19,12/1/19
MI,2020,1,34252,143061,85097,1614361,177313,1699458,8633,7594,1026,371,204,7209,816,8600,.11860465,0,0,1/1/20,1/31/20,1/1/20
MI,2020,2,34252,143061,85097,1614361,177313,1699458,8264,7286,965,329,203,6950,761,8243,.11694771,0,0,2/1/20,2/28/20,2/1/20
MI,2020,3,34252,143061,85097,1614361,177313,1699458,8766,7718,1034,377,179,7327,855,8738,.11833371,0,0,3/1/20,3/31/20,3/1/20
MI,2020,4,34252,143061,85097,1614361,177313,1699458,8496,7336,1129,330,218,6989,910,8447,.13353853,0,0,4/1/20,4/30/20,4/1/20
MI,2020,5,34252,143061,85097,1614361,177313,1699458,8993,7902,1055,366,207,7505,845,8923,.11789757,0,0,5/1/20,5/31/20,5/1/20
MI,2020,6,34252,143061,85097,1614361,177313,1699458,9018,7961,1018,432,188,7501,830,8951,.11373031,0,0,6/1/20,6/30/20,6/1/20
MI,2020,7,34252,143061,85097,1614361,177313,1699458,9365,8206,1126,420,242,7762,880,9304,.12059329,0,0,7/1/20,7/31/20,7/1/20
MI,2020,8,34252,143061,85097,1614361,177313,1699458,9079,8000,1024,372,196,7607,826,9001,.11354294,0,0,8/1/20,8/31/20,8/1/20
MI,2020,9,34252,143061,85097,1614361,177313,1699458,8843,7721,1082,391,212,7306,869,8778,.12314878,0,0,9/1/20,9/30/20,9/1/20
MI,2020,10,34252,143061,85097,1614361,177313,1699458,8633,7497,1087,357,197,7120,890,8564,.12692668,0,0,10/1/20,10/31/20,10/1/20
MI,2020,11,34252,143061,85097,1614361,177313,1699458,7804,6766,1001,355,200,6391,798,7744,.12887397,0,0,11/1/20,11/30/20,11/1/20
MI,2020,12,34252,143061,85097,1614361,177313,1699458,7933,6969,932,379,167,6561,763,7870,.11817027,0,0,12/1/20,12/31/20,12/1/20
MI,2021,1,34334,144245,94405,1625395,178579,1719800,7691,6819,863,338,163,6452,700,7653,.11276624,0,0,1/1/21,1/31/21,1/1/21
MI,2021,2,34334,144245,94405,1625395,178579,1719800,7606,6682,916,363,191,6291,723,7568,.12077167,0,0,2/1/21,2/28/21,2/1/21
MI,2021,3,34334,144245,94405,1625395,178579,1719800,8601,7595,995,362,197,7195,795,8549,.11603697,0,0,3/1/21,3/31/21,3/1/21
MI,2021,4,34334,144245,94405,1625395,178579,1719800,8560,7528,1021,374,189,7127,827,8517,.11929083,0,0,4/1/21,4/30/21,4/1/21
MI,2021,5,34334,144245,94405,1625395,178579,1719800,8907,7860,1038,365,213,7454,821,8853,.11679657,0,0,5/1/21,5/31/21,5/1/21
MI,2021,6,34334,144245,94405,1625395,178579,1719800,9469,8393,1065,381,210,7968,850,9409,.11265809,0,0,6/1/21,6/30/21,6/1/21
MI,2021,7,34334,144245,94405,1625395,178579,1719800,9701,8472,1218,384,233,8033,980,9630,.12596054,0,0,7/1/21,7/31/21,7/1/21
MI,2021,8,34334,144245,94405,1625395,178579,1719800,9428,8234,1172,392,233,7789,935,9349,.12493315,0,0,8/1/21,8/31/21,8/1/21
MI,2021,9,34334,144245,94405,1625395,178579,1719800,9112,8016,1078,428,221,7543,852,9044,.1186422,0,0,9/1/21,9/30/21,9/1/21
MI,2021,10,34334,144245,94405,1625395,178579,1719800,8586,7503,1074,361,209,7089,854,8513,.12486785,0,0,10/1/21,10/31/21,10/1/21
MI,2021,11,34334,144245,94405,1625395,178579,1719800,8392,7257,1114,365,230,6839,873,8307,.13277958,0,0,11/1/21,11/30/21,11/1/21
MI,2021,12,34334,144245,94405,1625395,178579,1719800,8665,7582,1066,404,252,7137,803,8596,.1227315,0,0,12/1/21,12/31/21,12/1/21
MI,2022,1,36494,141291,98039,1626479,177785,1724518,7888,6870,1006,361,220,6457,781,7819,.12802149,0,0,1/1/22,1/31/22,1/1/22
MI,2022,2,36494,141291,98039,1626479,177785,1724518,7661,6672,977,341,180,6299,792,7612,.12769312,0,0,2/1/22,2/28/22,2/1/22
MI,2022,3,36494,141291,98039,1626479,177785,1724518,8717,7626,1075,383,199,7209,870,8661,.12342685,0,0,3/1/22,3/31/22,3/1/22
MI,2022,4,36494,141291,98039,1626479,177785,1724518,8318,7242,1062,384,230,6812,828,8254,.12818028,0,0,4/1/22,4/30/22,4/1/22
MI,2022,5,36494,141291,98039,1626479,177785,1724518,8789,7642,1129,397,206,7182,919,8704,.12925091,0,0,5/1/22,5/31/22,5/1/22
MI,2022,6,36494,141291,98039,1626479,177785,1724518,8907,7722,1165,396,249,7274,907,8826,.13097666,0,0,6/1/22,6/30/22,6/1/22
MI,2022,7,36494,141291,98039,1626479,177785,1724518,9010,7837,1161,375,210,7402,947,8934,.12950526,0,0,7/1/22,7/31/22,7/1/22
MI,2022,8,36494,141291,98039,1626479,177785,1724518,9042,7941,1085,409,241,7483,840,8973,.12047253,0,0,8/1/22,8/31/22,8/1/22
MI,2022,9,36494,141291,98039,1626479,177785,1724518,8613,7503,1095,359,236,7113,853,8561,.12720476,0,0,9/1/22,9/30/22,9/1/22
MI,2022,10,36494,141291,98039,1626479,177785,1724518,8389,7312,1062,384,215,6878,840,8317,.12684862,0,0,10/1/22,10/31/22,10/1/22
MI,2022,11,36494,141291,98039,1626479,177785,1724518,8247,7114,1116,346,206,6727,898,8177,.13501284,0,0,11/1/22,11/30/22,11/1/22
MI,2022,12,36494,141291,98039,1626479,177785,1724518,8475,7349,1107,371,209,6943,890,8413,.13063116,0,0,12/1/22,12/31/22,12/1/22
MI,2023,1,38162,146480,102667,1615298,184642,1717965,8001,6939,1046,411,218,6489,824,7942,.13120121,0,0,1/1/23,1/31/23,1/1/23
MI,2023,2,38162,146480,102667,1615298,184642,1717965,7603,6541,1036,355,244,6159,787,7545,.13664679,0,0,2/1/23,2/28/23,2/1/23
MI,2023,3,38162,146480,102667,1615298,184642,1717965,8430,7305,1108,413,243,6845,860,8361,.13192202,0,0,3/1/23,3/31/23,3/1/23
MI,2023,4,38162,146480,102667,1615298,184642,1717965,7860,6803,1033,396,201,6372,826,7795,.13175112,0,0,4/1/23,4/30/23,4/1/23
MI,2023,5,38162,146480,102667,1615298,184642,1717965,8413,7244,1151,362,224,6826,921,8333,.1374055,0,0,5/1/23,5/31/23,5/1/23
MI,2023,6,38162,146480,102667,1615298,184642,1717965,8612,7470,1123,361,266,7068,854,8549,.13100947,0,0,6/1/23,6/30/23,6/1/23
MI,2023,7,38162,146480,102667,1615298,184642,1717965,8826,7657,1147,394,247,7228,892,8761,.130008,0,0,7/1/23,7/31/23,7/1/23
MI,2023,8,38162,146480,102667,1615298,184642,1717965,8820,7614,1185,407,280,7164,895,8746,.13434713,0,0,8/1/23,8/31/23,8/1/23
MI,2023,9,38162,146480,102667,1615298,184642,1717965,8251,7034,1193,376,254,6614,931,8175,.14495413,0,0,9/1/23,9/30/23,9/1/23
MI,2023,10,38162,146480,102667,1615298,184642,1717965,8038,6946,1078,384,232,6518,838,7972,.13421977,0,0,10/1/23,10/31/23,10/1/23
MI,2023,11,38162,146480,102667,1615298,184642,1717965,8036,6876,1145,357,277,6486,855,7975,.14194357,0,0,11/1/23,11/30/23,11/1/23
MI,2023,12,38162,146480,102667,1615298,184642,1717965,8002,6868,1119,378,247,6457,865,7947,.13992701,0,0,12/1/23,12/31/23,12/1/23
MN,2016,1,36464,104136,31484,888282,140600,919766,5457,4381,1071,137,245,4207,823,5412,.19733925,0,0,1/1/16,1/31/16,1/1/16
MN,2016,2,36464,104136,31484,888282,140600,919766,5516,4474,1041,172,223,4280,816,5491,.18921871,0,0,2/1/16,2/28/16,2/1/16
MN,2016,3,36464,104136,31484,888282,140600,919766,5711,4623,1087,131,235,4458,845,5669,.1905098,0,0,3/1/16,3/31/16,3/1/16
MN,2016,4,36464,104136,31484,888282,140600,919766,5648,4553,1090,173,192,4361,894,5620,.19323844,0,0,4/1/16,4/30/16,4/1/16
MN,2016,5,36464,104136,31484,888282,140600,919766,6088,4939,1142,168,247,4730,886,6031,.18786271,0,0,5/1/16,5/31/16,5/1/16
MN,2016,6,36464,104136,31484,888282,140600,919766,6067,4889,1174,169,270,4693,896,6028,.19343066,0,0,6/1/16,6/30/16,6/1/16
MN,2016,7,36464,104136,31484,888282,140600,919766,6090,4914,1175,168,224,4717,945,6054,.19309548,0,0,7/1/16,7/31/16,7/1/16
MN,2016,8,36464,104136,31484,888282,140600,919766,6370,5141,1228,199,259,4909,966,6333,.19343123,0,0,8/1/16,8/31/16,8/1/16
MN,2016,9,36464,104136,31484,888282,140600,919766,5885,4788,1093,170,257,4593,832,5852,.18609023,0,0,9/1/16,9/30/16,9/1/16
MN,2016,10,36464,104136,31484,888282,140600,919766,5595,4511,1081,159,243,4323,835,5560,.19388489,0,0,10/1/16,10/31/16,10/1/16
MN,2016,11,36464,104136,31484,888282,140600,919766,5528,4461,1060,174,214,4256,844,5488,.19278425,0,0,11/1/16,11/30/16,11/1/16
MN,2016,12,36464,104136,31484,888282,140600,919766,5624,4500,1119,173,253,4308,863,5597,.19939253,0,0,12/1/16,12/31/16,12/1/16
MN,2017,1,30807,124010,39045,878484,154817,917529,5362,4292,1069,158,228,4107,837,5330,.19981238,0,0,1/1/17,1/31/17,1/1/17
MN,2017,2,30807,124010,39045,878484,154817,917529,5106,4105,998,182,196,3912,796,5086,.19504522,0,0,2/1/17,2/28/17,2/1/17
MN,2017,3,30807,124010,39045,878484,154817,917529,5764,4685,1073,186,246,4478,819,5729,.18589632,0,0,3/1/17,3/31/17,3/1/17
MN,2017,4,30807,124010,39045,878484,154817,917529,5593,4445,1141,174,238,4238,896,5546,.20447169,0,0,4/1/17,4/30/17,4/1/17
MN,2017,5,30807,124010,39045,878484,154817,917529,6104,4962,1139,181,227,4761,908,6077,.18676978,0,0,5/1/17,5/31/17,5/1/17
MN,2017,6,30807,124010,39045,878484,154817,917529,6054,4928,1123,186,228,4716,889,6019,.185579,0,0,6/1/17,6/30/17,6/1/17
MN,2017,7,30807,124010,39045,878484,154817,917529,6007,4906,1098,190,237,4671,851,5949,.18288788,0,0,7/1/17,7/31/17,7/1/17
MN,2017,8,30807,124010,39045,878484,154817,917529,6174,4929,1244,196,257,4689,979,6121,.2019278,0,0,8/1/17,8/31/17,8/1/17
MN,2017,9,30807,124010,39045,878484,154817,917529,5812,4620,1190,180,221,4407,960,5768,.20475034,0,0,9/1/17,9/30/17,9/1/17
MN,2017,10,30807,124010,39045,878484,154817,917529,5658,4446,1203,176,272,4247,924,5619,.21284926,0,0,10/1/17,10/31/17,10/1/17
MN,2017,11,30807,124010,39045,878484,154817,917529,5375,4267,1101,167,229,4088,870,5354,.20526709,0,0,11/1/17,11/30/17,11/1/17
MN,2017,12,30807,124010,39045,878484,154817,917529,5419,4305,1109,208,231,4082,877,5398,.2052612,0,0,12/1/17,12/31/17,12/1/17
MN,2018,1,28441,122171,40137,880691,150612,920828,5450,4307,1133,186,251,4108,880,5425,.20847926,0,0,1/1/18,1/31/18,1/1/18
MN,2018,2,28441,122171,40137,880691,150612,920828,4919,3959,954,160,190,3792,762,4904,.19412725,0,0,2/1/18,2/28/18,2/1/18
MN,2018,3,28441,122171,40137,880691,150612,920828,5722,4575,1142,197,238,4362,904,5701,.20031573,0,0,3/1/18,3/31/18,3/1/18
MN,2018,4,28441,122171,40137,880691,150612,920828,5541,4486,1052,143,209,4323,841,5516,.19035533,0,0,4/1/18,4/30/18,4/1/18
MN,2018,5,28441,122171,40137,880691,150612,920828,5911,4726,1181,215,254,4498,922,5889,.19969435,0,0,5/1/18,5/31/18,5/1/18
MN,2018,6,28441,122171,40137,880691,150612,920828,5712,4629,1074,185,215,4437,855,5692,.18798314,0,0,6/1/18,6/30/18,6/1/18
MN,2018,7,28441,122171,40137,880691,150612,920828,5850,4659,1184,184,251,4459,930,5824,.20278159,0,0,7/1/18,7/31/18,7/1/18
MN,2018,8,28441,122171,40137,880691,150612,920828,6201,5004,1194,191,244,4803,948,6186,.19269317,0,0,8/1/18,8/31/18,8/1/18
MN,2018,9,28441,122171,40137,880691,150612,920828,5594,4508,1081,201,229,4294,849,5573,.19343261,0,0,9/1/18,9/30/18,9/1/18
MN,2018,10,28441,122171,40137,880691,150612,920828,5514,4418,1091,185,243,4228,845,5501,.19778222,0,0,10/1/18,10/31/18,10/1/18
MN,2018,11,28441,122171,40137,880691,150612,920828,5345,4327,1013,171,206,4138,805,5320,.19003759,0,0,11/1/18,11/30/18,11/1/18
MN,2018,12,28441,122171,40137,880691,150612,920828,5393,4263,1122,186,236,4066,883,5371,.20834109,0,0,12/1/18,12/31/18,12/1/18
MN,2019,1,31360,123304,49379,891757,154664,941136,5169,4163,998,174,203,3981,794,5152,.19351707,0,0,1/1/19,1/31/19,1/1/19
MN,2019,2,31360,123304,49379,891757,154664,941136,4891,3920,967,135,193,3775,773,4876,.1981132,0,0,2/1/19,2/28/19,2/1/19
MN,2019,3,31360,123304,49379,891757,154664,941136,5467,4347,1115,199,194,4137,921,5451,.20454963,0,0,3/1/19,3/31/19,3/1/19
MN,2019,4,31360,123304,49379,891757,154664,941136,5367,4295,1071,213,228,4076,838,5355,.1990663,0,0,4/1/19,4/30/19,4/1/19
MN,2019,5,31360,123304,49379,891757,154664,941136,5891,4790,1096,201,237,4578,856,5872,.1861376,0,0,5/1/19,5/31/19,5/1/19
MN,2019,6,31360,123304,49379,891757,154664,941136,5603,4500,1097,198,232,4290,863,5583,.19613111,0,0,6/1/19,6/30/19,6/1/19
MN,2019,7,31360,123304,49379,891757,154664,941136,6011,4920,1082,204,260,4698,815,5977,.17985612,0,0,7/1/19,7/31/19,7/1/19
MN,2019,8,31360,123304,49379,891757,154664,941136,5941,4761,1175,222,251,4522,922,5917,.19824235,0,0,8/1/19,8/31/19,8/1/19
MN,2019,9,31360,123304,49379,891757,154664,941136,5563,4454,1105,219,252,4225,848,5544,.1984127,0,0,9/1/19,9/30/19,9/1/19
MN,2019,10,31360,123304,49379,891757,154664,941136,5744,4559,1181,225,239,4320,941,5725,.20611353,0,0,10/1/19,10/31/19,10/1/19
MN,2019,11,31360,123304,49379,891757,154664,941136,5109,4057,1049,189,217,3855,831,5092,.20581304,0,0,11/1/19,11/30/19,11/1/19
MN,2019,12,31360,123304,49379,891757,154664,941136,5089,4052,1035,210,214,3832,820,5076,.2037037,0,0,12/1/19,12/31/19,12/1/19
MN,2020,1,30195,115191,40966,888782,145386,929748,5021,3987,1030,198,229,3776,799,5002,.2055178,0,0,1/1/20,1/31/20,1/1/20
MN,2020,2,30195,115191,40966,888782,145386,929748,4895,3897,995,150,219,3736,776,4881,.20385167,0,0,2/1/20,2/28/20,2/1/20
MN,2020,3,30195,115191,40966,888782,145386,929748,5382,4264,1115,190,233,4060,879,5362,.2073853,0,0,3/1/20,3/31/20,3/1/20
MN,2020,4,30195,115191,40966,888782,145386,929748,5295,4314,977,199,218,4108,758,5283,.18474352,0,0,4/1/20,4/30/20,4/1/20
MN,2020,5,30195,115191,40966,888782,145386,929748,5589,4454,1128,196,262,4243,862,5563,.20204926,0,0,5/1/20,5/31/20,5/1/20
MN,2020,6,30195,115191,40966,888782,145386,929748,5540,4457,1079,227,253,4215,824,5519,.19514404,0,0,6/1/20,6/30/20,6/1/20
MN,2020,7,30195,115191,40966,888782,145386,929748,5739,4614,1121,221,256,4383,861,5721,.19524559,0,0,7/1/20,7/31/20,7/1/20
MN,2020,8,30195,115191,40966,888782,145386,929748,5542,4450,1083,233,237,4206,844,5520,.19583334,0,0,8/1/20,8/31/20,8/1/20
MN,2020,9,30195,115191,40966,888782,145386,929748,5278,4232,1042,221,249,4005,790,5265,.19734094,0,0,9/1/20,9/30/20,9/1/20
MN,2020,10,30195,115191,40966,888782,145386,929748,5260,4220,1030,224,246,3991,782,5243,.19607095,0,0,10/1/20,10/31/20,10/1/20
MN,2020,11,30195,115191,40966,888782,145386,929748,4770,3720,1048,205,219,3508,827,4759,.21979408,0,0,11/1/20,11/30/20,11/1/20
MN,2020,12,30195,115191,40966,888782,145386,929748,4964,3935,1021,190,222,3733,797,4942,.20619182,0,0,12/1/20,12/31/20,12/1/20
MN,2021,1,29832,109467,48530,914407,139299,962937,4645,3754,890,181,196,3566,692,4635,.19158576,0,0,1/1/21,1/31/21,1/1/21
MN,2021,2,29832,109467,48530,914407,139299,962937,4663,3768,887,202,206,3559,678,4645,.19031216,0,0,2/1/21,2/28/21,2/1/21
MN,2021,3,29832,109467,48530,914407,139299,962937,5380,4368,1007,236,223,4124,782,5365,.18732525,0,0,3/1/21,3/31/21,3/1/21
MN,2021,4,29832,109467,48530,914407,139299,962937,5272,4300,969,193,216,4099,753,5261,.18418552,0,0,4/1/21,4/30/21,4/1/21
MN,2021,5,29832,109467,48530,914407,139299,962937,5561,4571,987,227,233,4338,752,5550,.17747748,0,0,5/1/21,5/31/21,5/1/21
MN,2021,6,29832,109467,48530,914407,139299,962937,5794,4726,1062,251,239,4462,820,5772,.18347193,0,0,6/1/21,6/30/21,6/1/21
MN,2021,7,29832,109467,48530,914407,139299,962937,5846,4727,1116,238,230,4475,885,5828,.19131778,0,0,7/1/21,7/31/21,7/1/21
MN,2021,8,29832,109467,48530,914407,139299,962937,5745,4654,1084,230,264,4406,820,5720,.18951049,0,0,8/1/21,8/31/21,8/1/21
MN,2021,9,29832,109467,48530,914407,139299,962937,5585,4529,1052,228,268,4290,782,5568,.18857759,0,0,9/1/21,9/30/21,9/1/21
MN,2021,10,29832,109467,48530,914407,139299,962937,5390,4300,1070,219,273,4072,796,5360,.1994403,0,0,10/1/21,10/31/21,10/1/21
MN,2021,11,29832,109467,48530,914407,139299,962937,5214,4090,1106,219,266,3865,840,5190,.21310212,0,0,11/1/21,11/30/21,11/1/21
MN,2021,12,29832,109467,48530,914407,139299,962937,5156,4064,1071,209,215,3843,855,5122,.20890278,0,0,12/1/21,12/31/21,12/1/21
MN,2022,1,34466,112110,47984,906919,146576,954903,4887,3883,997,215,259,3661,736,4871,.20427017,0,0,1/1/22,1/31/22,1/1/22
MN,2022,2,34466,112110,47984,906919,146576,954903,4906,3887,1007,218,250,3648,755,4871,.20632313,0,0,2/1/22,2/28/22,2/1/22
MN,2022,3,34466,112110,47984,906919,146576,954903,5334,4253,1074,215,245,4028,828,5316,.20184349,0,0,3/1/22,3/31/22,3/1/22
MN,2022,4,34466,112110,47984,906919,146576,954903,5198,4189,1001,223,244,3957,755,5179,.19289438,0,0,4/1/22,4/30/22,4/1/22
MN,2022,5,34466,112110,47984,906919,146576,954903,5572,4437,1133,264,302,4160,830,5556,.2037437,0,0,5/1/22,5/31/22,5/1/22
MN,2022,6,34466,112110,47984,906919,146576,954903,5615,4453,1155,230,294,4209,861,5594,.20647122,0,0,6/1/22,6/30/22,6/1/22
MN,2022,7,34466,112110,47984,906919,146576,954903,5649,4554,1088,249,286,4294,800,5629,.19292948,0,0,7/1/22,7/31/22,7/1/22
MN,2022,8,34466,112110,47984,906919,146576,954903,5524,4391,1124,216,286,4159,836,5497,.20411134,0,0,8/1/22,8/31/22,8/1/22
MN,2022,9,34466,112110,47984,906919,146576,954903,5345,4214,1123,203,285,3998,836,5322,.2106351,0,0,9/1/22,9/30/22,9/1/22
MN,2022,10,34466,112110,47984,906919,146576,954903,5279,4119,1152,250,284,3854,866,5254,.21888085,0,0,10/1/22,10/31/22,10/1/22
MN,2022,11,34466,112110,47984,906919,146576,954903,5156,4060,1086,224,252,3823,833,5132,.21141855,0,0,11/1/22,11/30/22,11/1/22
MN,2022,12,34466,112110,47984,906919,146576,954903,5342,4196,1136,232,292,3949,842,5315,.21335842,0,0,12/1/22,12/31/22,12/1/22
MN,2023,1,33767,111612,61401,909320,145379,970721,5072,3952,1108,229,321,3707,784,5041,.21920253,0,0,1/1/23,1/31/23,1/1/23
MN,2023,2,33767,111612,61401,909320,145379,970721,4654,3681,968,239,268,3431,698,4636,.20836928,0,0,2/1/23,2/28/23,2/1/23
MN,2023,3,33767,111612,61401,909320,145379,970721,5283,4199,1076,245,290,3936,783,5254,.20422535,0,0,3/1/23,3/31/23,3/1/23
MN,2023,4,33767,111612,61401,909320,145379,970721,4992,3964,1020,216,263,3737,754,4970,.20462777,0,0,4/1/23,4/30/23,4/1/23
MN,2023,5,33767,111612,61401,909320,145379,970721,5263,4120,1136,225,309,3886,827,5247,.21650466,0,0,5/1/23,5/31/23,5/1/23
MN,2023,6,33767,111612,61401,909320,145379,970721,5336,4239,1091,241,307,3986,780,5314,.20455401,0,0,6/1/23,6/30/23,6/1/23
MN,2023,7,33767,111612,61401,909320,145379,970721,5285,4175,1103,236,328,3925,773,5262,.20923603,0,0,7/1/23,7/31/23,7/1/23
MN,2023,8,33767,111612,61401,909320,145379,970721,5466,4333,1127,212,335,4106,791,5444,.20683321,0,0,8/1/23,8/31/23,8/1/23
MN,2023,9,33767,111612,61401,909320,145379,970721,5064,3999,1062,251,322,3737,738,5048,.20998415,0,0,9/1/23,9/30/23,9/1/23
MN,2023,10,33767,111612,61401,909320,145379,970721,5194,4133,1054,245,315,3879,737,5176,.20324574,0,0,10/1/23,10/31/23,10/1/23
MN,2023,11,33767,111612,61401,909320,145379,970721,4987,3859,1125,228,350,3621,774,4973,.22602051,0,0,11/1/23,11/30/23,11/1/23
MN,2023,12,33767,111612,61401,909320,145379,970721,4889,3804,1084,196,302,3602,777,4877,.22124256,0,0,12/1/23,12/31/23,12/1/23
MO,2016,1,24784,57009,32185,1054204,81793,1086389,5929,5363,531,164,181,5177,349,5871,.09027423,1,0,1/1/16,1/31/16,1/1/16
MO,2016,2,24784,57009,32185,1054204,81793,1086389,5905,5353,514,149,181,5187,329,5846,.087239139,1,0,2/1/16,2/28/16,2/1/16
MO,2016,3,24784,57009,32185,1054204,81793,1086389,6303,5722,536,157,188,5542,342,6229,.085085891,1,0,3/1/16,3/31/16,3/1/16
MO,2016,4,24784,57009,32185,1054204,81793,1086389,5723,5194,481,160,147,5012,330,5649,.084439725,1,0,4/1/16,4/30/16,4/1/16
MO,2016,5,24784,57009,32185,1054204,81793,1086389,6071,5524,504,162,159,5345,342,6008,.083388813,1,0,5/1/16,5/31/16,5/1/16
MO,2016,6,24784,57009,32185,1054204,81793,1086389,6372,5807,516,180,175,5608,341,6304,.081852794,1,0,6/1/16,6/30/16,6/1/16
MO,2016,7,24784,57009,32185,1054204,81793,1086389,6626,6033,541,193,173,5815,366,6547,.082327783,1,0,7/1/16,7/31/16,7/1/16
MO,2016,8,24784,57009,32185,1054204,81793,1086389,6803,6213,543,152,178,6044,360,6734,.079893082,1,0,8/1/16,8/31/16,8/1/16
MO,2016,9,24784,57009,32185,1054204,81793,1086389,6542,5973,522,173,201,5779,319,6472,.080346107,1,0,9/1/16,9/30/16,9/1/16
MO,2016,10,24784,57009,32185,1054204,81793,1086389,6221,5606,567,179,192,5413,374,6158,.091912955,1,0,10/1/16,10/31/16,10/1/16
MO,2016,11,24784,57009,32185,1054204,81793,1086389,5979,5436,494,142,153,5273,337,5905,.082980528,1,0,11/1/16,11/30/16,11/1/16
MO,2016,12,24784,57009,32185,1054204,81793,1086389,6114,5525,523,165,178,5352,342,6037,.086135499,1,0,12/1/16,12/31/16,12/1/16
MO,2017,1,21137,60410,36625,1051928,81547,1088553,5822,5270,517,173,171,5078,344,5766,.089316681,1,0,1/1/17,1/31/17,1/1/17
MO,2017,2,21137,60410,36625,1051928,81547,1088553,5460,4965,466,167,151,4774,311,5403,.085508049,1,0,2/1/17,2/28/17,2/1/17
MO,2017,3,21137,60410,36625,1051928,81547,1088553,6005,5490,487,182,176,5279,307,5944,.081258409,1,0,3/1/17,3/31/17,3/1/17
MO,2017,4,21137,60410,36625,1051928,81547,1088553,5631,5098,498,143,154,4930,343,5570,.089228004,1,0,4/1/17,4/30/17,4/1/17
MO,2017,5,21137,60410,36625,1051928,81547,1088553,6189,5615,531,157,159,5428,372,6116,.086821452,1,0,5/1/17,5/31/17,5/1/17
MO,2017,6,21137,60410,36625,1051928,81547,1088553,6220,5674,510,198,178,5462,330,6168,.082360573,1,0,6/1/17,6/30/17,6/1/17
MO,2017,7,21137,60410,36625,1051928,81547,1088553,6391,5819,529,161,148,5633,380,6322,.083517872,1,0,7/1/17,7/31/17,7/1/17
MO,2017,8,21137,60410,36625,1051928,81547,1088553,6673,6079,541,203,187,5856,353,6599,.081830584,1,0,8/1/17,8/31/17,8/1/17
MO,2017,9,21137,60410,36625,1051928,81547,1088553,6374,5788,530,176,164,5593,363,6296,.083703943,1,0,9/1/17,9/30/17,9/1/17
MO,2017,10,21137,60410,36625,1051928,81547,1088553,6202,5629,532,193,168,5410,364,6135,.086715564,1,0,10/1/17,10/31/17,10/1/17
MO,2017,11,21137,60410,36625,1051928,81547,1088553,6027,5500,490,185,165,5295,324,5969,.081923269,1,0,11/1/17,11/30/17,11/1/17
MO,2017,12,21137,60410,36625,1051928,81547,1088553,5934,5381,513,190,168,5172,341,5871,.086697325,1,0,12/1/17,12/31/17,12/1/17
MO,2018,1,23653,61418,31242,1055086,85071,1086328,6052,5487,517,192,161,5270,356,5979,.086469308,1,0,1/1/18,1/31/18,1/1/18
MO,2018,2,23653,61418,31242,1055086,85071,1086328,5468,4994,444,164,171,4804,271,5410,.081700556,1,0,2/1/18,2/28/18,2/1/18
MO,2018,3,23653,61418,31242,1055086,85071,1086328,6009,5453,516,172,184,5258,332,5946,.086781032,1,0,3/1/18,3/31/18,3/1/18
MO,2018,4,23653,61418,31242,1055086,85071,1086328,5724,5190,504,186,152,4987,352,5677,.088779286,1,0,4/1/18,4/30/18,4/1/18
MO,2018,5,23653,61418,31242,1055086,85071,1086328,6347,5777,544,180,157,5577,386,6300,.086190477,1,0,5/1/18,5/31/18,5/1/18
MO,2018,6,23653,61418,31242,1055086,85071,1086328,6263,5710,522,194,161,5503,358,6216,.083494209,1,0,6/1/18,6/30/18,6/1/18
MO,2018,7,23653,61418,31242,1055086,85071,1086328,6418,5839,543,195,182,5625,360,6362,.085193336,1,0,7/1/18,7/31/18,7/1/18
MO,2018,8,23653,61418,31242,1055086,85071,1086328,6712,6113,558,213,206,5882,350,6651,.083596453,1,0,8/1/18,8/31/18,8/1/18
MO,2018,9,23653,61418,31242,1055086,85071,1086328,6164,5607,517,165,189,5420,324,6098,.084125943,1,0,9/1/18,9/30/18,9/1/18
MO,2018,10,23653,61418,31242,1055086,85071,1086328,6222,5668,520,205,197,5452,322,6176,.084034972,1,0,10/1/18,10/31/18,10/1/18
MO,2018,11,23653,61418,31242,1055086,85071,1086328,5850,5288,530,191,196,5084,328,5799,.090360411,1,0,11/1/18,11/30/18,11/1/18
MO,2018,12,23653,61418,31242,1055086,85071,1086328,5921,5411,478,206,147,5186,331,5870,.081431001,1,0,12/1/18,12/31/18,12/1/18
MO,2019,1,20114,54120,38241,1065684,74234,1103925,5898,5351,505,181,179,5153,323,5836,.086017817,1,0,1/1/19,1/31/19,1/1/19
MO,2019,2,20114,54120,38241,1065684,74234,1103925,5308,4821,449,178,144,4629,302,5253,.084903866,1,0,2/1/19,2/28/19,2/1/19
MO,2019,3,20114,54120,38241,1065684,74234,1103925,5805,5270,491,175,149,5074,339,5737,.085061878,1,0,3/1/19,3/31/19,3/1/19
MO,2019,4,20114,54120,38241,1065684,74234,1103925,5877,5292,549,175,178,5104,369,5826,.09388946,1,0,4/1/19,4/30/19,4/1/19
MO,2019,5,20114,54120,38241,1065684,74234,1103925,6214,5678,510,177,166,5483,339,6165,.08191403,1,0,5/1/19,5/31/19,5/1/19
MO,2019,6,20114,54120,38241,1065684,74234,1103925,5883,5306,537,194,184,5098,348,5824,.091346152,1,0,6/1/19,6/30/19,6/1/19
MO,2019,7,20114,54120,38241,1065684,74234,1103925,6417,5866,500,194,179,5651,318,6342,.078366444,1,0,7/1/19,7/31/19,7/1/19
MO,2019,8,20114,54120,38241,1065684,74234,1103925,6631,6041,552,215,188,5804,358,6565,.08316832,1,0,8/1/19,8/31/19,8/1/19
MO,2019,9,20114,54120,38241,1065684,74234,1103925,6210,5653,517,203,199,5434,316,6152,.083712615,1,0,9/1/19,9/30/19,9/1/19
MO,2019,10,20114,54120,38241,1065684,74234,1103925,6256,5720,492,191,180,5513,308,6192,.07881137,1,0,10/1/19,10/31/19,10/1/19
MO,2019,11,20114,54120,38241,1065684,74234,1103925,5677,5153,484,198,153,4940,328,5619,.085602418,1,0,11/1/19,11/30/19,11/1/19
MO,2019,12,20114,54120,38241,1065684,74234,1103925,5826,5270,517,189,169,5063,347,5768,.089459084,1,0,12/1/19,12/31/19,12/1/19
MO,2020,1,21117,57100,38185,1058101,78217,1096286,5809,5293,479,192,160,5085,319,5756,.083217509,1,0,1/1/20,1/31/20,1/1/20
MO,2020,2,21117,57100,38185,1058101,78217,1096286,5437,4947,449,178,147,4759,300,5384,.083023772,1,0,2/1/20,2/28/20,2/1/20
MO,2020,3,21117,57100,38185,1058101,78217,1096286,5742,5232,467,164,168,5049,297,5678,.081895031,1,0,3/1/20,3/31/20,3/1/20
MO,2020,4,21117,57100,38185,1058101,78217,1096286,5548,5039,481,202,164,4827,315,5508,.086964414,1,0,4/1/20,4/30/20,4/1/20
MO,2020,5,21117,57100,38185,1058101,78217,1096286,5779,5247,498,204,187,5027,305,5723,.085968897,1,0,5/1/20,5/31/20,5/1/20
MO,2020,6,21117,57100,38185,1058101,78217,1096286,5864,5295,526,189,190,5091,332,5802,.089968979,1,0,6/1/20,6/30/20,6/1/20
MO,2020,7,21117,57100,38185,1058101,78217,1096286,6281,5724,517,217,190,5490,323,6220,.082475886,1,0,7/1/20,7/31/20,7/1/20
MO,2020,8,21117,57100,38185,1058101,78217,1096286,6322,5747,529,215,184,5511,340,6250,.083839998,1,0,8/1/20,8/31/20,8/1/20
MO,2020,9,21117,57100,38185,1058101,78217,1096286,5911,5379,490,227,173,5130,316,5846,.083646938,1,0,9/1/20,9/30/20,9/1/20
MO,2020,10,21117,57100,38185,1058101,78217,1096286,5808,5249,525,208,179,5027,342,5756,.090514243,1,0,10/1/20,10/31/20,10/1/20
MO,2020,11,21117,57100,38185,1058101,78217,1096286,5177,4685,459,190,146,4475,311,5122,.08922296,1,0,11/1/20,11/30/20,11/1/20
MO,2020,12,21117,57100,38185,1058101,78217,1096286,5495,5036,423,196,146,4821,274,5437,.077248484,1,0,12/1/20,12/31/20,12/1/20
MO,2021,1,21832,50383,41202,1075663,72215,1116865,5420,4912,481,205,174,4692,304,5375,.088930234,1,0,1/1/21,1/31/21,1/1/21
MO,2021,2,21832,50383,41202,1075663,72215,1116865,4990,4555,404,186,125,4358,279,4948,.081649154,1,0,2/1/21,2/28/21,2/1/21
MO,2021,3,21832,50383,41202,1075663,72215,1116865,5859,5339,493,208,167,5115,324,5814,.084451325,1,0,3/1/21,3/31/21,3/1/21
MO,2021,4,21832,50383,41202,1075663,72215,1116865,5509,5030,445,205,145,4801,298,5449,.08129932,1,0,4/1/21,4/30/21,4/1/21
MO,2021,5,21832,50383,41202,1075663,72215,1116865,5843,5337,470,191,182,5121,286,5780,.080968857,1,0,5/1/21,5/31/21,5/1/21
MO,2021,6,21832,50383,41202,1075663,72215,1116865,6039,5487,486,226,165,5232,320,5943,.081608616,1,0,6/1/21,6/30/21,6/1/21
MO,2021,7,21832,50383,41202,1075663,72215,1116865,6274,5665,507,212,199,5418,303,6132,.081865624,1,0,7/1/21,7/31/21,7/1/21
MO,2021,8,21832,50383,41202,1075663,72215,1116865,6226,5542,557,211,208,5278,340,6037,.09077356,1,0,8/1/21,8/31/21,8/1/21
MO,2021,9,21832,50383,41202,1075663,72215,1116865,6028,5442,469,191,172,5220,293,5876,.079135463,1,0,9/1/21,9/30/21,9/1/21
MO,2021,10,21832,50383,41202,1075663,72215,1116865,5900,5278,503,203,192,5035,305,5735,.086660855,1,0,10/1/21,10/31/21,10/1/21
MO,2021,11,21832,50383,41202,1075663,72215,1116865,5529,4951,458,192,173,4729,279,5373,.084124327,1,0,11/1/21,11/30/21,11/1/21
MO,2021,12,21832,50383,41202,1075663,72215,1116865,5705,5110,493,233,167,4845,323,5568,.088002875,1,0,12/1/21,12/31/21,12/1/21
MO,2022,1,21625,56134,52696,1067773,77759,1120469,5428,4872,474,222,164,4622,306,5314,.088445619,1,0,1/1/22,1/31/22,1/1/22
MO,2022,2,21625,56134,52696,1067773,77759,1120469,5030,4476,475,178,178,4279,291,4926,.095209092,1,0,2/1/22,2/28/22,2/1/22
MO,2022,3,21625,56134,52696,1067773,77759,1120469,5770,5176,508,225,196,4923,307,5651,.089010797,1,0,3/1/22,3/31/22,3/1/22
MO,2022,4,21625,56134,52696,1067773,77759,1120469,5444,4856,512,200,178,4635,327,5340,.094569288,1,0,4/1/22,4/30/22,4/1/22
MO,2022,5,21625,56134,52696,1067773,77759,1120469,5549,4951,526,214,195,4709,327,5445,.095867768,1,0,5/1/22,5/31/22,5/1/22
MO,2022,6,21625,56134,52696,1067773,77759,1120469,5933,5311,527,241,183,5051,338,5813,.0896267,1,0,6/1/22,6/30/22,6/1/22
MO,2022,7,21625,56134,52696,1067773,77759,1120469,6143,5492,558,270,224,5199,329,6022,.091829956,1,0,7/1/22,7/31/22,7/1/22
MO,2022,8,21625,56134,52696,1067773,77759,1120469,6390,5730,545,248,217,5458,323,6246,.08645533,1,0,8/1/22,8/31/22,8/1/22
MO,2022,9,21625,56134,52696,1067773,77759,1120469,5948,5307,549,239,210,5045,334,5828,.093342483,1,0,9/1/22,9/30/22,9/1/22
MO,2022,10,21625,56134,52696,1067773,77759,1120469,5713,5100,524,218,201,4862,316,5597,.092370912,1,0,10/1/22,10/31/22,10/1/22
MO,2022,11,21625,56134,52696,1067773,77759,1120469,5570,4949,549,233,225,4700,320,5478,.099488862,1,0,11/1/22,11/30/22,11/1/22
MO,2022,12,21625,56134,52696,1067773,77759,1120469,5932,5278,557,244,220,5019,329,5812,.094459735,1,0,12/1/22,12/31/22,12/1/22
MO,2023,1,22580,63120,53336,1071290,85700,1124626,5569,4937,514,229,196,4670,311,5406,.093784682,1,0,1/1/23,1/31/23,1/1/23
MO,2023,2,22580,63120,53336,1071290,85700,1124626,5004,4449,482,199,180,4225,293,4897,.096589752,1,1,2/1/23,2/28/23,2/1/23
MO,2023,3,22580,63120,53336,1071290,85700,1124626,5559,4923,542,228,211,4668,317,5424,.097345136,1,1,3/1/23,3/31/23,3/1/23
MO,2023,4,22580,63120,53336,1071290,85700,1124626,5153,4592,466,194,166,4373,297,5030,.092047714,1,1,4/1/23,4/30/23,4/1/23
MO,2023,5,22580,63120,53336,1071290,85700,1124626,5650,5035,532,219,219,4799,305,5542,.094550706,1,1,5/1/23,5/31/23,5/1/23
MO,2023,6,22580,63120,53336,1071290,85700,1124626,5617,5013,536,253,227,4738,303,5521,.095997103,1,1,6/1/23,6/30/23,6/1/23
MO,2023,7,22580,63120,53336,1071290,85700,1124626,5897,5280,553,264,209,4981,336,5790,.094127804,1,1,7/1/23,7/31/23,7/1/23
MO,2023,8,22580,63120,53336,1071290,85700,1124626,6082,5416,582,230,242,5164,332,5968,.096179627,1,1,8/1/23,8/31/23,8/1/23
MO,2023,9,22580,63120,53336,1071290,85700,1124626,5590,4951,578,246,242,4679,328,5495,.10373066,1,1,9/1/23,9/30/23,9/1/23
MO,2023,10,22580,63120,53336,1071290,85700,1124626,5812,5167,569,239,247,4898,317,5701,.098930009,1,1,10/1/23,10/31/23,10/1/23
MO,2023,11,22580,63120,53336,1071290,85700,1124626,5577,4950,556,255,231,4674,318,5478,.10021906,1,1,11/1/23,11/30/23,11/1/23
MO,2023,12,22580,63120,53336,1071290,85700,1124626,5460,4798,591,229,235,4548,347,5359,.10860235,1,1,12/1/23,12/31/23,12/1/23
MS,2016,1,8675,11235,11362,572391,19910,583753,3093,2927,163,36,103,2891,60,3090,.052750807,1,0,1/1/16,1/31/16,1/1/16
MS,2016,2,8675,11235,11362,572391,19910,583753,2964,2805,156,46,94,2759,62,2961,.052684903,1,0,2/1/16,2/28/16,2/1/16
MS,2016,3,8675,11235,11362,572391,19910,583753,3197,3026,170,48,86,2978,84,3196,.05319149,1,0,3/1/16,3/31/16,3/1/16
MS,2016,4,8675,11235,11362,572391,19910,583753,2778,2622,154,33,90,2588,64,2775,.055495497,1,0,4/1/16,4/30/16,4/1/16
MS,2016,5,8675,11235,11362,572391,19910,583753,2993,2841,149,37,79,2804,70,2990,.049832776,1,0,5/1/16,5/31/16,5/1/16
MS,2016,6,8675,11235,11362,572391,19910,583753,3153,2976,176,44,98,2931,78,3151,.055855285,1,0,6/1/16,6/30/16,6/1/16
MS,2016,7,8675,11235,11362,572391,19910,583753,3270,3081,187,38,115,3043,72,3268,.057221543,1,0,7/1/16,7/31/16,7/1/16
MS,2016,8,8675,11235,11362,572391,19910,583753,3499,3308,186,47,102,3261,84,3494,.053234115,1,0,8/1/16,8/31/16,8/1/16
MS,2016,9,8675,11235,11362,572391,19910,583753,3303,3134,165,42,100,3090,65,3297,.050045498,1,0,9/1/16,9/30/16,9/1/16
MS,2016,10,8675,11235,11362,572391,19910,583753,3281,3104,176,47,104,3057,72,3280,.053658538,1,0,10/1/16,10/31/16,10/1/16
MS,2016,11,8675,11235,11362,572391,19910,583753,3088,2922,159,39,86,2883,73,3081,.051606622,1,0,11/1/16,11/30/16,11/1/16
MS,2016,12,8675,11235,11362,572391,19910,583753,3233,3047,184,44,102,3003,82,3231,.056948312,1,0,12/1/16,12/31/16,12/1/16
MS,2017,1,9591,10840,9448,563165,20431,572613,3163,2968,192,40,110,2928,82,3160,.060759492,1,0,1/1/17,1/31/17,1/1/17
MS,2017,2,9591,10840,9448,563165,20431,572613,2812,2667,141,34,85,2633,56,2808,.050213676,1,0,2/1/17,2/28/17,2/1/17
MS,2017,3,9591,10840,9448,563165,20431,572613,3016,2864,148,36,86,2828,62,3012,.049136788,1,0,3/1/17,3/31/17,3/1/17
MS,2017,4,9591,10840,9448,563165,20431,572613,2607,2467,139,41,67,2425,72,2605,.053358924,1,0,4/1/17,4/30/17,4/1/17
MS,2017,5,9591,10840,9448,563165,20431,572613,3007,2817,188,39,120,2778,68,3005,.062562399,1,0,5/1/17,5/31/17,5/1/17
MS,2017,6,9591,10840,9448,563165,20431,572613,3040,2850,189,52,106,2798,83,3039,.062191509,1,0,6/1/17,6/30/17,6/1/17
MS,2017,7,9591,10840,9448,563165,20431,572613,3239,3058,176,51,96,3005,80,3232,.054455444,1,0,7/1/17,7/31/17,7/1/17
MS,2017,8,9591,10840,9448,563165,20431,572613,3531,3360,168,53,97,3307,70,3527,.047349021,1,0,8/1/17,8/31/17,8/1/17
MS,2017,9,9591,10840,9448,563165,20431,572613,3312,3135,173,39,95,3096,78,3308,.052297462,1,0,9/1/17,9/30/17,9/1/17
MS,2017,10,9591,10840,9448,563165,20431,572613,3154,2971,182,36,99,2935,83,3153,.057722803,1,0,10/1/17,10/31/17,10/1/17
MS,2017,11,9591,10840,9448,563165,20431,572613,3222,3068,147,40,89,3027,58,3214,.045737401,1,0,11/1/17,11/30/17,11/1/17
MS,2017,12,9591,10840,9448,563165,20431,572613,3182,3010,164,44,88,2966,76,3174,.051669817,1,0,12/1/17,12/31/17,12/1/17
MS,2018,1,9288,12340,9796,567221,21628,577017,3123,2963,154,46,91,2916,63,3116,.049422335,1,0,1/1/18,1/31/18,1/1/18
MS,2018,2,9288,12340,9796,567221,21628,577017,2859,2724,132,36,78,2688,54,2856,.046218488,1,0,2/1/18,2/28/18,2/1/18
MS,2018,3,9288,12340,9796,567221,21628,577017,3015,2844,165,52,99,2792,66,3009,.054835495,1,0,3/1/18,3/31/18,3/1/18
MS,2018,4,9288,12340,9796,567221,21628,577017,2753,2618,132,47,75,2571,57,2750,.048,1,0,4/1/18,4/30/18,4/1/18
MS,2018,5,9288,12340,9796,567221,21628,577017,3008,2836,171,45,93,2790,78,3006,.056886226,1,0,5/1/18,5/31/18,5/1/18
MS,2018,6,9288,12340,9796,567221,21628,577017,3040,2856,182,35,105,2820,77,3037,.05992756,1,0,6/1/18,6/30/18,6/1/18
MS,2018,7,9288,12340,9796,567221,21628,577017,3126,2974,149,33,86,2941,63,3123,.047710534,1,0,7/1/18,7/31/18,7/1/18
MS,2018,8,9288,12340,9796,567221,21628,577017,3445,3274,170,54,96,3219,74,3443,.049375545,1,0,8/1/18,8/31/18,8/1/18
MS,2018,9,9288,12340,9796,567221,21628,577017,3137,2965,168,49,99,2916,69,3133,.053622726,1,0,9/1/18,9/30/18,9/1/18
MS,2018,10,9288,12340,9796,567221,21628,577017,3157,3005,149,44,86,2958,63,3151,.047286578,1,0,10/1/18,10/31/18,10/1/18
MS,2018,11,9288,12340,9796,567221,21628,577017,3096,2926,166,46,111,2876,55,3088,.053756475,1,0,11/1/18,11/30/18,11/1/18
MS,2018,12,9288,12340,9796,567221,21628,577017,3165,3009,150,57,94,2952,56,3159,.047483381,1,0,12/1/18,12/31/18,12/1/18
MS,2019,1,10716,11493,9526,556454,22209,565980,3173,3017,155,43,92,2974,63,3172,.048865069,1,0,1/1/19,1/31/19,1/1/19
MS,2019,2,10716,11493,9526,556454,22209,565980,2662,2520,139,43,78,2477,61,2659,.052275293,1,0,2/1/19,2/28/19,2/1/19
MS,2019,3,10716,11493,9526,556454,22209,565980,2850,2702,142,57,87,2645,55,2844,.049929675,1,0,3/1/19,3/31/19,3/1/19
MS,2019,4,10716,11493,9526,556454,22209,565980,2805,2660,141,44,80,2613,61,2798,.050393138,1,0,4/1/19,4/30/19,4/1/19
MS,2019,5,10716,11493,9526,556454,22209,565980,2915,2750,161,37,103,2713,57,2910,.054982819,1,0,5/1/19,5/31/19,5/1/19
MS,2019,6,10716,11493,9526,556454,22209,565980,2793,2643,148,48,87,2595,61,2791,.053027589,1,0,6/1/19,6/30/19,6/1/19
MS,2019,7,10716,11493,9526,556454,22209,565980,3367,3199,168,43,101,3155,67,3366,.049910873,1,0,7/1/19,7/31/19,7/1/19
MS,2019,8,10716,11493,9526,556454,22209,565980,3368,3198,167,48,115,3150,52,3365,.04962853,1,0,8/1/19,8/31/19,8/1/19
MS,2019,9,10716,11493,9526,556454,22209,565980,3246,3069,176,66,107,3003,69,3245,.054237287,1,0,9/1/19,9/30/19,9/1/19
MS,2019,10,10716,11493,9526,556454,22209,565980,3249,3063,183,46,105,3017,78,3246,.056377079,1,0,10/1/19,10/31/19,10/1/19
MS,2019,11,10716,11493,9526,556454,22209,565980,2898,2747,147,46,81,2701,66,2894,.050794747,1,0,11/1/19,11/30/19,11/1/19
MS,2019,12,10716,11493,9526,556454,22209,565980,3245,3073,168,38,107,3034,61,3240,.05185185,1,0,12/1/19,12/31/19,12/1/19
MS,2020,1,9394,11911,10827,558653,21305,569480,3106,2911,193,47,118,2864,75,3104,.062177837,1,0,1/1/20,1/31/20,1/1/20
MS,2020,2,9394,11911,10827,558653,21305,569480,2679,2522,155,47,97,2474,58,2676,.057922274,1,0,2/1/20,2/28/20,2/1/20
MS,2020,3,9394,11911,10827,558653,21305,569480,2893,2734,157,59,86,2674,71,2890,.05432526,1,0,3/1/20,3/31/20,3/1/20
MS,2020,4,9394,11911,10827,558653,21305,569480,2697,2541,154,36,102,2505,52,2695,.057142857,1,0,4/1/20,4/30/20,4/1/20
MS,2020,5,9394,11911,10827,558653,21305,569480,2772,2637,135,43,76,2594,59,2772,.048701297,1,0,5/1/20,5/31/20,5/1/20
MS,2020,6,9394,11911,10827,558653,21305,569480,3015,2850,163,39,98,2811,65,3013,.054098904,1,0,6/1/20,6/30/20,6/1/20
MS,2020,7,9394,11911,10827,558653,21305,569480,3137,2992,144,36,83,2956,61,3136,.045918368,1,0,7/1/20,7/31/20,7/1/20
MS,2020,8,9394,11911,10827,558653,21305,569480,3133,2982,149,45,84,2937,65,3131,.047588632,1,0,8/1/20,8/31/20,8/1/20
MS,2020,9,9394,11911,10827,558653,21305,569480,3159,2970,186,42,113,2927,73,3155,.058954041,1,0,9/1/20,9/30/20,9/1/20
MS,2020,10,9394,11911,10827,558653,21305,569480,3054,2885,166,49,108,2835,58,3050,.05442623,1,0,10/1/20,10/31/20,10/1/20
MS,2020,11,9394,11911,10827,558653,21305,569480,2832,2695,133,48,79,2647,54,2828,.047029704,1,0,11/1/20,11/30/20,11/1/20
MS,2020,12,9394,11911,10827,558653,21305,569480,2928,2773,153,45,92,2727,61,2925,.052307691,1,0,12/1/20,12/31/20,12/1/20
MS,2021,1,10347,10188,11203,551049,20535,562252,2734,2598,135,46,92,2551,43,2732,.049414348,1,0,1/1/21,1/31/21,1/1/21
MS,2021,2,10347,10188,11203,551049,20535,562252,2645,2505,138,49,82,2454,56,2641,.052252933,1,0,2/1/21,2/28/21,2/1/21
MS,2021,3,10347,10188,11203,551049,20535,562252,2914,2767,146,57,83,2709,63,2912,.050137363,1,0,3/1/21,3/31/21,3/1/21
MS,2021,4,10347,10188,11203,551049,20535,562252,2599,2444,153,35,95,2409,58,2597,.058914132,1,0,4/1/21,4/30/21,4/1/21
MS,2021,5,10347,10188,11203,551049,20535,562252,2755,2610,141,49,93,2561,48,2751,.05125409,1,0,5/1/21,5/31/21,5/1/21
MS,2021,6,10347,10188,11203,551049,20535,562252,2993,2820,168,61,104,2757,64,2986,.05626256,1,0,6/1/21,6/30/21,6/1/21
MS,2021,7,10347,10188,11203,551049,20535,562252,3107,2932,172,55,114,2877,58,3104,.055412371,1,0,7/1/21,7/31/21,7/1/21
MS,2021,8,10347,10188,11203,551049,20535,562252,3180,2976,198,51,103,2925,95,3174,.062381852,1,0,8/1/21,8/31/21,8/1/21
MS,2021,9,10347,10188,11203,551049,20535,562252,3168,3000,165,58,93,2942,72,3165,.0521327,1,0,9/1/21,9/30/21,9/1/21
MS,2021,10,10347,10188,11203,551049,20535,562252,3115,2936,175,58,102,2878,73,3111,.05625201,1,0,10/1/21,10/31/21,10/1/21
MS,2021,11,10347,10188,11203,551049,20535,562252,2885,2749,131,42,79,2706,52,2879,.04550191,1,0,11/1/21,11/30/21,11/1/21
MS,2021,12,10347,10188,11203,551049,20535,562252,2979,2823,152,54,91,2768,61,2974,.051109616,1,0,12/1/21,12/31/21,12/1/21
MS,2022,1,8332,10451,13568,553693,18783,567261,2845,2664,180,50,120,2614,60,2844,.06329114,1,0,1/1/22,1/31/22,1/1/22
MS,2022,2,8332,10451,13568,553693,18783,567261,2651,2491,158,46,111,2445,47,2649,.05964515,1,0,2/1/22,2/28/22,2/1/22
MS,2022,3,8332,10451,13568,553693,18783,567261,2817,2653,159,57,85,2595,74,2811,.0565635,1,0,3/1/22,3/31/22,3/1/22
MS,2022,4,8332,10451,13568,553693,18783,567261,2560,2399,160,44,95,2353,65,2557,.062573329,1,0,4/1/22,4/30/22,4/1/22
MS,2022,5,8332,10451,13568,553693,18783,567261,2654,2482,170,61,98,2421,72,2652,.064102568,1,0,5/1/22,5/31/22,5/1/22
MS,2022,6,8332,10451,13568,553693,18783,567261,2855,2690,165,52,91,2638,74,2855,.057793345,1,0,6/1/22,6/30/22,6/1/22
MS,2022,7,8332,10451,13568,553693,18783,567261,3020,2832,182,56,120,2775,61,3012,.060092963,1,0,7/1/22,7/31/22,7/1/22
MS,2022,8,8332,10451,13568,553693,18783,567261,3385,3186,196,57,118,3129,78,3382,.057953872,1,0,8/1/22,8/31/22,8/1/22
MS,2022,9,8332,10451,13568,553693,18783,567261,2980,2785,194,51,129,2734,65,2979,.065122522,1,0,9/1/22,9/30/22,9/1/22
MS,2022,10,8332,10451,13568,553693,18783,567261,2777,2611,165,46,95,2565,70,2776,.059438039,1,0,10/1/22,10/31/22,10/1/22
MS,2022,11,8332,10451,13568,553693,18783,567261,2918,2777,136,49,100,2727,36,2912,.046703298,1,0,11/1/22,11/30/22,11/1/22
MS,2022,12,8332,10451,13568,553693,18783,567261,3127,2935,189,59,130,2876,59,3124,.060499359,1,0,12/1/22,12/31/22,12/1/22
MS,2023,1,10930,13000,16401,543531,23930,559932,3043,2858,179,65,112,2793,67,3037,.058939744,1,0,1/1/23,1/31/23,1/1/23
MS,2023,2,10930,13000,16401,543531,23930,559932,2565,2413,151,51,94,2361,57,2563,.058915332,1,1,2/1/23,2/28/23,2/1/23
MS,2023,3,10930,13000,16401,543531,23930,559932,2814,2646,163,58,98,2588,65,2809,.058027767,1,1,3/1/23,3/31/23,3/1/23
MS,2023,4,10930,13000,16401,543531,23930,559932,2545,2367,176,63,108,2304,68,2543,.069209598,1,1,4/1/23,4/30/23,4/1/23
MS,2023,5,10930,13000,16401,543531,23930,559932,2786,2615,171,59,123,2556,48,2786,.061378319,1,1,5/1/23,5/31/23,5/1/23
MS,2023,6,10930,13000,16401,543531,23930,559932,2982,2792,190,55,114,2737,76,2982,.063715629,1,1,6/1/23,6/30/23,6/1/23
MS,2023,7,10930,13000,16401,543531,23930,559932,2949,2736,211,55,141,2681,70,2947,.071598232,1,1,7/1/23,7/31/23,7/1/23
MS,2023,8,10930,13000,16401,543531,23930,559932,3189,3009,174,43,116,2965,58,3182,.05468259,1,1,8/1/23,8/31/23,8/1/23
MS,2023,9,10930,13000,16401,543531,23930,559932,2928,2737,186,60,121,2677,65,2923,.063633256,1,1,9/1/23,9/30/23,9/1/23
MS,2023,10,10930,13000,16401,543531,23930,559932,2959,2768,188,67,128,2700,60,2955,.063620985,1,1,10/1/23,10/31/23,10/1/23
MS,2023,11,10930,13000,16401,543531,23930,559932,2826,2628,196,58,138,2570,58,2824,.069405101,1,1,11/1/23,11/30/23,11/1/23
MS,2023,12,10930,13000,16401,543531,23930,559932,2808,2638,169,67,117,2571,51,2806,.059871703,1,1,12/1/23,12/31/23,12/1/23
MT,2016,1,1038,7579,6654,170563,8617,177217,914,865,49,31,9,834,40,914,.053610504,0,0,1/1/16,1/31/16,1/1/16
MT,2016,2,1038,7579,6654,170563,8617,177217,968,918,50,36,10,881,40,967,.051706307,0,0,2/1/16,2/28/16,2/1/16
MT,2016,3,1038,7579,6654,170563,8617,177217,1022,977,45,29,10,946,35,1020,.044117648,0,0,3/1/16,3/31/16,3/1/16
MT,2016,4,1038,7579,6654,170563,8617,177217,1007,965,42,30,7,932,35,1004,.041832671,0,0,4/1/16,4/30/16,4/1/16
MT,2016,5,1038,7579,6654,170563,8617,177217,1102,1062,40,37,7,1022,33,1099,.036396723,0,0,5/1/16,5/31/16,5/1/16
MT,2016,6,1038,7579,6654,170563,8617,177217,1083,1047,36,50,6,992,29,1077,.032497678,0,0,6/1/16,6/30/16,6/1/16
MT,2016,7,1038,7579,6654,170563,8617,177217,1099,1051,48,32,11,1014,37,1094,.043875687,0,0,7/1/16,7/31/16,7/1/16
MT,2016,8,1038,7579,6654,170563,8617,177217,1124,1078,45,39,4,1035,41,1119,.040214479,0,0,8/1/16,8/31/16,8/1/16
MT,2016,9,1038,7579,6654,170563,8617,177217,1071,1027,44,42,13,983,31,1069,.041159961,0,0,9/1/16,9/30/16,9/1/16
MT,2016,10,1038,7579,6654,170563,8617,177217,974,933,41,36,10,890,31,967,.042399172,0,0,10/1/16,10/31/16,10/1/16
MT,2016,11,1038,7579,6654,170563,8617,177217,959,925,34,35,8,883,26,952,.035714287,0,0,11/1/16,11/30/16,11/1/16
MT,2016,12,1038,7579,6654,170563,8617,177217,933,885,48,43,11,840,37,931,.051557466,0,0,12/1/16,12/31/16,12/1/16
MT,2017,1,2641,6508,7387,177296,9149,184683,964,923,41,44,9,870,31,954,.04192872,0,0,1/1/17,1/31/17,1/1/17
MT,2017,2,2641,6508,7387,177296,9149,184683,848,817,31,37,8,779,22,846,.035460994,0,0,2/1/17,2/28/17,2/1/17
MT,2017,3,2641,6508,7387,177296,9149,184683,1033,1001,32,46,5,952,27,1030,.031067962,0,0,3/1/17,3/31/17,3/1/17
MT,2017,4,2641,6508,7387,177296,9149,184683,955,910,45,39,9,869,36,953,.047219306,0,0,4/1/17,4/30/17,4/1/17
MT,2017,5,2641,6508,7387,177296,9149,184683,1080,1042,38,37,7,1001,31,1076,.035315987,0,0,5/1/17,5/31/17,5/1/17
MT,2017,6,2641,6508,7387,177296,9149,184683,1052,1006,45,41,7,961,38,1047,.042979944,0,0,6/1/17,6/30/17,6/1/17
MT,2017,7,2641,6508,7387,177296,9149,184683,1012,964,48,50,10,913,38,1011,.047477745,0,0,7/1/17,7/31/17,7/1/17
MT,2017,8,2641,6508,7387,177296,9149,184683,1039,984,55,39,9,945,46,1039,.052935515,0,0,8/1/17,8/31/17,8/1/17
MT,2017,9,2641,6508,7387,177296,9149,184683,973,927,46,45,12,877,34,968,.04752066,0,0,9/1/17,9/30/17,9/1/17
MT,2017,10,2641,6508,7387,177296,9149,184683,957,917,40,35,7,881,33,956,.041841004,0,0,10/1/17,10/31/17,10/1/17
MT,2017,11,2641,6508,7387,177296,9149,184683,901,865,36,38,6,825,30,899,.040044494,0,0,11/1/17,11/30/17,11/1/17
MT,2017,12,2641,6508,7387,177296,9149,184683,954,904,50,30,9,872,41,952,.052521009,0,0,12/1/17,12/31/17,12/1/17
MT,2018,1,2825,4820,7748,177841,7645,185589,969,929,40,41,6,885,32,964,.039419089,0,0,1/1/18,1/31/18,1/1/18
MT,2018,2,2825,4820,7748,177841,7645,185589,910,873,37,40,3,832,34,909,.040704072,0,0,2/1/18,2/28/18,2/1/18
MT,2018,3,2825,4820,7748,177841,7645,185589,1000,953,47,39,6,910,41,996,.047188755,0,0,3/1/18,3/31/18,3/1/18
MT,2018,4,2825,4820,7748,177841,7645,185589,932,888,44,43,6,842,38,929,.047362756,0,0,4/1/18,4/30/18,4/1/18
MT,2018,5,2825,4820,7748,177841,7645,185589,990,953,37,35,8,915,29,987,.037487336,0,0,5/1/18,5/31/18,5/1/18
MT,2018,6,2825,4820,7748,177841,7645,185589,1001,953,48,35,6,915,42,998,.048096191,0,0,6/1/18,6/30/18,6/1/18
MT,2018,7,2825,4820,7748,177841,7645,185589,1010,972,38,41,3,928,35,1007,.03773585,0,0,7/1/18,7/31/18,7/1/18
MT,2018,8,2825,4820,7748,177841,7645,185589,1063,1001,62,50,13,949,49,1061,.05843544,0,0,8/1/18,8/31/18,8/1/18
MT,2018,9,2825,4820,7748,177841,7645,185589,914,882,32,39,5,842,27,913,.035049289,0,0,9/1/18,9/30/18,9/1/18
MT,2018,10,2825,4820,7748,177841,7645,185589,907,871,36,30,10,841,26,907,.039691292,0,0,10/1/18,10/31/18,10/1/18
MT,2018,11,2825,4820,7748,177841,7645,185589,884,836,48,40,9,791,39,879,.054607507,0,0,11/1/18,11/30/18,11/1/18
MT,2018,12,2825,4820,7748,177841,7645,185589,915,875,40,43,7,830,33,913,.043811612,0,0,12/1/18,12/31/18,12/1/18
MT,2019,1,1015,4596,7257,182698,5611,189955,878,843,35,43,9,797,26,875,.039999999,0,0,1/1/19,1/31/19,1/1/19
MT,2019,2,1015,4596,7257,182698,5611,189955,857,822,35,44,5,776,30,855,.040935673,0,0,2/1/19,2/28/19,2/1/19
MT,2019,3,1015,4596,7257,182698,5611,189955,937,893,44,40,8,851,36,935,.047058824,0,0,3/1/19,3/31/19,3/1/19
MT,2019,4,1015,4596,7257,182698,5611,189955,910,864,46,43,10,820,36,909,.050605059,0,0,4/1/19,4/30/19,4/1/19
MT,2019,5,1015,4596,7257,182698,5611,189955,994,950,44,46,11,898,33,988,.044534411,0,0,5/1/19,5/31/19,5/1/19
MT,2019,6,1015,4596,7257,182698,5611,189955,955,907,48,57,11,848,37,953,.050367262,0,0,6/1/19,6/30/19,6/1/19
MT,2019,7,1015,4596,7257,182698,5611,189955,1009,962,47,50,12,911,35,1008,.046626985,0,0,7/1/19,7/31/19,7/1/19
MT,2019,8,1015,4596,7257,182698,5611,189955,977,941,36,35,9,905,27,976,.036885247,0,0,8/1/19,8/31/19,8/1/19
MT,2019,9,1015,4596,7257,182698,5611,189955,935,900,35,39,7,860,28,934,.037473232,0,0,9/1/19,9/30/19,9/1/19
MT,2019,10,1015,4596,7257,182698,5611,189955,901,866,35,40,9,826,26,901,.038845725,0,0,10/1/19,10/31/19,10/1/19
MT,2019,11,1015,4596,7257,182698,5611,189955,832,796,36,42,7,753,29,831,.0433213,0,0,11/1/19,11/30/19,11/1/19
MT,2019,12,1015,4596,7257,182698,5611,189955,867,828,39,32,6,795,33,866,.045034643,0,0,12/1/19,12/31/19,12/1/19
MT,2020,1,1799,6122,7791,177880,7921,185671,864,825,39,34,3,790,36,863,.045191195,0,0,1/1/20,1/31/20,1/1/20
MT,2020,2,1799,6122,7791,177880,7921,185671,880,844,36,36,5,808,31,880,.040909089,0,0,2/1/20,2/28/20,2/1/20
MT,2020,3,1799,6122,7791,177880,7921,185671,929,889,40,48,3,838,37,926,.043196544,0,0,3/1/20,3/31/20,3/1/20
MT,2020,4,1799,6122,7791,177880,7921,185671,913,871,42,38,10,833,32,913,.046002191,0,0,4/1/20,4/30/20,4/1/20
MT,2020,5,1799,6122,7791,177880,7921,185671,937,900,37,44,7,855,30,936,.039529916,0,0,5/1/20,5/31/20,5/1/20
MT,2020,6,1799,6122,7791,177880,7921,185671,966,928,38,43,6,885,32,966,.039337475,0,0,6/1/20,6/30/20,6/1/20
MT,2020,7,1799,6122,7791,177880,7921,185671,957,908,49,37,16,869,33,955,.0513089,0,0,7/1/20,7/31/20,7/1/20
MT,2020,8,1799,6122,7791,177880,7921,185671,927,885,42,39,12,845,29,925,.044324324,0,0,8/1/20,8/31/20,8/1/20
MT,2020,9,1799,6122,7791,177880,7921,185671,860,820,40,46,12,772,28,858,.046620045,0,0,9/1/20,9/30/20,9/1/20
MT,2020,10,1799,6122,7791,177880,7921,185671,862,827,35,43,7,783,28,861,.040650405,0,0,10/1/20,10/31/20,10/1/20
MT,2020,11,1799,6122,7791,177880,7921,185671,825,785,40,28,9,757,31,825,.048484847,0,0,11/1/20,11/30/20,11/1/20
MT,2020,12,1799,6122,7791,177880,7921,185671,855,824,31,39,4,785,27,855,.036257312,0,0,12/1/20,12/31/20,12/1/20
MT,2021,1,1193,7244,11174,187957,8437,199131,833,792,41,52,10,738,31,831,.049338147,0,0,1/1/21,1/31/21,1/1/21
MT,2021,2,1193,7244,11174,187957,8437,199131,826,788,38,38,7,750,31,826,.046004843,0,0,2/1/21,2/28/21,2/1/21
MT,2021,3,1193,7244,11174,187957,8437,199131,962,913,49,42,4,870,45,961,.050988555,0,0,3/1/21,3/31/21,3/1/21
MT,2021,4,1193,7244,11174,187957,8437,199131,953,902,50,43,7,859,43,952,.052521009,0,0,4/1/21,4/30/21,4/1/21
MT,2021,5,1193,7244,11174,187957,8437,199131,948,912,36,42,9,869,27,947,.038014784,0,0,5/1/21,5/31/21,5/1/21
MT,2021,6,1193,7244,11174,187957,8437,199131,1023,987,36,47,8,938,28,1021,.035259549,0,0,6/1/21,6/30/21,6/1/21
MT,2021,7,1193,7244,11174,187957,8437,199131,1008,972,36,54,5,918,31,1008,.035714287,0,0,7/1/21,7/31/21,7/1/21
MT,2021,8,1193,7244,11174,187957,8437,199131,961,919,41,43,12,875,29,959,.042752869,0,0,8/1/21,8/31/21,8/1/21
MT,2021,9,1193,7244,11174,187957,8437,199131,970,928,42,53,11,873,31,968,.04338843,0,0,9/1/21,9/30/21,9/1/21
MT,2021,10,1193,7244,11174,187957,8437,199131,901,857,44,50,14,805,30,899,.04894327,0,0,10/1/21,10/31/21,10/1/21
MT,2021,11,1193,7244,11174,187957,8437,199131,851,813,38,34,7,779,31,851,.044653349,0,0,11/1/21,11/30/21,11/1/21
MT,2021,12,1193,7244,11174,187957,8437,199131,971,926,44,41,13,883,31,968,.045454547,0,0,12/1/21,12/31/21,12/1/21
MT,2022,1,2773,8425,11358,188811,11198,200169,842,798,44,40,11,755,33,839,.052443385,0,0,1/1/22,1/31/22,1/1/22
MT,2022,2,2773,8425,11358,188811,11198,200169,832,791,41,38,12,752,29,831,.049338147,0,0,2/1/22,2/28/22,2/1/22
MT,2022,3,2773,8425,11358,188811,11198,200169,944,896,48,46,8,849,40,943,.050901379,0,0,3/1/22,3/31/22,3/1/22
MT,2022,4,2773,8425,11358,188811,11198,200169,889,851,37,45,7,806,30,888,.041666668,0,0,4/1/22,4/30/22,4/1/22
MT,2022,5,2773,8425,11358,188811,11198,200169,1013,972,41,55,9,915,32,1011,.040553909,0,0,5/1/22,5/31/22,5/1/22
MT,2022,6,2773,8425,11358,188811,11198,200169,1009,956,53,47,12,907,41,1007,.052631579,0,0,6/1/22,6/30/22,6/1/22
MT,2022,7,2773,8425,11358,188811,11198,200169,1011,963,48,63,12,895,35,1005,.046766169,0,0,7/1/22,7/31/22,7/1/22
MT,2022,8,2773,8425,11358,188811,11198,200169,946,909,36,59,7,850,29,945,.03809524,0,0,8/1/22,8/31/22,8/1/22
MT,2022,9,2773,8425,11358,188811,11198,200169,973,923,50,54,9,866,41,970,.051546391,0,0,9/1/22,9/30/22,9/1/22
MT,2022,10,2773,8425,11358,188811,11198,200169,884,834,50,32,9,802,40,883,.05549264,0,0,10/1/22,10/31/22,10/1/22
MT,2022,11,2773,8425,11358,188811,11198,200169,864,830,34,37,2,790,32,861,.039488968,0,0,11/1/22,11/30/22,11/1/22
MT,2022,12,2773,8425,11358,188811,11198,200169,943,894,49,49,14,843,35,941,.052072264,0,0,12/1/22,12/31/22,12/1/22
MT,2023,1,2441,5781,11680,192676,8222,204356,847,795,52,39,15,750,37,841,.061831154,0,0,1/1/23,1/31/23,1/1/23
MT,2023,2,2441,5781,11680,192676,8222,204356,834,800,34,48,9,747,25,829,.041013271,0,0,2/1/23,2/28/23,2/1/23
MT,2023,3,2441,5781,11680,192676,8222,204356,921,879,42,45,10,832,32,919,.04570185,0,0,3/1/23,3/31/23,3/1/23
MT,2023,4,2441,5781,11680,192676,8222,204356,904,864,40,34,12,829,28,903,.04429679,0,0,4/1/23,4/30/23,4/1/23
MT,2023,5,2441,5781,11680,192676,8222,204356,959,912,47,48,10,862,37,957,.04911181,0,0,5/1/23,5/31/23,5/1/23
MT,2023,6,2441,5781,11680,192676,8222,204356,954,906,48,51,16,852,32,951,.050473187,0,0,6/1/23,6/30/23,6/1/23
MT,2023,7,2441,5781,11680,192676,8222,204356,1035,990,44,58,14,928,29,1029,.041788142,0,0,7/1/23,7/31/23,7/1/23
MT,2023,8,2441,5781,11680,192676,8222,204356,958,903,55,39,16,861,39,955,.057591625,0,0,8/1/23,8/31/23,8/1/23
MT,2023,9,2441,5781,11680,192676,8222,204356,921,868,53,54,15,812,37,918,.056644879,0,0,9/1/23,9/30/23,9/1/23
MT,2023,10,2441,5781,11680,192676,8222,204356,978,921,57,43,20,871,37,971,.058702368,0,0,10/1/23,10/31/23,10/1/23
MT,2023,11,2441,5781,11680,192676,8222,204356,866,819,47,46,12,771,35,864,.054398149,0,0,11/1/23,11/30/23,11/1/23
MT,2023,12,2441,5781,11680,192676,8222,204356,885,845,40,29,17,807,23,876,.045662101,0,0,12/1/23,12/31/23,12/1/23
NC,2016,1,131088,118553,88672,1672649,249641,1761321,9741,7950,1750,407,1036,7534,714,9691,.18057992,0,0,1/1/16,1/31/16,1/1/16
NC,2016,2,131088,118553,88672,1672649,249641,1761321,9368,7671,1647,443,996,7226,650,9315,.17670424,0,0,2/1/16,2/28/16,2/1/16
NC,2016,3,131088,118553,88672,1672649,249641,1761321,9791,8101,1651,464,965,7629,686,9744,.1694376,0,0,3/1/16,3/31/16,3/1/16
NC,2016,4,131088,118553,88672,1672649,249641,1761321,9301,7619,1652,447,968,7158,682,9255,.17828201,0,0,4/1/16,4/30/16,4/1/16
NC,2016,5,131088,118553,88672,1672649,249641,1761321,9952,8224,1681,527,1031,7686,647,9891,.16964917,0,0,5/1/16,5/31/16,5/1/16
NC,2016,6,131088,118553,88672,1672649,249641,1761321,10157,8318,1794,467,1052,7843,740,10102,.17739062,0,0,6/1/16,6/30/16,6/1/16
NC,2016,7,131088,118553,88672,1672649,249641,1761321,10532,8705,1789,524,1081,8179,708,10492,.17051086,0,0,7/1/16,7/31/16,7/1/16
NC,2016,8,131088,118553,88672,1672649,249641,1761321,10993,9027,1926,532,1137,8485,788,10942,.17592762,0,0,8/1/16,8/31/16,8/1/16
NC,2016,9,131088,118553,88672,1672649,249641,1761321,10614,8784,1786,500,1051,8281,735,10567,.16901675,0,0,9/1/16,9/30/16,9/1/16
NC,2016,10,131088,118553,88672,1672649,249641,1761321,10159,8257,1845,495,1006,7753,839,10093,.18279997,0,0,10/1/16,10/31/16,10/1/16
NC,2016,11,131088,118553,88672,1672649,249641,1761321,9860,8074,1735,505,997,7565,738,9805,.17695053,0,0,11/1/16,11/30/16,11/1/16
NC,2016,12,131088,118553,88672,1672649,249641,1761321,10035,8232,1762,478,1030,7751,731,9990,.17627628,0,0,12/1/16,12/31/16,12/1/16
NC,2017,1,129416,131854,92126,1671760,261270,1763886,9645,7860,1739,493,1034,7361,704,9592,.18119267,0,0,1/1/17,1/31/17,1/1/17
NC,2017,2,129416,131854,92126,1671760,261270,1763886,8909,7318,1561,450,881,6866,676,8873,.17547616,0,0,2/1/17,2/28/17,2/1/17
NC,2017,3,129416,131854,92126,1671760,261270,1763886,9845,8101,1705,466,975,7628,730,9799,.17399734,0,0,3/1/17,3/31/17,3/1/17
NC,2017,4,129416,131854,92126,1671760,261270,1763886,9122,7463,1622,446,913,7010,709,9078,.17867371,0,0,4/1/17,4/30/17,4/1/17
NC,2017,5,129416,131854,92126,1671760,261270,1763886,9776,8026,1715,526,973,7496,742,9737,.17613228,0,0,5/1/17,5/31/17,5/1/17
NC,2017,6,129416,131854,92126,1671760,261270,1763886,10020,8195,1783,465,1057,7726,726,9974,.17876479,0,0,6/1/17,6/30/17,6/1/17
NC,2017,7,129416,131854,92126,1671760,261270,1763886,10391,8451,1911,563,1103,7881,805,10352,.18431221,0,0,7/1/17,7/31/17,7/1/17
NC,2017,8,129416,131854,92126,1671760,261270,1763886,11168,9226,1887,602,1072,8616,814,11104,.16984871,0,0,8/1/17,8/31/17,8/1/17
NC,2017,9,129416,131854,92126,1671760,261270,1763886,10655,8739,1873,564,1084,8161,787,10596,.17657606,0,0,9/1/17,9/30/17,9/1/17
NC,2017,10,129416,131854,92126,1671760,261270,1763886,10239,8471,1727,525,968,7936,758,10187,.16943163,0,0,10/1/17,10/31/17,10/1/17
NC,2017,11,129416,131854,92126,1671760,261270,1763886,10087,8327,1717,562,981,7762,734,10039,.17083375,0,0,11/1/17,11/30/17,11/1/17
NC,2017,12,129416,131854,92126,1671760,261270,1763886,9969,8185,1753,533,995,7650,758,9936,.17642915,0,0,12/1/17,12/31/17,12/1/17
NC,2018,1,125747,128124,104999,1686574,253871,1791573,9759,8007,1707,500,990,7502,717,9709,.17581625,0,0,1/1/18,1/31/18,1/1/18
NC,2018,2,125747,128124,104999,1686574,253871,1791573,8646,7172,1443,458,815,6705,628,8606,.16767372,0,0,2/1/18,2/28/18,2/1/18
NC,2018,3,125747,128124,104999,1686574,253871,1791573,9852,8161,1652,515,928,7640,724,9807,.1684511,0,0,3/1/18,3/31/18,3/1/18
NC,2018,4,125747,128124,104999,1686574,253871,1791573,9192,7632,1527,474,818,7154,706,9152,.16652098,0,0,4/1/18,4/30/18,4/1/18
NC,2018,5,125747,128124,104999,1686574,253871,1791573,9876,8120,1706,538,996,7579,710,9823,.17367403,0,0,5/1/18,5/31/18,5/1/18
NC,2018,6,125747,128124,104999,1686574,253871,1791573,10011,8217,1743,545,992,7668,751,9956,.17507032,0,0,6/1/18,6/30/18,6/1/18
NC,2018,7,125747,128124,104999,1686574,253871,1791573,10199,8381,1771,562,992,7817,779,10150,.17448276,0,0,7/1/18,7/31/18,7/1/18
NC,2018,8,125747,128124,104999,1686574,253871,1791573,10901,9036,1824,640,1086,8387,738,10851,.16809511,0,0,8/1/18,8/31/18,8/1/18
NC,2018,9,125747,128124,104999,1686574,253871,1791573,10420,8596,1788,566,1051,8026,737,10380,.17225434,0,0,9/1/18,9/30/18,9/1/18
NC,2018,10,125747,128124,104999,1686574,253871,1791573,10301,8494,1769,580,999,7910,770,10259,.17243396,0,0,10/1/18,10/31/18,10/1/18
NC,2018,11,125747,128124,104999,1686574,253871,1791573,9647,7954,1648,563,952,7386,696,9597,.17172033,0,0,11/1/18,11/30/18,11/1/18
NC,2018,12,125747,128124,104999,1686574,253871,1791573,9859,8163,1656,600,965,7557,691,9813,.16875573,0,0,12/1/18,12/31/18,12/1/18
NC,2019,1,125822,131590,109451,1707791,257412,1817242,10018,8280,1702,550,1000,7725,702,9977,.17059237,0,0,1/1/19,1/31/19,1/1/19
NC,2019,2,125822,131590,109451,1707791,257412,1817242,8743,7200,1512,469,861,6726,650,8706,.17355846,0,0,2/1/19,2/28/19,2/1/19
NC,2019,3,125822,131590,109451,1707791,257412,1817242,9714,8013,1660,578,930,7426,728,9662,.17160009,0,0,3/1/19,3/31/19,3/1/19
NC,2019,4,125822,131590,109451,1707791,257412,1817242,9258,7645,1573,527,864,7111,709,9211,.17077407,0,0,4/1/19,4/30/19,4/1/19
NC,2019,5,125822,131590,109451,1707791,257412,1817242,9992,8248,1707,642,957,7600,750,9949,.17157504,0,0,5/1/19,5/31/19,5/1/19
NC,2019,6,125822,131590,109451,1707791,257412,1817242,9506,7780,1691,577,1007,7198,684,9466,.17863934,0,0,6/1/19,6/30/19,6/1/19
NC,2019,7,125822,131590,109451,1707791,257412,1817242,10425,8620,1757,646,1049,7968,707,10370,.16933462,0,0,7/1/19,7/31/19,7/1/19
NC,2019,8,125822,131590,109451,1707791,257412,1817242,10915,9031,1843,697,1088,8326,754,10865,.1695352,0,0,8/1/19,8/31/19,8/1/19
NC,2019,9,125822,131590,109451,1707791,257412,1817242,10356,8499,1816,616,1085,7873,728,10302,.17598525,0,0,9/1/19,9/30/19,9/1/19
NC,2019,10,125822,131590,109451,1707791,257412,1817242,10149,8360,1744,578,970,7773,772,10093,.17259488,0,0,10/1/19,10/31/19,10/1/19
NC,2019,11,125822,131590,109451,1707791,257412,1817242,9409,7747,1622,556,983,7183,639,9361,.17327209,0,0,11/1/19,11/30/19,11/1/19
NC,2019,12,125822,131590,109451,1707791,257412,1817242,9980,8180,1756,609,998,7558,758,9923,.17696261,0,0,12/1/19,12/31/19,12/1/19
NC,2020,1,122411,131723,102326,1688124,254134,1790450,9803,8089,1662,611,953,7470,708,9742,.17049888,0,0,1/1/20,1/31/20,1/1/20
NC,2020,2,122411,131723,102326,1688124,254134,1790450,9126,7532,1562,579,888,6945,671,9083,.17163932,0,0,2/1/20,2/28/20,2/1/20
NC,2020,3,122411,131723,102326,1688124,254134,1790450,9763,8058,1661,572,949,7481,710,9712,.17081961,0,0,3/1/20,3/31/20,3/1/20
NC,2020,4,122411,131723,102326,1688124,254134,1790450,9290,7628,1617,586,962,7028,654,9230,.17508125,0,0,4/1/20,4/30/20,4/1/20
NC,2020,5,122411,131723,102326,1688124,254134,1790450,9621,7877,1688,621,1006,7250,681,9558,.17650136,0,0,5/1/20,5/31/20,5/1/20
NC,2020,6,122411,131723,102326,1688124,254134,1790450,9670,7981,1652,603,990,7367,660,9620,.17151767,0,0,6/1/20,6/30/20,6/1/20
NC,2020,7,122411,131723,102326,1688124,254134,1790450,10193,8292,1849,627,1093,7658,753,10131,.18221301,0,0,7/1/20,7/31/20,7/1/20
NC,2020,8,122411,131723,102326,1688124,254134,1790450,10473,8611,1825,653,1110,7953,714,10430,.17488015,0,0,8/1/20,8/31/20,8/1/20
NC,2020,9,122411,131723,102326,1688124,254134,1790450,10189,8416,1736,664,1028,7743,707,10142,.1710708,0,0,9/1/20,9/30/20,9/1/20
NC,2020,10,122411,131723,102326,1688124,254134,1790450,9779,8037,1683,653,992,7375,691,9711,.17330863,0,0,10/1/20,10/31/20,10/1/20
NC,2020,11,122411,131723,102326,1688124,254134,1790450,8845,7296,1509,594,868,6696,638,8796,.17121419,0,0,11/1/20,11/30/20,11/1/20
NC,2020,12,122411,131723,102326,1688124,254134,1790450,9688,8032,1612,627,954,7396,658,9635,.16730669,0,0,12/1/20,12/31/20,12/1/20
NC,2021,1,117921,130052,128211,1703281,247973,1831492,9250,7670,1534,566,919,7098,613,9196,.16659418,0,0,1/1/21,1/31/21,1/1/21
NC,2021,2,117921,130052,128211,1703281,247973,1831492,8776,7324,1416,596,802,6716,614,8728,.16223648,0,0,2/1/21,2/28/21,2/1/21
NC,2021,3,117921,130052,128211,1703281,247973,1831492,9680,8042,1595,667,916,7370,678,9631,.16550721,0,0,3/1/21,3/31/21,3/1/21
NC,2021,4,117921,130052,128211,1703281,247973,1831492,9544,8019,1484,629,857,7382,625,9493,.15611503,0,0,4/1/21,4/30/21,4/1/21
NC,2021,5,117921,130052,128211,1703281,247973,1831492,9789,8112,1634,671,938,7431,694,9734,.16765974,0,0,5/1/21,5/31/21,5/1/21
NC,2021,6,117921,130052,128211,1703281,247973,1831492,10219,8460,1725,711,948,7739,776,10174,.16945155,0,0,6/1/21,6/30/21,6/1/21
NC,2021,7,117921,130052,128211,1703281,247973,1831492,10574,8747,1771,727,1065,8011,705,10508,.16844308,0,0,7/1/21,7/31/21,7/1/21
NC,2021,8,117921,130052,128211,1703281,247973,1831492,10934,9058,1836,808,1088,8238,746,10880,.16856618,0,0,8/1/21,8/31/21,8/1/21
NC,2021,9,117921,130052,128211,1703281,247973,1831492,10732,8853,1833,766,1128,8076,703,10673,.17155439,0,0,9/1/21,9/30/21,9/1/21
NC,2021,10,117921,130052,128211,1703281,247973,1831492,10262,8353,1864,774,1127,7570,736,10207,.18252181,0,0,10/1/21,10/31/21,10/1/21
NC,2021,11,117921,130052,128211,1703281,247973,1831492,9932,8190,1695,729,1015,7451,678,9873,.17147776,0,0,11/1/21,11/30/21,11/1/21
NC,2021,12,117921,130052,128211,1703281,247973,1831492,10472,8523,1883,721,1141,7795,741,10398,.18099634,0,0,12/1/21,12/31/21,12/1/21
NC,2022,1,117599,143113,140582,1712338,260712,1852920,9996,8138,1805,733,1079,7397,726,9935,.18168093,0,0,1/1/22,1/31/22,1/1/22
NC,2022,2,117599,143113,140582,1712338,260712,1852920,9194,7469,1684,665,1037,6790,646,9138,.18417597,0,0,2/1/22,2/28/22,2/1/22
NC,2022,3,117599,143113,140582,1712338,260712,1852920,10188,8402,1734,751,1018,7643,714,10126,.17104484,0,0,3/1/22,3/31/22,3/1/22
NC,2022,4,117599,143113,140582,1712338,260712,1852920,9528,7832,1640,728,988,7097,650,9463,.17309521,0,0,4/1/22,4/30/22,4/1/22
NC,2022,5,117599,143113,140582,1712338,260712,1852920,9637,7865,1735,743,1009,7119,726,9597,.18078566,0,0,5/1/22,5/31/22,5/1/22
NC,2022,6,117599,143113,140582,1712338,260712,1852920,9779,7989,1739,764,1025,7218,712,9719,.17872208,0,0,6/1/22,6/30/22,6/1/22
NC,2022,7,117599,143113,140582,1712338,260712,1852920,10583,8636,1891,779,1177,7848,711,10515,.17955302,0,0,7/1/22,7/31/22,7/1/22
NC,2022,8,117599,143113,140582,1712338,260712,1852920,11211,9108,2052,853,1222,8246,828,11149,.183873,0,0,8/1/22,8/31/22,8/1/22
NC,2022,9,117599,143113,140582,1712338,260712,1852920,10487,8561,1875,799,1162,7756,713,10430,.17976989,0,0,9/1/22,9/30/22,9/1/22
NC,2022,10,117599,143113,140582,1712338,260712,1852920,9906,7906,1948,680,1155,7223,792,9850,.19766498,0,0,10/1/22,10/31/22,10/1/22
NC,2022,11,117599,143113,140582,1712338,260712,1852920,10238,8291,1908,788,1158,7496,749,10191,.18712589,0,0,11/1/22,11/30/22,11/1/22
NC,2022,12,117599,143113,140582,1712338,260712,1852920,10457,8558,1858,772,1139,7779,717,10407,.17834151,0,0,12/1/22,12/31/22,12/1/22
NC,2023,1,127285,138984,151494,1725449,266269,1876943,10137,8179,1914,783,1167,7394,745,10089,.18951333,0,0,1/1/23,1/31/23,1/1/23
NC,2023,2,127285,138984,151494,1725449,266269,1876943,8995,7321,1628,707,980,6612,648,8947,.18196043,0,0,2/1/23,2/28/23,2/1/23
NC,2023,3,127285,138984,151494,1725449,266269,1876943,9783,7920,1823,762,1075,7154,748,9739,.18718554,0,0,3/1/23,3/31/23,3/1/23
NC,2023,4,127285,138984,151494,1725449,266269,1876943,9224,7452,1717,745,1023,6700,694,9162,.1874045,0,0,4/1/23,4/30/23,4/1/23
NC,2023,5,127285,138984,151494,1725449,266269,1876943,9954,7952,1957,737,1170,7207,785,9899,.1974947,0,0,5/1/23,5/31/23,5/1/23
NC,2023,6,127285,138984,151494,1725449,266269,1876943,9948,8078,1825,840,1124,7231,701,9896,.18441795,0,0,6/1/23,6/30/23,6/1/23
NC,2023,7,127285,138984,151494,1725449,266269,1876943,10487,8351,2078,799,1301,7540,776,10416,.19940476,0,0,7/1/23,7/31/23,7/1/23
NC,2023,8,127285,138984,151494,1725449,266269,1876943,10750,8613,2077,865,1287,7738,788,10678,.19432478,0,0,8/1/23,8/31/23,8/1/23
NC,2023,9,127285,138984,151494,1725449,266269,1876943,10239,8150,2019,779,1248,7360,768,10155,.1985229,0,0,9/1/23,9/30/23,9/1/23
NC,2023,10,127285,138984,151494,1725449,266269,1876943,10236,8181,2007,786,1263,7386,741,10176,.19693395,0,0,10/1/23,10/31/23,10/1/23
NC,2023,11,127285,138984,151494,1725449,266269,1876943,9985,7971,1978,779,1223,7185,753,9940,.19879276,0,0,11/1/23,11/30/23,11/1/23
NC,2023,12,127285,138984,151494,1725449,266269,1876943,10019,8021,1951,807,1197,7210,750,9964,.19540346,0,0,12/1/23,12/31/23,12/1/23
ND,2016,1,3170,5357,3224,137041,8527,140265,936,833,101,41,5,782,94,922,.10737527,0,0,1/1/16,1/31/16,1/1/16
ND,2016,2,3170,5357,3224,137041,8527,140265,860,775,81,27,9,737,68,841,.091557667,0,0,2/1/16,2/28/16,2/1/16
ND,2016,3,3170,5357,3224,137041,8527,140265,935,832,98,36,19,784,73,912,.1008772,0,0,3/1/16,3/31/16,3/1/16
ND,2016,4,3170,5357,3224,137041,8527,140265,913,796,110,28,17,759,86,890,.11573034,0,0,4/1/16,4/30/16,4/1/16
ND,2016,5,3170,5357,3224,137041,8527,140265,988,883,98,44,10,826,85,965,.098445594,0,0,5/1/16,5/31/16,5/1/16
ND,2016,6,3170,5357,3224,137041,8527,140265,988,871,106,34,13,822,87,956,.10460251,0,0,6/1/16,6/30/16,6/1/16
ND,2016,7,3170,5357,3224,137041,8527,140265,947,852,87,38,14,799,70,921,.091205209,0,0,7/1/16,7/31/16,7/1/16
ND,2016,8,3170,5357,3224,137041,8527,140265,1045,912,121,29,17,867,95,1008,.11111111,0,0,8/1/16,8/31/16,8/1/16
ND,2016,9,3170,5357,3224,137041,8527,140265,1024,904,114,46,16,847,94,1003,.10967099,0,0,9/1/16,9/30/16,9/1/16
ND,2016,10,3170,5357,3224,137041,8527,140265,941,829,110,30,12,791,92,925,.11243244,0,0,10/1/16,10/31/16,10/1/16
ND,2016,11,3170,5357,3224,137041,8527,140265,890,787,101,33,16,743,82,874,.11212815,0,0,11/1/16,11/30/16,11/1/16
ND,2016,12,3170,5357,3224,137041,8527,140265,897,790,101,38,10,738,88,874,.11212815,0,0,12/1/16,12/31/16,12/1/16
ND,2017,1,1601,7606,4997,132150,9207,137147,840,744,93,39,13,698,79,829,.11097708,0,0,1/1/17,1/31/17,1/1/17
ND,2017,2,1601,7606,4997,132150,9207,137147,813,720,89,40,8,671,71,790,.1,0,0,2/1/17,2/28/17,2/1/17
ND,2017,3,1601,7606,4997,132150,9207,137147,931,837,88,37,10,793,71,911,.088913284,0,0,3/1/17,3/31/17,3/1/17
ND,2017,4,1601,7606,4997,132150,9207,137147,916,806,106,39,14,762,88,903,.11295681,0,0,4/1/17,4/30/17,4/1/17
ND,2017,5,1601,7606,4997,132150,9207,137147,893,802,89,40,12,752,73,877,.096921325,0,0,5/1/17,5/31/17,5/1/17
ND,2017,6,1601,7606,4997,132150,9207,137147,922,829,88,38,11,783,76,908,.095814981,0,0,6/1/17,6/30/17,6/1/17
ND,2017,7,1601,7606,4997,132150,9207,137147,902,797,100,36,13,751,85,885,.11073446,0,0,7/1/17,7/31/17,7/1/17
ND,2017,8,1601,7606,4997,132150,9207,137147,915,789,119,32,12,749,105,898,.13028954,0,0,8/1/17,8/31/17,8/1/17
ND,2017,9,1601,7606,4997,132150,9207,137147,932,832,94,28,11,791,81,911,.10098793,0,0,9/1/17,9/30/17,9/1/17
ND,2017,10,1601,7606,4997,132150,9207,137147,911,788,118,38,19,735,95,887,.12852311,0,0,10/1/17,10/31/17,10/1/17
ND,2017,11,1601,7606,4997,132150,9207,137147,871,757,110,31,12,716,95,854,.12529273,0,0,11/1/17,11/30/17,11/1/17
ND,2017,12,1601,7606,4997,132150,9207,137147,878,766,110,33,12,716,89,850,.11882353,0,0,12/1/17,12/31/17,12/1/17
ND,2018,1,2389,11150,4230,129567,13539,133797,879,786,87,28,14,748,66,856,.093457945,0,0,1/1/18,1/31/18,1/1/18
ND,2018,2,2389,11150,4230,129567,13539,133797,806,722,79,31,15,684,63,793,.098360658,0,0,2/1/18,2/28/18,2/1/18
ND,2018,3,2389,11150,4230,129567,13539,133797,897,787,99,45,12,735,85,877,.11060433,0,0,3/1/18,3/31/18,3/1/18
ND,2018,4,2389,11150,4230,129567,13539,133797,847,754,85,33,11,714,71,829,.098914355,0,0,4/1/18,4/30/18,4/1/18
ND,2018,5,2389,11150,4230,129567,13539,133797,969,870,96,40,13,816,80,949,.097997889,0,0,5/1/18,5/31/18,5/1/18
ND,2018,6,2389,11150,4230,129567,13539,133797,879,770,102,34,8,728,89,859,.11292201,0,0,6/1/18,6/30/18,6/1/18
ND,2018,7,2389,11150,4230,129567,13539,133797,898,790,97,45,16,738,77,876,.10616438,0,0,7/1/18,7/31/18,7/1/18
ND,2018,8,2389,11150,4230,129567,13539,133797,978,860,114,45,20,807,91,963,.1152648,0,0,8/1/18,8/31/18,8/1/18
ND,2018,9,2389,11150,4230,129567,13539,133797,865,764,94,39,14,718,75,846,.10520095,0,0,9/1/18,9/30/18,9/1/18
ND,2018,10,2389,11150,4230,129567,13539,133797,889,796,81,29,10,758,68,865,.090173408,0,0,10/1/18,10/31/18,10/1/18
ND,2018,11,2389,11150,4230,129567,13539,133797,873,773,92,45,17,712,71,845,.10414201,0,0,11/1/18,11/30/18,11/1/18
ND,2018,12,2389,11150,4230,129567,13539,133797,839,753,80,54,10,693,63,820,.089024387,0,0,12/1/18,12/31/18,12/1/18
ND,2019,1,1739,11455,6248,133066,13194,139314,874,762,105,37,18,712,79,846,.11465721,0,0,1/1/19,1/31/19,1/1/19
ND,2019,2,1739,11455,6248,133066,13194,139314,766,685,78,36,11,637,65,749,.10146862,0,0,2/1/19,2/28/19,2/1/19
ND,2019,3,1739,11455,6248,133066,13194,139314,905,784,117,30,15,740,95,880,.125,0,0,3/1/19,3/31/19,3/1/19
ND,2019,4,1739,11455,6248,133066,13194,139314,900,803,90,40,17,749,71,877,.10034207,0,0,4/1/19,4/30/19,4/1/19
ND,2019,5,1739,11455,6248,133066,13194,139314,943,834,100,53,18,766,79,916,.1058952,0,0,5/1/19,5/31/19,5/1/19
ND,2019,6,1739,11455,6248,133066,13194,139314,882,776,103,36,17,724,81,858,.11421911,0,0,6/1/19,6/30/19,6/1/19
ND,2019,7,1739,11455,6248,133066,13194,139314,980,888,86,32,9,838,73,952,.086134456,0,0,7/1/19,7/31/19,7/1/19
ND,2019,8,1739,11455,6248,133066,13194,139314,946,812,123,51,17,742,102,912,.13048245,0,0,8/1/19,8/31/19,8/1/19
ND,2019,9,1739,11455,6248,133066,13194,139314,843,758,78,35,10,711,64,820,.090243906,0,0,9/1/19,9/30/19,9/1/19
ND,2019,10,1739,11455,6248,133066,13194,139314,846,742,97,32,13,697,82,824,.11529126,0,0,10/1/19,10/31/19,10/1/19
ND,2019,11,1739,11455,6248,133066,13194,139314,770,682,87,34,13,635,73,755,.11390729,0,0,11/1/19,11/30/19,11/1/19
ND,2019,12,1739,11455,6248,133066,13194,139314,787,680,100,47,21,626,74,768,.12369791,0,0,12/1/19,12/31/19,12/1/19
ND,2020,1,1870,9858,5431,132350,11728,137781,799,704,92,36,13,652,78,779,.11681643,0,0,1/1/20,1/31/20,1/1/20
ND,2020,2,1870,9858,5431,132350,11728,137781,817,714,94,33,12,673,77,795,.11194968,0,0,2/1/20,2/28/20,2/1/20
ND,2020,3,1870,9858,5431,132350,11728,137781,838,729,101,32,17,692,78,819,.11599512,0,0,3/1/20,3/31/20,3/1/20
ND,2020,4,1870,9858,5431,132350,11728,137781,824,730,86,50,13,669,71,803,.10460772,0,0,4/1/20,4/30/20,4/1/20
ND,2020,5,1870,9858,5431,132350,11728,137781,876,776,97,39,17,720,77,853,.11019929,0,0,5/1/20,5/31/20,5/1/20
ND,2020,6,1870,9858,5431,132350,11728,137781,851,756,90,32,18,716,68,834,.1031175,0,0,6/1/20,6/30/20,6/1/20
ND,2020,7,1870,9858,5431,132350,11728,137781,894,788,98,46,16,730,77,869,.10701957,0,0,7/1/20,7/31/20,7/1/20
ND,2020,8,1870,9858,5431,132350,11728,137781,910,786,118,49,20,732,95,896,.12834822,0,0,8/1/20,8/31/20,8/1/20
ND,2020,9,1870,9858,5431,132350,11728,137781,803,703,94,37,22,651,71,781,.11907811,0,0,9/1/20,9/30/20,9/1/20
ND,2020,10,1870,9858,5431,132350,11728,137781,831,735,88,37,12,689,73,811,.10480887,0,0,10/1/20,10/31/20,10/1/20
ND,2020,11,1870,9858,5431,132350,11728,137781,769,669,90,30,13,621,72,736,.11548913,0,0,11/1/20,11/30/20,11/1/20
ND,2020,12,1870,9858,5431,132350,11728,137781,824,711,105,51,15,643,86,795,.12704402,0,0,12/1/20,12/31/20,12/1/20
ND,2021,1,4054,9220,4801,134029,13274,138830,788,684,95,41,23,630,69,763,.12057667,0,0,1/1/21,1/31/21,1/1/21
ND,2021,2,4054,9220,4801,134029,13274,138830,763,682,72,33,6,631,62,732,.092896178,0,0,2/1/21,2/28/21,2/1/21
ND,2021,3,4054,9220,4801,134029,13274,138830,905,804,90,33,15,758,73,879,.10011376,0,0,3/1/21,3/31/21,3/1/21
ND,2021,4,4054,9220,4801,134029,13274,138830,845,760,76,54,11,697,64,826,.090799034,0,0,4/1/21,4/30/21,4/1/21
ND,2021,5,4054,9220,4801,134029,13274,138830,835,751,76,48,14,698,56,816,.085784316,0,0,5/1/21,5/31/21,5/1/21
ND,2021,6,4054,9220,4801,134029,13274,138830,866,766,91,37,16,721,67,841,.09869203,0,0,6/1/21,6/30/21,6/1/21
ND,2021,7,4054,9220,4801,134029,13274,138830,865,783,73,40,17,729,55,841,.085612364,0,0,7/1/21,7/31/21,7/1/21
ND,2021,8,4054,9220,4801,134029,13274,138830,851,750,85,48,12,688,63,811,.092478424,0,0,8/1/21,8/31/21,8/1/21
ND,2021,9,4054,9220,4801,134029,13274,138830,859,754,96,47,17,694,75,833,.11044418,0,0,9/1/21,9/30/21,9/1/21
ND,2021,10,4054,9220,4801,134029,13274,138830,828,744,19,39,5,694,13,751,.023968043,0,0,10/1/21,10/31/21,10/1/21
ND,2021,11,4054,9220,4801,134029,13274,138830,820,744,9,35,2,702,7,746,.012064343,0,0,11/1/21,11/30/21,11/1/21
ND,2021,12,4054,9220,4801,134029,13274,138830,870,761,18,38,8,712,10,768,.0234375,0,0,12/1/21,12/31/21,12/1/21
ND,2022,1,3521,9609,6114,137371,13130,143485,785,690,88,33,12,646,71,762,.10892388,0,0,1/1/22,1/31/22,1/1/22
ND,2022,2,3521,9609,6114,137371,13130,143485,692,618,68,36,12,576,54,678,.097345136,0,0,2/1/22,2/28/22,2/1/22
ND,2022,3,3521,9609,6114,137371,13130,143485,793,703,76,38,9,653,62,762,.093175851,0,0,3/1/22,3/31/22,3/1/22
ND,2022,4,3521,9609,6114,137371,13130,143485,779,692,79,34,16,643,62,755,.10331126,0,0,4/1/22,4/30/22,4/1/22
ND,2022,5,3521,9609,6114,137371,13130,143485,851,747,94,30,18,700,71,819,.10866911,0,0,5/1/22,5/31/22,5/1/22
ND,2022,6,3521,9609,6114,137371,13130,143485,778,693,79,43,12,638,62,755,.098013245,0,0,6/1/22,6/30/22,6/1/22
ND,2022,7,3521,9609,6114,137371,13130,143485,814,719,91,45,21,660,66,792,.10984848,0,0,7/1/22,7/31/22,7/1/22
ND,2022,8,3521,9609,6114,137371,13130,143485,884,779,100,46,14,721,77,858,.10606061,0,0,8/1/22,8/31/22,8/1/22
ND,2022,9,3521,9609,6114,137371,13130,143485,826,731,85,48,23,669,59,799,.10262828,0,0,9/1/22,9/30/22,9/1/22
ND,2022,10,3521,9609,6114,137371,13130,143485,762,665,91,40,17,612,71,740,.11891892,0,0,10/1/22,10/31/22,10/1/22
ND,2022,11,3521,9609,6114,137371,13130,143485,766,671,89,38,15,618,74,745,.11946309,0,0,11/1/22,11/30/22,11/1/22
ND,2022,12,3521,9609,6114,137371,13130,143485,827,749,42,52,8,677,33,770,.053246751,0,0,12/1/22,12/31/22,12/1/22
ND,2023,1,2085,9615,8800,136836,11700,145636,798,703,89,43,15,646,72,776,.1121134,0,0,1/1/23,1/31/23,1/1/23
ND,2023,2,2085,9615,8800,136836,11700,145636,724,636,82,38,17,593,61,709,.1100141,0,0,2/1/23,2/28/23,2/1/23
ND,2023,3,2085,9615,8800,136836,11700,145636,815,718,94,35,23,671,68,797,.11417817,0,0,3/1/23,3/31/23,3/1/23
ND,2023,4,2085,9615,8800,136836,11700,145636,825,739,83,45,14,680,67,806,.10049628,0,0,4/1/23,4/30/23,4/1/23
ND,2023,5,2085,9615,8800,136836,11700,145636,857,755,97,42,20,704,72,838,.1097852,0,0,5/1/23,5/31/23,5/1/23
ND,2023,6,2085,9615,8800,136836,11700,145636,817,717,87,50,15,657,71,793,.10844893,0,0,6/1/23,6/30/23,6/1/23
ND,2023,7,2085,9615,8800,136836,11700,145636,836,744,83,50,16,677,65,808,.10024752,0,0,7/1/23,7/31/23,7/1/23
ND,2023,8,2085,9615,8800,136836,11700,145636,830,718,102,43,19,664,79,805,.12173913,0,0,8/1/23,8/31/23,8/1/23
ND,2023,9,2085,9615,8800,136836,11700,145636,764,675,83,44,15,620,61,740,.1027027,0,0,9/1/23,9/30/23,9/1/23
ND,2023,10,2085,9615,8800,136836,11700,145636,795,703,88,43,25,650,63,781,.11267605,0,0,10/1/23,10/31/23,10/1/23
ND,2023,11,2085,9615,8800,136836,11700,145636,796,691,92,46,19,630,67,762,.1128609,0,0,11/1/23,11/30/23,11/1/23
ND,2023,12,2085,9615,8800,136836,11700,145636,774,675,94,51,23,612,65,751,.1171771,0,0,12/1/23,12/31/23,12/1/23
NE,2016,1,22124,20618,20921,305696,42742,326617,2064,1725,336,138,194,1585,142,2059,.16318601,0,0,1/1/16,1/31/16,1/1/16
NE,2016,2,22124,20618,20921,305696,42742,326617,2018,1692,323,144,174,1547,149,2014,.16037735,0,0,2/1/16,2/28/16,2/1/16
NE,2016,3,22124,20618,20921,305696,42742,326617,2249,1908,341,137,182,1770,159,2248,.15169039,0,0,3/1/16,3/31/16,3/1/16
NE,2016,4,22124,20618,20921,305696,42742,326617,2219,1869,349,154,190,1709,158,2211,.15739484,0,0,4/1/16,4/30/16,4/1/16
NE,2016,5,22124,20618,20921,305696,42742,326617,2261,1870,390,158,210,1712,180,2260,.17256637,0,0,5/1/16,5/31/16,5/1/16
NE,2016,6,22124,20618,20921,305696,42742,326617,2174,1805,366,158,207,1647,159,2171,.16858591,0,0,6/1/16,6/30/16,6/1/16
NE,2016,7,22124,20618,20921,305696,42742,326617,2303,1925,377,172,211,1752,166,2301,.16384181,0,0,7/1/16,7/31/16,7/1/16
NE,2016,8,22124,20618,20921,305696,42742,326617,2367,1999,368,170,206,1828,162,2366,.15553677,0,0,8/1/16,8/31/16,8/1/16
NE,2016,9,22124,20618,20921,305696,42742,326617,2361,1973,387,176,229,1796,158,2359,.16405256,0,0,9/1/16,9/30/16,9/1/16
NE,2016,10,22124,20618,20921,305696,42742,326617,2233,1878,353,172,203,1706,150,2231,.15822501,0,0,10/1/16,10/31/16,10/1/16
NE,2016,11,22124,20618,20921,305696,42742,326617,2164,1818,346,159,170,1659,176,2164,.15988909,0,0,11/1/16,11/30/16,11/1/16
NE,2016,12,22124,20618,20921,305696,42742,326617,2130,1786,344,176,178,1610,166,2130,.16150235,0,0,12/1/16,12/31/16,12/1/16
NE,2017,1,20609,22752,23059,300774,43361,323833,2043,1685,357,172,185,1510,172,2039,.17508583,0,0,1/1/17,1/31/17,1/1/17
NE,2017,2,20609,22752,23059,300774,43361,323833,1888,1571,315,136,185,1432,130,1883,.16728625,0,0,2/1/17,2/28/17,2/1/17
NE,2017,3,20609,22752,23059,300774,43361,323833,2130,1754,372,153,193,1598,179,2123,.17522374,0,0,3/1/17,3/31/17,3/1/17
NE,2017,4,20609,22752,23059,300774,43361,323833,2097,1747,348,158,206,1589,142,2095,.16610979,0,0,4/1/17,4/30/17,4/1/17
NE,2017,5,20609,22752,23059,300774,43361,323833,2208,1880,327,164,172,1715,155,2206,.14823209,0,0,5/1/17,5/31/17,5/1/17
NE,2017,6,20609,22752,23059,300774,43361,323833,2318,1918,398,173,221,1745,177,2316,.17184801,0,0,6/1/17,6/30/17,6/1/17
NE,2017,7,20609,22752,23059,300774,43361,323833,2173,1817,354,159,204,1658,150,2171,.1630585,0,0,7/1/17,7/31/17,7/1/17
NE,2017,8,20609,22752,23059,300774,43361,323833,2336,1947,388,179,212,1768,176,2335,.16616702,0,0,8/1/17,8/31/17,8/1/17
NE,2017,9,20609,22752,23059,300774,43361,323833,2165,1780,382,160,238,1619,143,2160,.17638889,0,0,9/1/17,9/30/17,9/1/17
NE,2017,10,20609,22752,23059,300774,43361,323833,2242,1873,368,172,199,1701,169,2241,.16421241,0,0,10/1/17,10/31/17,10/1/17
NE,2017,11,20609,22752,23059,300774,43361,323833,2047,1662,384,146,192,1515,192,2045,.18777506,0,0,11/1/17,11/30/17,11/1/17
NE,2017,12,20609,22752,23059,300774,43361,323833,2128,1760,366,185,200,1574,166,2125,.1722353,0,0,12/1/17,12/31/17,12/1/17
NE,2018,1,20038,24640,29137,302149,44678,331286,1958,1589,367,150,205,1439,162,1956,.18762781,0,0,1/1/18,1/31/18,1/1/18
NE,2018,2,20038,24640,29137,302149,44678,331286,1972,1660,311,132,170,1526,141,1969,.1579482,0,0,2/1/18,2/28/18,2/1/18
NE,2018,3,20038,24640,29137,302149,44678,331286,2140,1781,357,136,168,1644,189,2137,.16705662,0,0,3/1/18,3/31/18,3/1/18
NE,2018,4,20038,24640,29137,302149,44678,331286,1966,1648,316,134,158,1511,157,1960,.16071428,0,0,4/1/18,4/30/18,4/1/18
NE,2018,5,20038,24640,29137,302149,44678,331286,2238,1848,389,170,203,1677,186,2236,.17397138,0,0,5/1/18,5/31/18,5/1/18
NE,2018,6,20038,24640,29137,302149,44678,331286,2193,1840,353,178,193,1662,160,2193,.16096671,0,0,6/1/18,6/30/18,6/1/18
NE,2018,7,20038,24640,29137,302149,44678,331286,2284,1896,388,166,218,1728,170,2282,.17002629,0,0,7/1/18,7/31/18,7/1/18
NE,2018,8,20038,24640,29137,302149,44678,331286,2275,1874,399,169,211,1701,188,2269,.17584839,0,0,8/1/18,8/31/18,8/1/18
NE,2018,9,20038,24640,29137,302149,44678,331286,2055,1690,365,165,205,1525,160,2055,.17761557,0,0,9/1/18,9/30/18,9/1/18
NE,2018,10,20038,24640,29137,302149,44678,331286,2186,1835,351,127,188,1707,163,2185,.16064073,0,0,10/1/18,10/31/18,10/1/18
NE,2018,11,20038,24640,29137,302149,44678,331286,2064,1685,377,160,205,1524,172,2061,.18292092,0,0,11/1/18,11/30/18,11/1/18
NE,2018,12,20038,24640,29137,302149,44678,331286,2115,1743,372,159,171,1584,201,2115,.17588653,0,0,12/1/18,12/31/18,12/1/18
NE,2019,1,22940,21710,29264,305722,44650,334986,1947,1601,345,170,188,1430,156,1944,.17695473,0,0,1/1/19,1/31/19,1/1/19
NE,2019,2,22940,21710,29264,305722,44650,334986,1860,1541,317,148,162,1392,155,1857,.17070544,0,0,2/1/19,2/28/19,2/1/19
NE,2019,3,22940,21710,29264,305722,44650,334986,2045,1696,348,137,178,1559,170,2044,.17025441,0,0,3/1/19,3/31/19,3/1/19
NE,2019,4,22940,21710,29264,305722,44650,334986,2076,1727,348,167,182,1560,166,2075,.16771084,0,0,4/1/19,4/30/19,4/1/19
NE,2019,5,22940,21710,29264,305722,44650,334986,2170,1778,392,156,213,1621,179,2169,.18072845,0,0,5/1/19,5/31/19,5/1/19
NE,2019,6,22940,21710,29264,305722,44650,334986,2030,1682,348,169,195,1513,153,2030,.17142858,0,0,6/1/19,6/30/19,6/1/19
NE,2019,7,22940,21710,29264,305722,44650,334986,2171,1813,356,198,200,1615,156,2169,.16413094,0,0,7/1/19,7/31/19,7/1/19
NE,2019,8,22940,21710,29264,305722,44650,334986,2191,1804,387,192,224,1609,163,2188,.17687386,0,0,8/1/19,8/31/19,8/1/19
NE,2019,9,22940,21710,29264,305722,44650,334986,2145,1759,383,150,220,1609,163,2142,.17880486,0,0,9/1/19,9/30/19,9/1/19
NE,2019,10,22940,21710,29264,305722,44650,334986,2129,1773,355,185,193,1587,162,2127,.16690174,0,0,10/1/19,10/31/19,10/1/19
NE,2019,11,22940,21710,29264,305722,44650,334986,1963,1627,335,167,176,1458,159,1960,.17091836,0,0,11/1/19,11/30/19,11/1/19
NE,2019,12,22940,21710,29264,305722,44650,334986,1965,1608,355,163,194,1444,161,1962,.18093781,0,0,12/1/19,12/31/19,12/1/19
NE,2020,1,20229,23128,27396,303329,43357,330725,2046,1658,387,185,202,1473,185,2045,.18924205,0,0,1/1/20,1/31/20,1/1/20
NE,2020,2,20229,23128,27396,303329,43357,330725,1818,1497,320,132,184,1364,135,1815,.17575757,0,0,2/1/20,2/28/20,2/1/20
NE,2020,3,20229,23128,27396,303329,43357,330725,2153,1779,374,168,202,1611,172,2153,.17371111,0,0,3/1/20,3/31/20,3/1/20
NE,2020,4,20229,23128,27396,303329,43357,330725,1990,1628,361,138,206,1488,155,1987,.18168093,0,0,4/1/20,4/30/20,4/1/20
NE,2020,5,20229,23128,27396,303329,43357,330725,2038,1690,348,164,191,1526,157,2038,.17075564,0,0,5/1/20,5/31/20,5/1/20
NE,2020,6,20229,23128,27396,303329,43357,330725,2022,1649,373,166,213,1483,160,2022,.18447082,0,0,6/1/20,6/30/20,6/1/20
NE,2020,7,20229,23128,27396,303329,43357,330725,2140,1759,381,193,208,1565,173,2139,.17812061,0,0,7/1/20,7/31/20,7/1/20
NE,2020,8,20229,23128,27396,303329,43357,330725,2125,1773,352,192,193,1581,159,2125,.16564706,0,0,8/1/20,8/31/20,8/1/20
NE,2020,9,20229,23128,27396,303329,43357,330725,2039,1684,354,187,199,1496,154,2036,.17337917,0,0,9/1/20,9/30/20,9/1/20
NE,2020,10,20229,23128,27396,303329,43357,330725,2087,1745,341,193,186,1552,155,2086,.16347076,0,0,10/1/20,10/31/20,10/1/20
NE,2020,11,20229,23128,27396,303329,43357,330725,1855,1529,326,170,178,1359,148,1855,.17574124,0,0,11/1/20,11/30/20,11/1/20
NE,2020,12,20229,23128,27396,303329,43357,330725,1933,1606,327,147,187,1459,140,1933,.1691671,0,0,12/1/20,12/31/20,12/1/20
NE,2021,1,20103,22244,30534,308737,42347,339271,1823,1544,279,169,150,1375,129,1823,.15304443,0,0,1/1/21,1/31/21,1/1/21
NE,2021,2,20103,22244,30534,308737,42347,339271,1875,1582,292,184,155,1396,137,1872,.15598291,0,0,2/1/21,2/28/21,2/1/21
NE,2021,3,20103,22244,30534,308737,42347,339271,2079,1729,350,189,186,1539,164,2078,.16843118,0,0,3/1/21,3/31/21,3/1/21
NE,2021,4,20103,22244,30534,308737,42347,339271,2051,1723,327,178,172,1542,155,2047,.15974598,0,0,4/1/21,4/30/21,4/1/21
NE,2021,5,20103,22244,30534,308737,42347,339271,2148,1788,358,175,189,1611,169,2144,.16697761,0,0,5/1/21,5/31/21,5/1/21
NE,2021,6,20103,22244,30534,308737,42347,339271,2183,1825,358,166,197,1658,161,2182,.16406967,0,0,6/1/21,6/30/21,6/1/21
NE,2021,7,20103,22244,30534,308737,42347,339271,2177,1811,364,202,197,1607,167,2173,.16751036,0,0,7/1/21,7/31/21,7/1/21
NE,2021,8,20103,22244,30534,308737,42347,339271,2126,1777,349,180,200,1597,149,2126,.16415805,0,0,8/1/21,8/31/21,8/1/21
NE,2021,9,20103,22244,30534,308737,42347,339271,2110,1751,357,181,211,1570,146,2108,.16935484,0,0,9/1/21,9/30/21,9/1/21
NE,2021,10,20103,22244,30534,308737,42347,339271,2066,1733,333,196,183,1537,150,2066,.16118103,0,0,10/1/21,10/31/21,10/1/21
NE,2021,11,20103,22244,30534,308737,42347,339271,1920,1572,345,183,197,1388,148,1916,.18006264,0,0,11/1/21,11/30/21,11/1/21
NE,2021,12,20103,22244,30534,308737,42347,339271,2019,1637,380,173,219,1462,161,2015,.18858561,0,0,12/1/21,12/31/21,12/1/21
NE,2022,1,20897,23549,36936,311188,44446,348124,1851,1482,369,191,208,1290,160,1849,.1990265,0,0,1/1/22,1/31/22,1/1/22
NE,2022,2,20897,23549,36936,311188,44446,348124,1841,1509,331,162,195,1347,135,1839,.17944536,0,0,2/1/22,2/28/22,2/1/22
NE,2022,3,20897,23549,36936,311188,44446,348124,2046,1685,360,200,199,1485,161,2045,.17603911,0,0,3/1/22,3/31/22,3/1/22
NE,2022,4,20897,23549,36936,311188,44446,348124,1909,1580,326,173,177,1407,149,1906,.17103882,0,0,4/1/22,4/30/22,4/1/22
NE,2022,5,20897,23549,36936,311188,44446,348124,1988,1658,330,168,190,1488,139,1985,.16574307,0,0,5/1/22,5/31/22,5/1/22
NE,2022,6,20897,23549,36936,311188,44446,348124,2093,1714,378,194,210,1519,168,2091,.18077475,0,0,6/1/22,6/30/22,6/1/22
NE,2022,7,20897,23549,36936,311188,44446,348124,2147,1766,380,176,231,1590,149,2146,.17707363,0,0,7/1/22,7/31/22,7/1/22
NE,2022,8,20897,23549,36936,311188,44446,348124,2245,1847,396,236,234,1611,162,2243,.17654927,0,0,8/1/22,8/31/22,8/1/22
NE,2022,9,20897,23549,36936,311188,44446,348124,2063,1690,373,188,209,1502,164,2063,.18080465,0,0,9/1/22,9/30/22,9/1/22
NE,2022,10,20897,23549,36936,311188,44446,348124,2074,1650,422,177,250,1471,172,2070,.20386474,0,0,10/1/22,10/31/22,10/1/22
NE,2022,11,20897,23549,36936,311188,44446,348124,2000,1633,366,202,212,1431,154,1999,.18309155,0,0,11/1/22,11/30/22,11/1/22
NE,2022,12,20897,23549,36936,311188,44446,348124,2027,1659,367,196,221,1463,146,2026,.18114512,0,0,12/1/22,12/31/22,12/1/22
NE,2023,1,18546,21838,39040,305520,40384,344560,2020,1629,390,195,229,1433,161,2018,.19326065,0,0,1/1/23,1/31/23,1/1/23
NE,2023,2,18546,21838,39040,305520,40384,344560,1791,1473,318,184,185,1289,133,1791,.17755444,0,0,2/1/23,2/28/23,2/1/23
NE,2023,3,18546,21838,39040,305520,40384,344560,2106,1721,385,197,215,1522,170,2104,.18298478,0,0,3/1/23,3/31/23,3/1/23
NE,2023,4,18546,21838,39040,305520,40384,344560,1950,1629,320,175,177,1453,142,1947,.16384181,0,0,4/1/23,4/30/23,4/1/23
NE,2023,5,18546,21838,39040,305520,40384,344560,1989,1655,334,172,184,1479,149,1984,.16784275,0,0,5/1/23,5/31/23,5/1/23
NE,2023,6,18546,21838,39040,305520,40384,344560,2121,1702,418,222,243,1480,175,2120,.19716981,0,0,6/1/23,6/30/23,6/1/23
NE,2023,7,18546,21838,39040,305520,40384,344560,2036,1629,406,190,249,1438,157,2034,.19960669,0,0,7/1/23,7/31/23,7/1/23
NE,2023,8,18546,21838,39040,305520,40384,344560,2109,1709,400,209,259,1500,141,2109,.18966335,0,0,8/1/23,8/31/23,8/1/23
NE,2023,9,18546,21838,39040,305520,40384,344560,1921,1555,365,194,207,1361,158,1920,.19010417,0,0,9/1/23,9/30/23,9/1/23
NE,2023,10,18546,21838,39040,305520,40384,344560,2013,1634,379,213,222,1418,157,2010,.18855721,0,0,10/1/23,10/31/23,10/1/23
NE,2023,11,18546,21838,39040,305520,40384,344560,2019,1618,399,190,226,1427,173,2016,.19791667,0,0,11/1/23,11/30/23,11/1/23
NE,2023,12,18546,21838,39040,305520,40384,344560,1981,1588,391,208,245,1379,146,1978,.19767442,0,0,12/1/23,12/31/23,12/1/23
NH,2016,1,3550,16447,5896,213517,19997,219413,972,863,109,31,27,828,77,963,.10799585,0,0,1/1/16,1/31/16,1/1/16
NH,2016,2,3550,16447,5896,213517,19997,219413,939,824,115,38,30,782,83,933,.12111469,0,0,2/1/16,2/28/16,2/1/16
NH,2016,3,3550,16447,5896,213517,19997,219413,1015,903,112,29,27,871,85,1012,.11067194,0,0,3/1/16,3/31/16,3/1/16
NH,2016,4,3550,16447,5896,213517,19997,219413,1053,925,128,17,29,906,99,1051,.12178877,0,0,4/1/16,4/30/16,4/1/16
NH,2016,5,3550,16447,5896,213517,19997,219413,994,871,123,23,31,839,89,982,.12219959,0,0,5/1/16,5/31/16,5/1/16
NH,2016,6,3550,16447,5896,213517,19997,219413,1053,895,158,34,41,855,116,1046,.1500956,0,0,6/1/16,6/30/16,6/1/16
NH,2016,7,3550,16447,5896,213517,19997,219413,1090,984,105,25,18,950,87,1080,.097222224,0,0,7/1/16,7/31/16,7/1/16
NH,2016,8,3550,16447,5896,213517,19997,219413,1113,988,125,30,32,952,92,1106,.11211573,0,0,8/1/16,8/31/16,8/1/16
NH,2016,9,3550,16447,5896,213517,19997,219413,1142,1007,135,36,35,961,99,1131,.11847922,0,0,9/1/16,9/30/16,9/1/16
NH,2016,10,3550,16447,5896,213517,19997,219413,1013,883,130,28,28,842,99,997,.12738214,0,0,10/1/16,10/31/16,10/1/16
NH,2016,11,3550,16447,5896,213517,19997,219413,943,812,130,24,38,779,91,932,.13841201,0,0,11/1/16,11/30/16,11/1/16
NH,2016,12,3550,16447,5896,213517,19997,219413,919,811,107,25,21,781,85,912,.11622807,0,0,12/1/16,12/31/16,12/1/16
NH,2017,1,4205,17709,8078,211605,21914,219683,928,811,117,34,21,773,96,924,.12662338,0,0,1/1/17,1/31/17,1/1/17
NH,2017,2,4205,17709,8078,211605,21914,219683,892,795,97,16,18,772,79,885,.10960452,0,0,2/1/17,2/28/17,2/1/17
NH,2017,3,4205,17709,8078,211605,21914,219683,961,836,123,25,24,809,99,957,.12852664,0,0,3/1/17,3/31/17,3/1/17
NH,2017,4,4205,17709,8078,211605,21914,219683,987,878,109,30,26,845,83,984,.11077236,0,0,4/1/17,4/30/17,4/1/17
NH,2017,5,4205,17709,8078,211605,21914,219683,1080,954,125,24,30,928,95,1077,.11606314,0,0,5/1/17,5/31/17,5/1/17
NH,2017,6,4205,17709,8078,211605,21914,219683,1108,979,128,44,28,926,99,1097,.11577028,0,0,6/1/17,6/30/17,6/1/17
NH,2017,7,4205,17709,8078,211605,21914,219683,1092,972,120,22,30,943,90,1085,.11059908,0,0,7/1/17,7/31/17,7/1/17
NH,2017,8,4205,17709,8078,211605,21914,219683,1086,955,131,36,39,913,92,1080,.12129629,0,0,8/1/17,8/31/17,8/1/17
NH,2017,9,4205,17709,8078,211605,21914,219683,1052,918,133,30,35,883,95,1043,.12464046,0,0,9/1/17,9/30/17,9/1/17
NH,2017,10,4205,17709,8078,211605,21914,219683,1024,912,110,16,22,892,88,1018,.10805501,0,0,10/1/17,10/31/17,10/1/17
NH,2017,11,4205,17709,8078,211605,21914,219683,961,840,119,28,30,805,89,952,.125,0,0,11/1/17,11/30/17,11/1/17
NH,2017,12,4205,17709,8078,211605,21914,219683,919,811,107,38,25,772,82,917,.11668484,0,0,12/1/17,12/31/17,12/1/17
NH,2018,1,5073,16259,6028,217649,21332,223677,980,874,105,26,27,840,77,970,.10721649,0,0,1/1/18,1/31/18,1/1/18
NH,2018,2,5073,16259,6028,217649,21332,223677,860,771,89,32,20,732,67,851,.10223266,0,0,2/1/18,2/28/18,2/1/18
NH,2018,3,5073,16259,6028,217649,21332,223677,1005,882,122,43,29,835,93,1000,.122,0,0,3/1/18,3/31/18,3/1/18
NH,2018,4,5073,16259,6028,217649,21332,223677,990,890,100,31,30,855,70,986,.10141988,0,0,4/1/18,4/30/18,4/1/18
NH,2018,5,5073,16259,6028,217649,21332,223677,1034,910,121,28,21,878,100,1027,.11781889,0,0,5/1/18,5/31/18,5/1/18
NH,2018,6,5073,16259,6028,217649,21332,223677,978,845,132,34,30,807,100,971,.1338826,0,0,6/1/18,6/30/18,6/1/18
NH,2018,7,5073,16259,6028,217649,21332,223677,1089,964,125,42,33,918,92,1085,.11520737,0,0,7/1/18,7/31/18,7/1/18
NH,2018,8,5073,16259,6028,217649,21332,223677,1097,970,127,30,32,937,95,1094,.11608775,0,0,8/1/18,8/31/18,8/1/18
NH,2018,9,5073,16259,6028,217649,21332,223677,1056,927,129,36,41,885,87,1049,.12202097,0,0,9/1/18,9/30/18,9/1/18
NH,2018,10,5073,16259,6028,217649,21332,223677,1028,927,101,32,32,891,69,1024,.098632813,0,0,10/1/18,10/31/18,10/1/18
NH,2018,11,5073,16259,6028,217649,21332,223677,969,847,122,27,28,816,94,965,.12642486,0,0,11/1/18,11/30/18,11/1/18
NH,2018,12,5073,16259,6028,217649,21332,223677,875,762,113,28,30,731,83,872,.12958716,0,0,12/1/18,12/31/18,12/1/18
NH,2019,1,6883,18675,6043,214507,25558,220550,901,808,92,34,26,773,66,899,.10233593,0,0,1/1/19,1/31/19,1/1/19
NH,2019,2,6883,18675,6043,214507,25558,220550,859,739,118,32,27,705,90,854,.13700235,0,0,2/1/19,2/28/19,2/1/19
NH,2019,3,6883,18675,6043,214507,25558,220550,959,834,123,34,28,793,95,950,.12947369,0,0,3/1/19,3/31/19,3/1/19
NH,2019,4,6883,18675,6043,214507,25558,220550,992,859,132,22,34,832,97,985,.13299492,0,0,4/1/19,4/30/19,4/1/19
NH,2019,5,6883,18675,6043,214507,25558,220550,1020,893,126,35,26,854,100,1015,.12413793,0,0,5/1/19,5/31/19,5/1/19
NH,2019,6,6883,18675,6043,214507,25558,220550,983,872,111,34,23,830,88,975,.11384615,0,0,6/1/19,6/30/19,6/1/19
NH,2019,7,6883,18675,6043,214507,25558,220550,1092,974,118,34,39,937,78,1088,.10753676,0,0,7/1/19,7/31/19,7/1/19
NH,2019,8,6883,18675,6043,214507,25558,220550,1096,972,121,34,34,933,87,1088,.11121324,0,0,8/1/19,8/31/19,8/1/19
NH,2019,9,6883,18675,6043,214507,25558,220550,1006,882,119,35,24,844,93,996,.11746988,0,0,9/1/19,9/30/19,9/1/19
NH,2019,10,6883,18675,6043,214507,25558,220550,1053,928,123,32,29,889,90,1040,.11442307,0,0,10/1/19,10/31/19,10/1/19
NH,2019,11,6883,18675,6043,214507,25558,220550,906,783,123,29,40,750,82,901,.13540511,0,0,11/1/19,11/30/19,11/1/19
NH,2019,12,6883,18675,6043,214507,25558,220550,941,805,133,36,46,764,85,931,.14070891,0,0,12/1/19,12/31/19,12/1/19
NH,2020,1,5263,16494,6976,215807,21757,222783,910,799,111,40,24,757,87,908,.1222467,0,0,1/1/20,1/31/20,1/1/20
NH,2020,2,5263,16494,6976,215807,21757,222783,856,765,90,18,30,742,58,848,.10377359,0,0,2/1/20,2/28/20,2/1/20
NH,2020,3,5263,16494,6976,215807,21757,222783,1018,897,119,42,27,848,91,1008,.11706349,0,0,3/1/20,3/31/20,3/1/20
NH,2020,4,5263,16494,6976,215807,21757,222783,984,881,102,40,37,834,65,976,.1045082,0,0,4/1/20,4/30/20,4/1/20
NH,2020,5,5263,16494,6976,215807,21757,222783,1007,892,114,47,29,841,83,1000,.112,0,0,5/1/20,5/31/20,5/1/20
NH,2020,6,5263,16494,6976,215807,21757,222783,1007,884,122,27,29,851,93,1000,.122,0,0,6/1/20,6/30/20,6/1/20
NH,2020,7,5263,16494,6976,215807,21757,222783,1161,1046,112,31,34,1010,78,1153,.097137898,0,0,7/1/20,7/31/20,7/1/20
NH,2020,8,5263,16494,6976,215807,21757,222783,1051,923,125,37,28,878,97,1040,.1201923,0,0,8/1/20,8/31/20,8/1/20
NH,2020,9,5263,16494,6976,215807,21757,222783,1011,891,115,44,36,842,78,1000,.114,0,0,9/1/20,9/30/20,9/1/20
NH,2020,10,5263,16494,6976,215807,21757,222783,1015,897,114,29,42,864,70,1005,.11144279,0,0,10/1/20,10/31/20,10/1/20
NH,2020,11,5263,16494,6976,215807,21757,222783,893,774,115,24,32,745,81,882,.12811792,0,0,11/1/20,11/30/20,11/1/20
NH,2020,12,5263,16494,6976,215807,21757,222783,859,754,103,29,37,719,66,851,.12103408,0,0,12/1/20,12/31/20,12/1/20
NH,2021,1,3945,16555,10926,220391,20500,231317,833,739,93,31,19,706,74,830,.11204819,0,0,1/1/21,1/31/21,1/1/21
NH,2021,2,3945,16555,10926,220391,20500,231317,940,839,100,27,22,806,76,931,.10526316,0,0,2/1/21,2/28/21,2/1/21
NH,2021,3,3945,16555,10926,220391,20500,231317,987,860,125,39,29,820,95,983,.12614445,0,0,3/1/21,3/31/21,3/1/21
NH,2021,4,3945,16555,10926,220391,20500,231317,1083,965,116,38,45,924,68,1075,.10511628,0,0,4/1/21,4/30/21,4/1/21
NH,2021,5,3945,16555,10926,220391,20500,231317,1094,976,118,43,27,926,91,1087,.10855566,0,0,5/1/21,5/31/21,5/1/21
NH,2021,6,3945,16555,10926,220391,20500,231317,1132,1025,104,35,29,984,74,1122,.091800354,0,0,6/1/21,6/30/21,6/1/21
NH,2021,7,3945,16555,10926,220391,20500,231317,1184,1044,139,46,38,989,101,1174,.11839864,0,0,7/1/21,7/31/21,7/1/21
NH,2021,8,3945,16555,10926,220391,20500,231317,1175,1042,133,49,46,990,86,1171,.11272417,0,0,8/1/21,8/31/21,8/1/21
NH,2021,9,3945,16555,10926,220391,20500,231317,1103,978,124,30,43,936,81,1090,.11376147,0,0,9/1/21,9/30/21,9/1/21
NH,2021,10,3945,16555,10926,220391,20500,231317,1093,969,124,31,37,929,87,1084,.11439114,0,0,10/1/21,10/31/21,10/1/21
NH,2021,11,3945,16555,10926,220391,20500,231317,1018,905,113,31,40,868,72,1011,.1107814,0,0,11/1/21,11/30/21,11/1/21
NH,2021,12,3945,16555,10926,220391,20500,231317,947,830,117,43,38,783,79,943,.12407211,0,0,12/1/21,12/31/21,12/1/21
NH,2022,1,4318,13076,9565,226425,17394,235990,880,778,101,34,21,740,78,873,.11340206,0,0,1/1/22,1/31/22,1/1/22
NH,2022,2,4318,13076,9565,226425,17394,235990,891,778,113,22,35,752,78,887,.12739572,0,0,2/1/22,2/28/22,2/1/22
NH,2022,3,4318,13076,9565,226425,17394,235990,980,870,110,38,26,826,84,974,.11293635,0,0,3/1/22,3/31/22,3/1/22
NH,2022,4,4318,13076,9565,226425,17394,235990,965,865,100,41,32,820,67,960,.103125,0,0,4/1/22,4/30/22,4/1/22
NH,2022,5,4318,13076,9565,226425,17394,235990,1057,935,121,42,40,889,80,1051,.11417697,0,0,5/1/22,5/31/22,5/1/22
NH,2022,6,4318,13076,9565,226425,17394,235990,1014,909,105,39,20,866,85,1010,.10396039,0,0,6/1/22,6/30/22,6/1/22
NH,2022,7,4318,13076,9565,226425,17394,235990,1136,1012,124,30,40,975,84,1129,.10983171,0,0,7/1/22,7/31/22,7/1/22
NH,2022,8,4318,13076,9565,226425,17394,235990,1081,959,121,26,40,929,81,1076,.11245354,0,0,8/1/22,8/31/22,8/1/22
NH,2022,9,4318,13076,9565,226425,17394,235990,1057,927,129,49,39,867,89,1044,.12260536,0,0,9/1/22,9/30/22,9/1/22
NH,2022,10,4318,13076,9565,226425,17394,235990,999,882,117,34,35,841,82,992,.11794355,0,0,10/1/22,10/31/22,10/1/22
NH,2022,11,4318,13076,9565,226425,17394,235990,988,868,119,31,30,830,87,978,.1196319,0,0,11/1/22,11/30/22,11/1/22
NH,2022,12,4318,13076,9565,226425,17394,235990,996,885,111,30,35,851,76,992,.11189516,0,0,12/1/22,12/31/22,12/1/22
NH,2023,1,7305,17915,8476,220838,25220,229314,928,817,109,42,35,769,72,918,.11655773,0,0,1/1/23,1/31/23,1/1/23
NH,2023,2,7305,17915,8476,220838,25220,229314,872,783,87,33,25,743,62,863,.10081112,0,0,2/1/23,2/28/23,2/1/23
NH,2023,3,7305,17915,8476,220838,25220,229314,1004,872,130,34,40,834,90,998,.13026053,0,0,3/1/23,3/31/23,3/1/23
NH,2023,4,7305,17915,8476,220838,25220,229314,967,859,108,28,26,828,82,964,.1120332,0,0,4/1/23,4/30/23,4/1/23
NH,2023,5,7305,17915,8476,220838,25220,229314,1012,906,105,34,34,862,67,997,.10130391,0,0,5/1/23,5/31/23,5/1/23
NH,2023,6,7305,17915,8476,220838,25220,229314,1065,940,123,29,42,906,81,1058,.11625709,0,0,6/1/23,6/30/23,6/1/23
NH,2023,7,7305,17915,8476,220838,25220,229314,1082,953,125,42,42,905,82,1071,.11577965,0,0,7/1/23,7/31/23,7/1/23
NH,2023,8,7305,17915,8476,220838,25220,229314,1107,992,113,37,39,948,72,1096,.10127737,0,0,8/1/23,8/31/23,8/1/23
NH,2023,9,7305,17915,8476,220838,25220,229314,977,853,121,49,40,797,81,967,.12512927,0,0,9/1/23,9/30/23,9/1/23
NH,2023,10,7305,17915,8476,220838,25220,229314,1032,914,118,51,43,860,75,1029,.11467444,0,0,10/1/23,10/31/23,10/1/23
NH,2023,11,7305,17915,8476,220838,25220,229314,948,827,121,37,41,787,80,945,.12804233,0,0,11/1/23,11/30/23,11/1/23
NH,2023,12,7305,17915,8476,220838,25220,229314,916,810,106,31,34,774,72,911,.11635565,0,0,12/1/23,12/31/23,12/1/23
NJ,2016,1,213668,291408,185721,1019223,505076,1204944,8151,4920,3219,739,1494,4089,1699,8021,.39808005,0,0,1/1/16,1/31/16,1/1/16
NJ,2016,2,213668,291408,185721,1019223,505076,1204944,7884,4827,3033,764,1375,3958,1621,7718,.38818347,0,0,2/1/16,2/28/16,2/1/16
NJ,2016,3,213668,291408,185721,1019223,505076,1204944,8457,5242,3197,768,1481,4392,1679,8320,.37980768,0,0,3/1/16,3/31/16,3/1/16
NJ,2016,4,213668,291408,185721,1019223,505076,1204944,8090,5042,3032,761,1421,4182,1577,7941,.37753433,0,0,4/1/16,4/30/16,4/1/16
NJ,2016,5,213668,291408,185721,1019223,505076,1204944,8670,5415,3244,824,1505,4510,1710,8549,.37606737,0,0,5/1/16,5/31/16,5/1/16
NJ,2016,6,213668,291408,185721,1019223,505076,1204944,8720,5382,3327,799,1591,4489,1711,8590,.38440046,0,0,6/1/16,6/30/16,6/1/16
NJ,2016,7,213668,291408,185721,1019223,505076,1204944,9108,5678,3416,877,1587,4719,1801,8984,.37711486,0,0,7/1/16,7/31/16,7/1/16
NJ,2016,8,213668,291408,185721,1019223,505076,1204944,8976,5494,3467,853,1638,4565,1802,8858,.3883495,0,0,8/1/16,8/31/16,8/1/16
NJ,2016,9,213668,291408,185721,1019223,505076,1204944,8824,5344,3463,812,1641,4461,1788,8702,.39404735,0,0,9/1/16,9/30/16,9/1/16
NJ,2016,10,213668,291408,185721,1019223,505076,1204944,8499,5110,3375,787,1564,4248,1778,8377,.3989495,0,0,10/1/16,10/31/16,10/1/16
NJ,2016,11,213668,291408,185721,1019223,505076,1204944,8317,4993,3307,814,1506,4087,1770,8177,.40063593,0,0,11/1/16,11/30/16,11/1/16
NJ,2016,12,213668,291408,185721,1019223,505076,1204944,8520,5124,3377,836,1551,4199,1794,8380,.39916468,0,0,12/1/16,12/31/16,12/1/16
NJ,2017,1,219792,296811,187571,1013413,516603,1200984,7986,4784,3191,700,1438,4010,1718,7866,.40122044,0,0,1/1/17,1/31/17,1/1/17
NJ,2017,2,219792,296811,187571,1013413,516603,1200984,7478,4566,2895,725,1350,3766,1512,7353,.38922888,0,0,2/1/17,2/28/17,2/1/17
NJ,2017,3,219792,296811,187571,1013413,516603,1200984,8462,5205,3243,780,1464,4341,1746,8331,.38530788,0,0,3/1/17,3/31/17,3/1/17
NJ,2017,4,219792,296811,187571,1013413,516603,1200984,7745,4844,2893,729,1320,4034,1540,7623,.37518036,0,0,4/1/17,4/30/17,4/1/17
NJ,2017,5,219792,296811,187571,1013413,516603,1200984,8506,5238,3257,766,1471,4396,1748,8381,.38408303,0,0,5/1/17,5/31/17,5/1/17
NJ,2017,6,219792,296811,187571,1013413,516603,1200984,8612,5343,3256,820,1488,4456,1730,8494,.37885568,0,0,6/1/17,6/30/17,6/1/17
NJ,2017,7,219792,296811,187571,1013413,516603,1200984,8871,5469,3387,872,1574,4517,1776,8739,.38333905,0,0,7/1/17,7/31/17,7/1/17
NJ,2017,8,219792,296811,187571,1013413,516603,1200984,9140,5586,3534,887,1589,4595,1897,8968,.38871545,0,0,8/1/17,8/31/17,8/1/17
NJ,2017,9,219792,296811,187571,1013413,516603,1200984,8704,5371,3319,913,1494,4335,1783,8525,.38439882,0,0,9/1/17,9/30/17,9/1/17
NJ,2017,10,219792,296811,187571,1013413,516603,1200984,8603,5270,3330,812,1526,4372,1761,8471,.38802975,0,0,10/1/17,10/31/17,10/1/17
NJ,2017,11,219792,296811,187571,1013413,516603,1200984,8463,5124,3333,744,1545,4290,1739,8318,.39480644,0,0,11/1/17,11/30/17,11/1/17
NJ,2017,12,219792,296811,187571,1013413,516603,1200984,8250,5030,3205,818,1440,4130,1717,8105,.38951266,0,0,12/1/17,12/31/17,12/1/17
NJ,2018,1,209753,283414,196685,996695,493167,1193380,8158,5010,3138,809,1405,4103,1704,8021,.38760754,0,0,1/1/18,1/31/18,1/1/18
NJ,2018,2,209753,283414,196685,996695,493167,1193380,7434,4517,2897,709,1347,3716,1523,7295,.39342016,0,0,2/1/18,2/28/18,2/1/18
NJ,2018,3,209753,283414,196685,996695,493167,1193380,8495,5335,3149,801,1410,4466,1703,8380,.37147972,0,0,3/1/18,3/31/18,3/1/18
NJ,2018,4,209753,283414,196685,996695,493167,1193380,8124,5103,3009,841,1376,4164,1608,7989,.37351358,0,0,4/1/18,4/30/18,4/1/18
NJ,2018,5,209753,283414,196685,996695,493167,1193380,8611,5371,3230,878,1422,4382,1766,8448,.37736744,0,0,5/1/18,5/31/18,5/1/18
NJ,2018,6,209753,283414,196685,996695,493167,1193380,8589,5243,3337,811,1555,4297,1748,8411,.39270005,0,0,6/1/18,6/30/18,6/1/18
NJ,2018,7,209753,283414,196685,996695,493167,1193380,8775,5437,3328,864,1576,4474,1715,8629,.38138834,0,0,7/1/18,7/31/18,7/1/18
NJ,2018,8,209753,283414,196685,996695,493167,1193380,9235,5823,3406,941,1623,4764,1738,9066,.37072578,0,0,8/1/18,8/31/18,8/1/18
NJ,2018,9,209753,283414,196685,996695,493167,1193380,8584,5333,3241,867,1519,4364,1689,8439,.38013983,0,0,9/1/18,9/30/18,9/1/18
NJ,2018,10,209753,283414,196685,996695,493167,1193380,8601,5285,3312,815,1481,4361,1794,8451,.38752809,0,0,10/1/18,10/31/18,10/1/18
NJ,2018,11,209753,283414,196685,996695,493167,1193380,8028,4930,3091,771,1369,4068,1671,7879,.38583577,0,0,11/1/18,11/30/18,11/1/18
NJ,2018,12,209753,283414,196685,996695,493167,1193380,8162,4983,3174,818,1468,4090,1672,8048,.39015904,0,0,12/1/18,12/31/18,12/1/18
NJ,2019,1,202757,276516,197555,989047,479273,1186602,7991,4942,3040,804,1397,4060,1638,7899,.38422585,0,0,1/1/19,1/31/19,1/1/19
NJ,2019,2,202757,276516,197555,989047,479273,1186602,7321,4609,2704,734,1307,3786,1396,7223,.37422124,0,0,2/1/19,2/28/19,2/1/19
NJ,2019,3,202757,276516,197555,989047,479273,1186602,7960,4988,2966,826,1328,4055,1635,7844,.37774095,0,0,3/1/19,3/31/19,3/1/19
NJ,2019,4,202757,276516,197555,989047,479273,1186602,8035,5105,2923,813,1365,4206,1556,7940,.36788413,0,0,4/1/19,4/30/19,4/1/19
NJ,2019,5,202757,276516,197555,989047,479273,1186602,8410,5296,3105,809,1433,4396,1671,8309,.37357083,0,0,5/1/19,5/31/19,5/1/19
NJ,2019,6,202757,276516,197555,989047,479273,1186602,8316,5196,3114,804,1492,4320,1622,8238,.37800437,0,0,6/1/19,6/30/19,6/1/19
NJ,2019,7,202757,276516,197555,989047,479273,1186602,8766,5589,3173,886,1470,4623,1702,8681,.36539569,0,0,7/1/19,7/31/19,7/1/19
NJ,2019,8,202757,276516,197555,989047,479273,1186602,9083,5661,3414,902,1571,4670,1840,8983,.37971723,0,0,8/1/19,8/31/19,8/1/19
NJ,2019,9,202757,276516,197555,989047,479273,1186602,8756,5355,3395,910,1635,4360,1758,8663,.3916657,0,0,9/1/19,9/30/19,9/1/19
NJ,2019,10,202757,276516,197555,989047,479273,1186602,8525,5304,3218,915,1516,4298,1701,8430,.38161328,0,0,10/1/19,10/31/19,10/1/19
NJ,2019,11,202757,276516,197555,989047,479273,1186602,7959,4909,3044,781,1376,4051,1668,7876,.38649061,0,0,11/1/19,11/30/19,11/1/19
NJ,2019,12,202757,276516,197555,989047,479273,1186602,8056,4954,3095,786,1479,4094,1610,7969,.38762707,0,0,12/1/19,12/31/19,12/1/19
NJ,2020,1,208143,281616,190215,994771,489759,1184986,8124,5142,2977,889,1403,4178,1569,8039,.36969772,0,0,1/1/20,1/31/20,1/1/20
NJ,2020,2,208143,281616,190215,994771,489759,1184986,7517,4642,2871,775,1406,3776,1464,7421,.38674033,0,0,2/1/20,2/28/20,2/1/20
NJ,2020,3,208143,281616,190215,994771,489759,1184986,8135,5054,3072,830,1469,4113,1600,8012,.38305041,0,0,3/1/20,3/31/20,3/1/20
NJ,2020,4,208143,281616,190215,994771,489759,1184986,7806,4924,2877,761,1343,4084,1531,7719,.37232801,0,0,4/1/20,4/30/20,4/1/20
NJ,2020,5,208143,281616,190215,994771,489759,1184986,8361,5351,2997,855,1390,4410,1603,8258,.36243641,0,0,5/1/20,5/31/20,5/1/20
NJ,2020,6,208143,281616,190215,994771,489759,1184986,8412,5387,3019,851,1413,4440,1602,8306,.36299062,0,0,6/1/20,6/30/20,6/1/20
NJ,2020,7,208143,281616,190215,994771,489759,1184986,8676,5614,3057,883,1464,4630,1590,8567,.35648417,0,0,7/1/20,7/31/20,7/1/20
NJ,2020,8,208143,281616,190215,994771,489759,1184986,8615,5534,3074,930,1541,4489,1526,8486,.36141881,0,0,8/1/20,8/31/20,8/1/20
NJ,2020,9,208143,281616,190215,994771,489759,1184986,8630,5531,3095,909,1493,4501,1590,8493,.36300483,0,0,9/1/20,9/30/20,9/1/20
NJ,2020,10,208143,281616,190215,994771,489759,1184986,7902,5017,2881,825,1408,4066,1464,7763,.36996007,0,0,10/1/20,10/31/20,10/1/20
NJ,2020,11,208143,281616,190215,994771,489759,1184986,7752,4866,2881,805,1372,3938,1503,7618,.37739563,0,0,11/1/20,11/30/20,11/1/20
NJ,2020,12,208143,281616,190215,994771,489759,1184986,7589,4877,2701,802,1284,3951,1404,7441,.36124176,0,0,12/1/20,12/31/20,12/1/20
NJ,2021,1,200693,293431,225221,1029068,494124,1254289,7172,4698,2464,747,1166,3844,1290,7047,.34851709,0,0,1/1/21,1/31/21,1/1/21
NJ,2021,2,200693,293431,225221,1029068,494124,1254289,7346,4887,2455,769,1167,3997,1284,7217,.33961481,0,0,2/1/21,2/28/21,2/1/21
NJ,2021,3,200693,293431,225221,1029068,494124,1254289,8423,5460,2958,861,1436,4453,1513,8263,.35689217,0,0,3/1/21,3/31/21,3/1/21
NJ,2021,4,200693,293431,225221,1029068,494124,1254289,8345,5454,2891,882,1381,4429,1499,8191,.35160542,0,0,4/1/21,4/30/21,4/1/21
NJ,2021,5,200693,293431,225221,1029068,494124,1254289,8291,5435,2850,915,1417,4389,1422,8143,.348643,0,0,5/1/21,5/31/21,5/1/21
NJ,2021,6,200693,293431,225221,1029068,494124,1254289,8818,5778,3037,968,1512,4691,1491,8662,.34668669,0,0,6/1/21,6/30/21,6/1/21
NJ,2021,7,200693,293431,225221,1029068,494124,1254289,9108,5994,3108,1008,1490,4841,1575,8914,.34384114,0,0,7/1/21,7/31/21,7/1/21
NJ,2021,8,200693,293431,225221,1029068,494124,1254289,9161,5954,3204,980,1534,4860,1626,9000,.35111111,0,0,8/1/21,8/31/21,8/1/21
NJ,2021,9,200693,293431,225221,1029068,494124,1254289,8988,5759,3226,985,1623,4672,1595,8875,.36259153,0,0,9/1/21,9/30/21,9/1/21
NJ,2021,10,200693,293431,225221,1029068,494124,1254289,8750,5589,3158,952,1500,4533,1657,8642,.36530897,0,0,10/1/21,10/31/21,10/1/21
NJ,2021,11,200693,293431,225221,1029068,494124,1254289,8264,5184,3079,823,1503,4232,1574,8132,.3783817,0,0,11/1/21,11/30/21,11/1/21
NJ,2021,12,200693,293431,225221,1029068,494124,1254289,8409,5317,3088,875,1532,4340,1554,8301,.37176242,0,0,12/1/21,12/31/21,12/1/21
NJ,2022,1,210605,278796,228688,1038631,489401,1267319,8109,5185,2920,889,1455,4253,1464,8061,.36211389,0,0,1/1/22,1/31/22,1/1/22
NJ,2022,2,210605,278796,228688,1038631,489401,1267319,7710,4842,2862,789,1391,4002,1470,7652,.37388918,0,0,2/1/22,2/28/22,2/1/22
NJ,2022,3,210605,278796,228688,1038631,489401,1267319,8618,5434,3178,889,1520,4484,1657,8550,.37157896,0,0,3/1/22,3/31/22,3/1/22
NJ,2022,4,210605,278796,228688,1038631,489401,1267319,8151,5220,2924,840,1441,4339,1482,8102,.36077511,0,0,4/1/22,4/30/22,4/1/22
NJ,2022,5,210605,278796,228688,1038631,489401,1267319,8305,5318,2980,912,1515,4345,1463,8235,.36162719,0,0,5/1/22,5/31/22,5/1/22
NJ,2022,6,210605,278796,228688,1038631,489401,1267319,8594,5459,3132,887,1677,4509,1453,8526,.36711237,0,0,6/1/22,6/30/22,6/1/22
NJ,2022,7,210605,278796,228688,1038631,489401,1267319,9070,5756,3309,975,1723,4708,1581,8987,.36764216,0,0,7/1/22,7/31/22,7/1/22
NJ,2022,8,210605,278796,228688,1038631,489401,1267319,9254,5844,3410,975,1722,4805,1683,9185,.37071311,0,0,8/1/22,8/31/22,8/1/22
NJ,2022,9,210605,278796,228688,1038631,489401,1267319,8549,5372,3174,877,1602,4431,1567,8477,.37383509,0,0,9/1/22,9/30/22,9/1/22
NJ,2022,10,210605,278796,228688,1038631,489401,1267319,8673,5344,3321,862,1680,4417,1636,8595,.3858057,0,0,10/1/22,10/31/22,10/1/22
NJ,2022,11,210605,278796,228688,1038631,489401,1267319,8644,5445,3193,934,1611,4431,1578,8554,.37280804,0,0,11/1/22,11/30/22,11/1/22
NJ,2022,12,210605,278796,228688,1038631,489401,1267319,8729,5409,3312,923,1712,4408,1600,8643,.38320029,0,0,12/1/22,12/31/22,12/1/22
NJ,2023,1,221194,275884,230851,1032385,497078,1263236,8212,5137,3071,897,1561,4134,1509,8101,.37896556,0,0,1/1/23,1/31/23,1/1/23
NJ,2023,2,221194,275884,230851,1032385,497078,1263236,7640,4863,2776,885,1463,3872,1312,7532,.36842805,0,0,2/1/23,2/28/23,2/1/23
NJ,2023,3,221194,275884,230851,1032385,497078,1263236,8310,5205,3098,869,1608,4226,1490,8193,.37812766,0,0,3/1/23,3/31/23,3/1/23
NJ,2023,4,221194,275884,230851,1032385,497078,1263236,7696,4848,2843,788,1505,3962,1336,7591,.374259,0,0,4/1/23,4/30/23,4/1/23
NJ,2023,5,221194,275884,230851,1032385,497078,1263236,8551,5423,3126,878,1644,4448,1479,8449,.36962953,0,0,5/1/23,5/31/23,5/1/23
NJ,2023,6,221194,275884,230851,1032385,497078,1263236,8613,5417,3195,876,1667,4436,1526,8505,.37542623,0,0,6/1/23,6/30/23,6/1/23
NJ,2023,7,221194,275884,230851,1032385,497078,1263236,8870,5622,3247,909,1732,4595,1510,8746,.37068373,0,0,7/1/23,7/31/23,7/1/23
NJ,2023,8,221194,275884,230851,1032385,497078,1263236,8915,5583,3327,929,1757,4646,1566,8898,.37345472,0,0,8/1/23,8/31/23,8/1/23
NJ,2023,9,221194,275884,230851,1032385,497078,1263236,8575,5371,3202,909,1660,4353,1540,8462,.37816119,0,0,9/1/23,9/30/23,9/1/23
NJ,2023,10,221194,275884,230851,1032385,497078,1263236,8609,5364,3243,940,1729,4317,1512,8498,.38138387,0,0,10/1/23,10/31/23,10/1/23
NJ,2023,11,221194,275884,230851,1032385,497078,1263236,8129,5002,3125,841,1577,4054,1544,8016,.3893463,0,0,11/1/23,11/30/23,11/1/23
NJ,2023,12,221194,275884,230851,1032385,497078,1263236,8375,5137,3234,829,1661,4216,1566,8272,.39011121,0,0,12/1/23,12/31/23,12/1/23
NM,2016,1,35551,13477,178956,168496,49028,347452,2057,1736,319,879,255,850,64,2048,.15576172,0,0,1/1/16,1/31/16,1/1/16
NM,2016,2,35551,13477,178956,168496,49028,347452,1985,1666,319,830,246,828,73,1977,.16135558,0,0,2/1/16,2/28/16,2/1/16
NM,2016,3,35551,13477,178956,168496,49028,347452,2047,1726,319,879,244,842,74,2039,.1559588,0,0,3/1/16,3/31/16,3/1/16
NM,2016,4,35551,13477,178956,168496,49028,347452,1940,1611,326,806,251,795,74,1926,.16874351,0,0,4/1/16,4/30/16,4/1/16
NM,2016,5,35551,13477,178956,168496,49028,347452,2021,1709,305,839,252,867,53,2011,.15166584,0,0,5/1/16,5/31/16,5/1/16
NM,2016,6,35551,13477,178956,168496,49028,347452,2066,1721,342,862,277,850,65,2054,.16650438,0,0,6/1/16,6/30/16,6/1/16
NM,2016,7,35551,13477,178956,168496,49028,347452,2144,1827,310,922,239,903,71,2135,.14519906,0,0,7/1/16,7/31/16,7/1/16
NM,2016,8,35551,13477,178956,168496,49028,347452,2225,1855,367,962,293,889,74,2218,.16546439,0,0,8/1/16,8/31/16,8/1/16
NM,2016,9,35551,13477,178956,168496,49028,347452,2127,1804,321,921,256,878,65,2120,.15141509,0,0,9/1/16,9/30/16,9/1/16
NM,2016,10,35551,13477,178956,168496,49028,347452,2085,1762,321,939,254,819,66,2078,.15399423,0,0,10/1/16,10/31/16,10/1/16
NM,2016,11,35551,13477,178956,168496,49028,347452,1974,1665,309,847,237,814,72,1970,.1568528,0,0,11/1/16,11/30/16,11/1/16
NM,2016,12,35551,13477,178956,168496,49028,347452,1970,1632,336,840,268,791,68,1967,.17081851,0,0,12/1/16,12/31/16,12/1/16
NM,2017,1,36840,12335,176690,173361,49175,350051,1984,1682,300,897,237,780,63,1977,.15174507,0,0,1/1/17,1/31/17,1/1/17
NM,2017,2,36840,12335,176690,173361,49175,350051,1835,1564,268,771,218,789,50,1828,.14660831,0,0,2/1/17,2/28/17,2/1/17
NM,2017,3,36840,12335,176690,173361,49175,350051,2039,1743,292,918,227,811,65,2021,.14448293,0,0,3/1/17,3/31/17,3/1/17
NM,2017,4,36840,12335,176690,173361,49175,350051,1820,1546,274,763,221,780,53,1817,.15079802,0,0,4/1/17,4/30/17,4/1/17
NM,2017,5,36840,12335,176690,173361,49175,350051,1951,1667,281,857,215,809,66,1947,.1443246,0,0,5/1/17,5/31/17,5/1/17
NM,2017,6,36840,12335,176690,173361,49175,350051,1954,1678,275,922,203,752,72,1949,.14109799,0,0,6/1/17,6/30/17,6/1/17
NM,2017,7,36840,12335,176690,173361,49175,350051,2120,1801,318,948,246,850,72,2116,.15028356,0,0,7/1/17,7/31/17,7/1/17
NM,2017,8,36840,12335,176690,173361,49175,350051,2162,1834,327,967,271,860,56,2154,.15181059,0,0,8/1/17,8/31/17,8/1/17
NM,2017,9,36840,12335,176690,173361,49175,350051,2093,1781,305,937,239,840,65,2081,.14608361,0,0,9/1/17,9/30/17,9/1/17
NM,2017,10,36840,12335,176690,173361,49175,350051,2002,1702,300,916,233,782,67,1998,.15015015,0,0,10/1/17,10/31/17,10/1/17
NM,2017,11,36840,12335,176690,173361,49175,350051,1872,1571,300,837,229,729,71,1866,.1607717,0,0,11/1/17,11/30/17,11/1/17
NM,2017,12,36840,12335,176690,173361,49175,350051,1880,1594,284,830,229,758,55,1872,.15170941,0,0,12/1/17,12/31/17,12/1/17
NM,2018,1,39383,10775,175128,171391,50158,346519,1872,1555,313,791,250,758,63,1862,.16809882,0,0,1/1/18,1/31/18,1/1/18
NM,2018,2,39383,10775,175128,171391,50158,346519,1734,1488,246,728,186,754,60,1728,.1423611,0,0,2/1/18,2/28/18,2/1/18
NM,2018,3,39383,10775,175128,171391,50158,346519,1853,1567,283,750,223,812,60,1845,.15338753,0,0,3/1/18,3/31/18,3/1/18
NM,2018,4,39383,10775,175128,171391,50158,346519,1773,1508,262,779,197,728,65,1769,.14810628,0,0,4/1/18,4/30/18,4/1/18
NM,2018,5,39383,10775,175128,171391,50158,346519,1968,1676,289,851,232,817,57,1957,.14767501,0,0,5/1/18,5/31/18,5/1/18
NM,2018,6,39383,10775,175128,171391,50158,346519,1810,1513,293,769,221,734,72,1796,.16314031,0,0,6/1/18,6/30/18,6/1/18
NM,2018,7,39383,10775,175128,171391,50158,346519,2035,1737,294,908,236,827,58,2029,.14489897,0,0,7/1/18,7/31/18,7/1/18
NM,2018,8,39383,10775,175128,171391,50158,346519,2077,1778,298,918,251,858,47,2074,.1436837,0,0,8/1/18,8/31/18,8/1/18
NM,2018,9,39383,10775,175128,171391,50158,346519,2112,1789,321,947,249,835,72,2103,.15263909,0,0,9/1/18,9/30/18,9/1/18
NM,2018,10,39383,10775,175128,171391,50158,346519,1985,1678,306,862,245,816,61,1984,.15423387,0,0,10/1/18,10/31/18,10/1/18
NM,2018,11,39383,10775,175128,171391,50158,346519,1852,1563,289,815,229,744,60,1848,.15638529,0,0,11/1/18,11/30/18,11/1/18
NM,2018,12,39383,10775,175128,171391,50158,346519,1920,1627,292,875,229,747,62,1913,.15211709,0,0,12/1/18,12/31/18,12/1/18
NM,2019,1,34965,16324,183294,164845,51289,348139,1878,1613,264,854,196,755,68,1873,.14095035,0,0,1/1/19,1/31/19,1/1/19
NM,2019,2,34965,16324,183294,164845,51289,348139,1618,1387,231,714,173,669,56,1612,.14205955,0,0,2/1/19,2/28/19,2/1/19
NM,2019,3,34965,16324,183294,164845,51289,348139,1836,1570,265,795,206,768,59,1828,.14496718,0,0,3/1/19,3/31/19,3/1/19
NM,2019,4,34965,16324,183294,164845,51289,348139,1854,1575,277,815,224,760,53,1852,.14956804,0,0,4/1/19,4/30/19,4/1/19
NM,2019,5,34965,16324,183294,164845,51289,348139,1950,1655,293,863,225,789,68,1945,.15064268,0,0,5/1/19,5/31/19,5/1/19
NM,2019,6,34965,16324,183294,164845,51289,348139,1888,1579,306,800,242,775,64,1881,.16267942,0,0,6/1/19,6/30/19,6/1/19
NM,2019,7,34965,16324,183294,164845,51289,348139,2039,1768,269,932,210,834,59,2035,.13218673,0,0,7/1/19,7/31/19,7/1/19
NM,2019,8,34965,16324,183294,164845,51289,348139,2113,1794,319,991,270,797,49,2107,.15140009,0,0,8/1/19,8/31/19,8/1/19
NM,2019,9,34965,16324,183294,164845,51289,348139,2027,1745,278,911,217,832,61,2021,.13755566,0,0,9/1/19,9/30/19,9/1/19
NM,2019,10,34965,16324,183294,164845,51289,348139,1974,1683,289,909,229,774,60,1972,.14655173,0,0,10/1/19,10/31/19,10/1/19
NM,2019,11,34965,16324,183294,164845,51289,348139,1885,1594,288,825,239,766,49,1879,.15327302,0,0,11/1/19,11/30/19,11/1/19
NM,2019,12,34965,16324,183294,164845,51289,348139,1841,1565,276,828,218,732,58,1836,.1503268,0,0,12/1/19,12/31/19,12/1/19
NM,2020,1,35124,13623,182892,167630,48747,350522,1810,1564,244,856,190,705,54,1805,.13518006,0,0,1/1/20,1/31/20,1/1/20
NM,2020,2,35124,13623,182892,167630,48747,350522,1722,1450,272,780,209,669,63,1721,.15804765,0,0,2/1/20,2/28/20,2/1/20
NM,2020,3,35124,13623,182892,167630,48747,350522,1858,1609,248,804,195,805,53,1857,.13354874,0,0,3/1/20,3/31/20,3/1/20
NM,2020,4,35124,13623,182892,167630,48747,350522,1754,1502,250,774,188,725,62,1749,.14293882,0,0,4/1/20,4/30/20,4/1/20
NM,2020,5,35124,13623,182892,167630,48747,350522,1814,1547,265,785,194,759,71,1809,.14648977,0,0,5/1/20,5/31/20,5/1/20
NM,2020,6,35124,13623,182892,167630,48747,350522,1776,1529,246,814,194,710,52,1770,.13898306,0,0,6/1/20,6/30/20,6/1/20
NM,2020,7,35124,13623,182892,167630,48747,350522,1940,1658,281,905,233,748,48,1934,.14529473,0,0,7/1/20,7/31/20,7/1/20
NM,2020,8,35124,13623,182892,167630,48747,350522,1996,1718,276,903,217,812,59,1991,.1386238,0,0,8/1/20,8/31/20,8/1/20
NM,2020,9,35124,13623,182892,167630,48747,350522,1928,1630,296,898,222,729,74,1923,.15392616,0,0,9/1/20,9/30/20,9/1/20
NM,2020,10,35124,13623,182892,167630,48747,350522,1867,1617,248,904,198,709,50,1861,.13326168,0,0,10/1/20,10/31/20,10/1/20
NM,2020,11,35124,13623,182892,167630,48747,350522,1643,1418,223,764,164,652,59,1639,.13605857,0,0,11/1/20,11/30/20,11/1/20
NM,2020,12,35124,13623,182892,167630,48747,350522,1755,1523,231,818,165,703,65,1751,.13135351,0,0,12/1/20,12/31/20,12/1/20
NM,2021,1,37374,12085,188046,163904,49459,351950,1665,1430,233,770,192,659,40,1661,.1396749,0,0,1/1/21,1/31/21,1/1/21
NM,2021,2,37374,12085,188046,163904,49459,351950,1570,1356,213,723,163,631,50,1567,.13592853,0,0,2/1/21,2/28/21,2/1/21
NM,2021,3,37374,12085,188046,163904,49459,351950,1727,1504,222,776,164,727,58,1725,.12869565,0,0,3/1/21,3/31/21,3/1/21
NM,2021,4,37374,12085,188046,163904,49459,351950,1730,1512,217,820,171,689,45,1725,.12521739,0,0,4/1/21,4/30/21,4/1/21
NM,2021,5,37374,12085,188046,163904,49459,351950,1728,1497,231,816,179,679,52,1726,.13383546,0,0,5/1/21,5/31/21,5/1/21
NM,2021,6,37374,12085,188046,163904,49459,351950,1824,1567,257,867,202,698,55,1822,.14105378,0,0,6/1/21,6/30/21,6/1/21
NM,2021,7,37374,12085,188046,163904,49459,351950,1874,1614,260,903,207,708,53,1871,.13896312,0,0,7/1/21,7/31/21,7/1/21
NM,2021,8,37374,12085,188046,163904,49459,351950,1861,1601,258,864,192,737,66,1859,.13878429,0,0,8/1/21,8/31/21,8/1/21
NM,2021,9,37374,12085,188046,163904,49459,351950,1908,1656,251,895,198,754,53,1900,.13210526,0,0,9/1/21,9/30/21,9/1/21
NM,2021,10,37374,12085,188046,163904,49459,351950,1814,1542,272,848,218,692,53,1811,.14964108,0,0,10/1/21,10/31/21,10/1/21
NM,2021,11,37374,12085,188046,163904,49459,351950,1785,1520,264,844,210,673,54,1781,.14823133,0,0,11/1/21,11/30/21,11/1/21
NM,2021,12,37374,12085,188046,163904,49459,351950,1856,1593,262,907,200,682,62,1851,.14154512,0,0,12/1/21,12/31/21,12/1/21
NM,2022,1,32020,15280,191894,167678,47300,359572,1721,1478,241,831,190,644,50,1715,.13994169,0,0,1/1/22,1/31/22,1/1/22
NM,2022,2,32020,15280,191894,167678,47300,359572,1575,1342,230,720,181,616,49,1566,.14687102,0,0,2/1/22,2/28/22,2/1/22
NM,2022,3,32020,15280,191894,167678,47300,359572,1808,1534,273,858,206,676,67,1807,.15107913,0,0,3/1/22,3/31/22,3/1/22
NM,2022,4,32020,15280,191894,167678,47300,359572,1695,1424,271,781,209,641,62,1693,.16007088,0,0,4/1/22,4/30/22,4/1/22
NM,2022,5,32020,15280,191894,167678,47300,359572,1765,1517,243,829,193,685,50,1757,.13830392,0,0,5/1/22,5/31/22,5/1/22
NM,2022,6,32020,15280,191894,167678,47300,359572,1721,1461,257,772,197,687,60,1716,.14976691,0,0,6/1/22,6/30/22,6/1/22
NM,2022,7,32020,15280,191894,167678,47300,359572,2021,1714,303,929,235,784,68,2016,.15029761,0,0,7/1/22,7/31/22,7/1/22
NM,2022,8,32020,15280,191894,167678,47300,359572,2016,1680,334,932,250,744,84,2010,.16616915,0,0,8/1/22,8/31/22,8/1/22
NM,2022,9,32020,15280,191894,167678,47300,359572,1821,1554,266,835,213,716,51,1815,.14545454,0,0,9/1/22,9/30/22,9/1/22
NM,2022,10,32020,15280,191894,167678,47300,359572,1816,1558,257,868,211,687,45,1811,.14135836,0,0,10/1/22,10/31/22,10/1/22
NM,2022,11,32020,15280,191894,167678,47300,359572,1793,1515,275,842,211,668,64,1785,.15406163,0,0,11/1/22,11/30/22,11/1/22
NM,2022,12,32020,15280,191894,167678,47300,359572,1795,1524,266,858,206,664,60,1788,.14876957,0,0,12/1/22,12/31/22,12/1/22
NM,2023,1,31920,12844,186188,171681,44764,357869,1736,1503,231,851,179,647,52,1729,.13360325,0,0,1/1/23,1/31/23,1/1/23
NM,2023,2,31920,12844,186188,171681,44764,357869,1600,1364,234,774,188,590,46,1598,.14643304,0,0,2/1/23,2/28/23,2/1/23
NM,2023,3,31920,12844,186188,171681,44764,357869,1809,1515,291,851,228,662,63,1804,.1613082,0,0,3/1/23,3/31/23,3/1/23
NM,2023,4,31920,12844,186188,171681,44764,357869,1596,1345,249,731,190,613,59,1593,.15630884,0,0,4/1/23,4/30/23,4/1/23
NM,2023,5,31920,12844,186188,171681,44764,357869,1770,1477,293,826,228,650,65,1769,.1656303,0,0,5/1/23,5/31/23,5/1/23
NM,2023,6,31920,12844,186188,171681,44764,357869,1755,1489,261,871,198,615,63,1747,.14939897,0,0,6/1/23,6/30/23,6/1/23
NM,2023,7,31920,12844,186188,171681,44764,357869,1859,1579,278,887,222,690,56,1855,.14986522,0,0,7/1/23,7/31/23,7/1/23
NM,2023,8,31920,12844,186188,171681,44764,357869,1891,1620,269,927,229,692,40,1888,.14247881,0,0,8/1/23,8/31/23,8/1/23
NM,2023,9,31920,12844,186188,171681,44764,357869,1726,1450,274,790,203,657,69,1719,.15823153,0,0,9/1/23,9/30/23,9/1/23
NM,2023,10,31920,12844,186188,171681,44764,357869,1697,1423,267,804,223,618,43,1688,.15758294,0,0,10/1/23,10/31/23,10/1/23
NM,2023,11,31920,12844,186188,171681,44764,357869,1712,1450,255,805,203,637,52,1697,.15026517,0,0,11/1/23,11/30/23,11/1/23
NM,2023,12,31920,12844,186188,171681,44764,357869,1754,1481,268,818,197,660,71,1746,.1534937,0,0,12/1/23,12/31/23,12/1/23
NV,2016,1,85919,67740,111952,317691,153659,429643,2901,2104,796,579,497,1519,299,2894,.27505183,0,0,1/1/16,1/31/16,1/1/16
NV,2016,2,85919,67740,111952,317691,153659,429643,2817,2083,731,580,452,1495,279,2806,.26051319,0,0,2/1/16,2/28/16,2/1/16
NV,2016,3,85919,67740,111952,317691,153659,429643,2913,2170,738,535,429,1632,308,2904,.25378788,0,0,3/1/16,3/31/16,3/1/16
NV,2016,4,85919,67740,111952,317691,153659,429643,2867,2057,801,564,484,1486,317,2851,.28095406,0,0,4/1/16,4/30/16,4/1/16
NV,2016,5,85919,67740,111952,317691,153659,429643,2974,2172,800,635,488,1531,310,2964,.26923078,0,0,5/1/16,5/31/16,5/1/16
NV,2016,6,85919,67740,111952,317691,153659,429643,3075,2206,866,600,514,1599,351,3064,.28231069,0,0,6/1/16,6/30/16,6/1/16
NV,2016,7,85919,67740,111952,317691,153659,429643,3142,2266,869,646,538,1614,327,3125,.27680001,0,0,7/1/16,7/31/16,7/1/16
NV,2016,8,85919,67740,111952,317691,153659,429643,3286,2403,882,652,554,1741,327,3274,.26908979,0,0,8/1/16,8/31/16,8/1/16
NV,2016,9,85919,67740,111952,317691,153659,429643,3250,2362,882,701,535,1657,347,3240,.27222222,0,0,9/1/16,9/30/16,9/1/16
NV,2016,10,85919,67740,111952,317691,153659,429643,3045,2236,806,658,494,1572,312,3036,.26548091,0,0,10/1/16,10/31/16,10/1/16
NV,2016,11,85919,67740,111952,317691,153659,429643,2897,2119,776,608,471,1505,305,2889,.26860505,0,0,11/1/16,11/30/16,11/1/16
NV,2016,12,85919,67740,111952,317691,153659,429643,3011,2158,844,643,503,1510,341,2997,.28161496,0,0,12/1/16,12/31/16,12/1/16
NV,2017,1,82838,69812,118901,320933,152650,439834,2978,2182,791,634,466,1533,325,2958,.26741043,0,0,1/1/17,1/31/17,1/1/17
NV,2017,2,82838,69812,118901,320933,152650,439834,2655,1925,725,527,412,1392,309,2640,.27310607,0,0,2/1/17,2/28/17,2/1/17
NV,2017,3,82838,69812,118901,320933,152650,439834,2860,2112,742,604,432,1497,308,2841,.26047167,0,0,3/1/17,3/31/17,3/1/17
NV,2017,4,82838,69812,118901,320933,152650,439834,2761,2050,704,550,431,1494,272,2747,.25591555,0,0,4/1/17,4/30/17,4/1/17
NV,2017,5,82838,69812,118901,320933,152650,439834,3019,2216,787,632,464,1573,321,2990,.2625418,0,0,5/1/17,5/31/17,5/1/17
NV,2017,6,82838,69812,118901,320933,152650,439834,3046,2238,803,657,454,1570,349,3030,.2650165,0,0,6/1/17,6/30/17,6/1/17
NV,2017,7,82838,69812,118901,320933,152650,439834,3094,2230,859,666,541,1555,318,3080,.27889609,0,0,7/1/17,7/31/17,7/1/17
NV,2017,8,82838,69812,118901,320933,152650,439834,3138,2343,789,662,490,1663,294,3109,.25217113,0,0,8/1/17,8/31/17,8/1/17
NV,2017,9,82838,69812,118901,320933,152650,439834,3155,2291,859,665,550,1614,308,3137,.27350971,0,0,9/1/17,9/30/17,9/1/17
NV,2017,10,82838,69812,118901,320933,152650,439834,3074,2216,854,612,522,1595,332,3061,.27899379,0,0,10/1/17,10/31/17,10/1/17
NV,2017,11,82838,69812,118901,320933,152650,439834,2938,2091,843,580,513,1506,329,2928,.2875683,0,0,11/1/17,11/30/17,11/1/17
NV,2017,12,82838,69812,118901,320933,152650,439834,2926,2166,758,589,477,1564,281,2911,.26039162,0,0,12/1/17,12/31/17,12/1/17
NV,2018,1,79536,62265,123890,327482,141801,451372,2891,2134,756,593,437,1532,318,2880,.26215279,0,0,1/1/18,1/31/18,1/1/18
NV,2018,2,79536,62265,123890,327482,141801,451372,2659,1939,716,563,411,1372,304,2650,.26981133,0,0,2/1/18,2/28/18,2/1/18
NV,2018,3,79536,62265,123890,327482,141801,451372,2919,2178,737,599,441,1570,295,2905,.25335628,0,0,3/1/18,3/31/18,3/1/18
NV,2018,4,79536,62265,123890,327482,141801,451372,2752,2076,674,582,403,1490,271,2746,.24544792,0,0,4/1/18,4/30/18,4/1/18
NV,2018,5,79536,62265,123890,327482,141801,451372,2942,2182,757,629,437,1548,319,2933,.25775656,0,0,5/1/18,5/31/18,5/1/18
NV,2018,6,79536,62265,123890,327482,141801,451372,3000,2249,748,663,445,1576,302,2986,.25016746,0,0,6/1/18,6/30/18,6/1/18
NV,2018,7,79536,62265,123890,327482,141801,451372,3128,2291,832,679,499,1604,332,3114,.26685935,0,0,7/1/18,7/31/18,7/1/18
NV,2018,8,79536,62265,123890,327482,141801,451372,3295,2430,857,750,524,1672,331,3277,.26090938,0,0,8/1/18,8/31/18,8/1/18
NV,2018,9,79536,62265,123890,327482,141801,451372,2942,2141,796,633,500,1502,296,2931,.27157965,0,0,9/1/18,9/30/18,9/1/18
NV,2018,10,79536,62265,123890,327482,141801,451372,3078,2254,820,630,479,1614,340,3063,.26738492,0,0,10/1/18,10/31/18,10/1/18
NV,2018,11,79536,62265,123890,327482,141801,451372,2960,2141,808,682,509,1451,298,2940,.27448979,0,0,11/1/18,11/30/18,11/1/18
NV,2018,12,79536,62265,123890,327482,141801,451372,3001,2214,781,697,474,1505,307,2983,.26181695,0,0,12/1/18,12/31/18,12/1/18
NV,2019,1,79268,65955,128390,329254,145223,457644,2947,2130,815,656,474,1464,340,2934,.27743694,0,0,1/1/19,1/31/19,1/1/19
NV,2019,2,79268,65955,128390,329254,145223,457644,2590,1941,648,591,388,1342,259,2580,.25077519,0,0,2/1/19,2/28/19,2/1/19
NV,2019,3,79268,65955,128390,329254,145223,457644,2805,2102,699,614,397,1480,301,2792,.25,0,0,3/1/19,3/31/19,3/1/19
NV,2019,4,79268,65955,128390,329254,145223,457644,2678,1989,682,584,397,1391,284,2656,.25640061,0,0,4/1/19,4/30/19,4/1/19
NV,2019,5,79268,65955,128390,329254,145223,457644,2826,2090,728,631,415,1451,313,2810,.25907475,0,0,5/1/19,5/31/19,5/1/19
NV,2019,6,79268,65955,128390,329254,145223,457644,2889,2168,718,636,452,1526,266,2880,.24930556,0,0,6/1/19,6/30/19,6/1/19
NV,2019,7,79268,65955,128390,329254,145223,457644,3103,2337,760,747,435,1580,325,3087,.24619372,0,0,7/1/19,7/31/19,7/1/19
NV,2019,8,79268,65955,128390,329254,145223,457644,3292,2416,869,721,525,1680,342,3268,.26529989,0,0,8/1/19,8/31/19,8/1/19
NV,2019,9,79268,65955,128390,329254,145223,457644,3092,2286,804,683,485,1594,316,3078,.26023391,0,0,9/1/19,9/30/19,9/1/19
NV,2019,10,79268,65955,128390,329254,145223,457644,3029,2276,748,714,449,1558,299,3020,.24768212,0,0,10/1/19,10/31/19,10/1/19
NV,2019,11,79268,65955,128390,329254,145223,457644,2734,2020,709,622,442,1396,266,2726,.25972119,0,0,11/1/19,11/30/19,11/1/19
NV,2019,12,79268,65955,128390,329254,145223,457644,2964,2206,756,699,443,1497,312,2951,.25584549,0,0,12/1/19,12/31/19,12/1/19
NV,2020,1,80398,64725,123355,325009,145123,448364,2757,2105,646,659,381,1442,262,2744,.23432945,0,0,1/1/20,1/31/20,1/1/20
NV,2020,2,80398,64725,123355,325009,145123,448364,2610,1988,619,616,357,1364,262,2599,.23816852,0,0,2/1/20,2/28/20,2/1/20
NV,2020,3,80398,64725,123355,325009,145123,448364,2817,2138,676,647,411,1484,264,2806,.24055596,0,0,3/1/20,3/31/20,3/1/20
NV,2020,4,80398,64725,123355,325009,145123,448364,2669,2017,646,616,375,1397,269,2657,.24237862,0,0,4/1/20,4/30/20,4/1/20
NV,2020,5,80398,64725,123355,325009,145123,448364,2727,2072,652,639,359,1425,293,2716,.24005891,0,0,5/1/20,5/31/20,5/1/20
NV,2020,6,80398,64725,123355,325009,145123,448364,2740,2063,673,648,392,1408,281,2729,.24661048,0,0,6/1/20,6/30/20,6/1/20
NV,2020,7,80398,64725,123355,325009,145123,448364,3060,2328,727,733,437,1583,288,3041,.23840842,0,0,7/1/20,7/31/20,7/1/20
NV,2020,8,80398,64725,123355,325009,145123,448364,2946,2201,740,713,439,1475,298,2925,.25196582,0,0,8/1/20,8/31/20,8/1/20
NV,2020,9,80398,64725,123355,325009,145123,448364,2918,2193,716,758,415,1425,301,2899,.24698173,0,0,9/1/20,9/30/20,9/1/20
NV,2020,10,80398,64725,123355,325009,145123,448364,2895,2178,716,642,413,1527,302,2884,.24791956,0,0,10/1/20,10/31/20,10/1/20
NV,2020,11,80398,64725,123355,325009,145123,448364,2666,2010,653,662,370,1341,283,2656,.24585843,0,0,11/1/20,11/30/20,11/1/20
NV,2020,12,80398,64725,123355,325009,145123,448364,2758,2084,670,660,386,1414,283,2743,.24389355,0,0,12/1/20,12/31/20,12/1/20
NV,2021,1,69518,59758,146343,341319,129276,487662,2556,1987,566,614,327,1362,238,2541,.2223534,0,0,1/1/21,1/31/21,1/1/21
NV,2021,2,69518,59758,146343,341319,129276,487662,2435,1913,517,602,298,1303,219,2422,.21345995,0,0,2/1/21,2/28/21,2/1/21
NV,2021,3,69518,59758,146343,341319,129276,487662,2756,2129,623,655,348,1468,275,2746,.22687545,0,0,3/1/21,3/31/21,3/1/21
NV,2021,4,69518,59758,146343,341319,129276,487662,2601,2018,581,599,350,1415,229,2593,.22329348,0,0,4/1/21,4/30/21,4/1/21
NV,2021,5,69518,59758,146343,341319,129276,487662,2793,2163,627,690,366,1468,261,2785,.22513466,0,0,5/1/21,5/31/21,5/1/21
NV,2021,6,69518,59758,146343,341319,129276,487662,2842,2218,621,732,357,1480,264,2833,.21920227,0,0,6/1/21,6/30/21,6/1/21
NV,2021,7,69518,59758,146343,341319,129276,487662,2970,2284,682,749,412,1531,270,2962,.23024984,0,0,7/1/21,7/31/21,7/1/21
NV,2021,8,69518,59758,146343,341319,129276,487662,3090,2395,686,775,398,1606,283,3062,.22240366,0,0,8/1/21,8/31/21,8/1/21
NV,2021,9,69518,59758,146343,341319,129276,487662,2907,2227,676,749,410,1472,265,2896,.2330801,0,0,9/1/21,9/30/21,9/1/21
NV,2021,10,69518,59758,146343,341319,129276,487662,2961,2247,704,760,438,1483,266,2947,.238887,0,0,10/1/21,10/31/21,10/1/21
NV,2021,11,69518,59758,146343,341319,129276,487662,2798,2163,630,692,381,1462,249,2784,.2262931,0,0,11/1/21,11/30/21,11/1/21
NV,2021,12,69518,59758,146343,341319,129276,487662,2880,2136,738,689,418,1440,315,2862,.2561146,0,0,12/1/21,12/31/21,12/1/21
NV,2022,1,74031,62461,149996,341534,136492,491530,2750,2078,669,696,375,1372,294,2737,.2444282,0,0,1/1/22,1/31/22,1/1/22
NV,2022,2,74031,62461,149996,341534,136492,491530,2488,1881,607,604,356,1265,246,2471,.24362606,0,0,2/1/22,2/28/22,2/1/22
NV,2022,3,74031,62461,149996,341534,136492,491530,2646,2010,631,628,353,1375,272,2628,.23782344,0,0,3/1/22,3/31/22,3/1/22
NV,2022,4,74031,62461,149996,341534,136492,491530,2626,2020,603,659,348,1354,254,2615,.23021032,0,0,4/1/22,4/30/22,4/1/22
NV,2022,5,74031,62461,149996,341534,136492,491530,2658,2025,631,671,373,1343,257,2644,.23827533,0,0,5/1/22,5/31/22,5/1/22
NV,2022,6,74031,62461,149996,341534,136492,491530,2642,2023,617,684,374,1323,240,2621,.23426174,0,0,6/1/22,6/30/22,6/1/22
NV,2022,7,74031,62461,149996,341534,136492,491530,2906,2200,704,729,399,1456,303,2887,.24315898,0,0,7/1/22,7/31/22,7/1/22
NV,2022,8,74031,62461,149996,341534,136492,491530,3014,2289,723,760,424,1516,296,2996,.24032043,0,0,8/1/22,8/31/22,8/1/22
NV,2022,9,74031,62461,149996,341534,136492,491530,2860,2159,698,726,424,1426,274,2850,.24491228,0,0,9/1/22,9/30/22,9/1/22
NV,2022,10,74031,62461,149996,341534,136492,491530,2819,2156,659,731,376,1417,282,2806,.2344975,0,0,10/1/22,10/31/22,10/1/22
NV,2022,11,74031,62461,149996,341534,136492,491530,2842,2171,666,739,390,1423,276,2828,.23550212,0,0,11/1/22,11/30/22,11/1/22
NV,2022,12,74031,62461,149996,341534,136492,491530,2842,2157,681,733,426,1421,254,2834,.23994355,0,0,12/1/22,12/31/22,12/1/22
NV,2023,1,72437,61890,148069,343960,134327,492029,2706,2033,670,647,374,1380,295,2696,.2481454,0,0,1/1/23,1/31/23,1/1/23
NV,2023,2,72437,61890,148069,343960,134327,492029,2444,1843,600,577,343,1250,256,2426,.24690849,0,0,2/1/23,2/28/23,2/1/23
NV,2023,3,72437,61890,148069,343960,134327,492029,2583,1966,611,661,324,1295,286,2566,.23772408,0,0,3/1/23,3/31/23,3/1/23
NV,2023,4,72437,61890,148069,343960,134327,492029,2462,1904,557,624,322,1267,233,2446,.22690107,0,0,4/1/23,4/30/23,4/1/23
NV,2023,5,72437,61890,148069,343960,134327,492029,2556,1983,570,650,336,1318,234,2538,.22458629,0,0,5/1/23,5/31/23,5/1/23
NV,2023,6,72437,61890,148069,343960,134327,492029,2627,1959,663,621,383,1320,280,2604,.2546083,0,0,6/1/23,6/30/23,6/1/23
NV,2023,7,72437,61890,148069,343960,134327,492029,2648,1994,653,673,418,1314,234,2639,.24706328,0,0,7/1/23,7/31/23,7/1/23
NV,2023,8,72437,61890,148069,343960,134327,492029,2863,2121,740,720,475,1392,264,2851,.25920731,0,0,8/1/23,8/31/23,8/1/23
NV,2023,9,72437,61890,148069,343960,134327,492029,2697,1974,722,700,433,1261,285,2679,.26801044,0,0,9/1/23,9/30/23,9/1/23
NV,2023,10,72437,61890,148069,343960,134327,492029,2744,2067,675,695,404,1357,270,2726,.24724871,0,0,10/1/23,10/31/23,10/1/23
NV,2023,11,72437,61890,148069,343960,134327,492029,2655,2000,653,688,411,1293,240,2632,.24734043,0,0,11/1/23,11/30/23,11/1/23
NV,2023,12,72437,61890,148069,343960,134327,492029,2708,2015,688,709,408,1300,279,2696,.25482196,0,0,12/1/23,12/31/23,12/1/23
NY,2016,1,389492,706967,461880,2446941,1096459,2908821,19041,11855,7175,1804,2730,9760,4387,18681,.38097534,0,0,1/1/16,1/31/16,1/1/16
NY,2016,2,389492,706967,461880,2446941,1096459,2908821,18088,11341,6743,1685,2581,9397,4104,17767,.37625936,0,0,2/1/16,2/28/16,2/1/16
NY,2016,3,389492,706967,461880,2446941,1096459,2908821,19006,11955,7038,1746,2689,9928,4300,18663,.37448427,0,0,3/1/16,3/31/16,3/1/16
NY,2016,4,389492,706967,461880,2446941,1096459,2908821,18984,12011,6958,1735,2588,9971,4315,18609,.37094954,0,0,4/1/16,4/30/16,4/1/16
NY,2016,5,389492,706967,461880,2446941,1096459,2908821,19819,12486,7323,1790,2691,10395,4587,19463,.37394029,0,0,5/1/16,5/31/16,5/1/16
NY,2016,6,389492,706967,461880,2446941,1096459,2908821,19504,12365,7131,1781,2615,10322,4472,19190,.36930692,0,0,6/1/16,6/30/16,6/1/16
NY,2016,7,389492,706967,461880,2446941,1096459,2908821,20465,12838,7620,1797,2848,10759,4712,20116,.37582025,0,0,7/1/16,7/31/16,7/1/16
NY,2016,8,389492,706967,461880,2446941,1096459,2908821,21058,13145,7905,2002,2979,10801,4870,20652,.38006005,0,0,8/1/16,8/31/16,8/1/16
NY,2016,9,389492,706967,461880,2446941,1096459,2908821,19998,12391,7603,1814,2818,10272,4733,19637,.3845292,0,0,9/1/16,9/30/16,9/1/16
NY,2016,10,389492,706967,461880,2446941,1096459,2908821,19461,11934,7521,1828,2704,9800,4752,19084,.39069378,0,0,10/1/16,10/31/16,10/1/16
NY,2016,11,389492,706967,461880,2446941,1096459,2908821,18600,11279,7317,1681,2629,9298,4625,18233,.39785007,0,0,11/1/16,11/30/16,11/1/16
NY,2016,12,389492,706967,461880,2446941,1096459,2908821,19208,11685,7507,1788,2727,9611,4714,18840,.39495754,0,0,12/1/16,12/31/16,12/1/16
NY,2017,1,393524,692250,458734,2450199,1085774,2908933,18481,11265,7213,1644,2673,9525,4521,18363,.39176604,0,0,1/1/17,1/31/17,1/1/17
NY,2017,2,393524,692250,458734,2450199,1085774,2908933,17154,10704,6445,1651,2445,8940,3984,17020,.37773207,0,0,2/1/17,2/28/17,2/1/17
NY,2017,3,393524,692250,458734,2450199,1085774,2908933,18903,11806,7085,1767,2679,9951,4390,18787,.37627083,0,0,3/1/17,3/31/17,3/1/17
NY,2017,4,393524,692250,458734,2450199,1085774,2908933,18200,11533,6659,1636,2435,9797,4202,18070,.36729386,0,0,4/1/17,4/30/17,4/1/17
NY,2017,5,393524,692250,458734,2450199,1085774,2908933,19164,12212,6942,1704,2570,10395,4347,19016,.36374632,0,0,5/1/17,5/31/17,5/1/17
NY,2017,6,393524,692250,458734,2450199,1085774,2908933,19413,12420,6987,1781,2624,10548,4340,19293,.36095995,0,0,6/1/17,6/30/17,6/1/17
NY,2017,7,393524,692250,458734,2450199,1085774,2908933,20178,12894,7275,1930,2712,10859,4538,20039,.3617945,0,0,7/1/17,7/31/17,7/1/17
NY,2017,8,393524,692250,458734,2450199,1085774,2908933,20425,12928,7488,1894,2798,10912,4674,20278,.36847815,0,0,8/1/17,8/31/17,8/1/17
NY,2017,9,393524,692250,458734,2450199,1085774,2908933,19758,12195,7551,1818,2803,10188,4708,19517,.38484398,0,0,9/1/17,9/30/17,9/1/17
NY,2017,10,393524,692250,458734,2450199,1085774,2908933,19560,12057,7490,1807,2803,10034,4635,19279,.38580838,0,0,10/1/17,10/31/17,10/1/17
NY,2017,11,393524,692250,458734,2450199,1085774,2908933,18874,11659,7209,1720,2603,9746,4564,18633,.38464016,0,0,11/1/17,11/30/17,11/1/17
NY,2017,12,393524,692250,458734,2450199,1085774,2908933,18530,11467,7057,1751,2660,9524,4354,18289,.38350922,0,0,12/1/17,12/31/17,12/1/17
NY,2018,1,380625,681069,452504,2399027,1061694,2851531,18977,11783,7186,1799,2612,9804,4549,18764,.38163504,0,0,1/1/18,1/31/18,1/1/18
NY,2018,2,380625,681069,452504,2399027,1061694,2851531,16652,10463,6180,1560,2308,8753,3851,16472,.37390724,0,0,2/1/18,2/28/18,2/1/18
NY,2018,3,380625,681069,452504,2399027,1061694,2851531,18614,11784,6821,1650,2559,9961,4233,18403,.36907026,0,0,3/1/18,3/31/18,3/1/18
NY,2018,4,380625,681069,452504,2399027,1061694,2851531,17934,11318,6604,1688,2484,9450,4079,17701,.37077001,0,0,4/1/18,4/30/18,4/1/18
NY,2018,5,380625,681069,452504,2399027,1061694,2851531,19458,12581,6868,1820,2554,10595,4284,19253,.35516542,0,0,5/1/18,5/31/18,5/1/18
NY,2018,6,380625,681069,452504,2399027,1061694,2851531,19249,12399,6842,1793,2518,10391,4271,18973,.35782427,0,0,6/1/18,6/30/18,6/1/18
NY,2018,7,380625,681069,452504,2399027,1061694,2851531,19542,12559,6976,1903,2524,10477,4406,19310,.35888141,0,0,7/1/18,7/31/18,7/1/18
NY,2018,8,380625,681069,452504,2399027,1061694,2851531,20179,12992,7175,1987,2645,10831,4495,19958,.35775128,0,0,8/1/18,8/31/18,8/1/18
NY,2018,9,380625,681069,452504,2399027,1061694,2851531,18811,11937,6863,1797,2585,9959,4245,18586,.3674809,0,0,9/1/18,9/30/18,9/1/18
NY,2018,10,380625,681069,452504,2399027,1061694,2851531,19160,12178,6973,1812,2603,10209,4343,18967,.36621499,0,0,10/1/18,10/31/18,10/1/18
NY,2018,11,380625,681069,452504,2399027,1061694,2851531,18246,11566,6671,1688,2481,9691,4163,18023,.36864007,0,0,11/1/18,11/30/18,11/1/18
NY,2018,12,380625,681069,452504,2399027,1061694,2851531,18297,11585,6688,1737,2441,9708,4233,18119,.36834264,0,0,12/1/18,12/31/18,12/1/18
NY,2019,1,357350,646976,463673,2411240,1004326,2874913,18181,11478,6695,1670,2497,9679,4179,18025,.37037447,0,0,1/1/19,1/31/19,1/1/19
NY,2019,2,357350,646976,463673,2411240,1004326,2874913,16214,10359,5843,1549,2223,8671,3600,16043,.36296204,0,0,2/1/19,2/28/19,2/1/19
NY,2019,3,357350,646976,463673,2411240,1004326,2874913,17827,11547,6270,1722,2301,9668,3950,17641,.35434499,0,0,3/1/19,3/31/19,3/1/19
NY,2019,4,357350,646976,463673,2411240,1004326,2874913,17874,11653,6212,1635,2227,9882,3968,17712,.34976289,0,0,4/1/19,4/30/19,4/1/19
NY,2019,5,357350,646976,463673,2411240,1004326,2874913,18691,12135,6548,1758,2342,10268,4175,18543,.35145336,0,0,5/1/19,5/31/19,5/1/19
NY,2019,6,357350,646976,463673,2411240,1004326,2874913,18464,12030,6422,1733,2291,10183,4112,18319,.34952781,0,0,6/1/19,6/30/19,6/1/19
NY,2019,7,357350,646976,463673,2411240,1004326,2874913,19725,12952,6762,1896,2478,10944,4274,19592,.34463045,0,0,7/1/19,7/31/19,7/1/19
NY,2019,8,357350,646976,463673,2411240,1004326,2874913,19951,12769,7173,1957,2692,10653,4464,19766,.36203581,0,0,8/1/19,8/31/19,8/1/19
NY,2019,9,357350,646976,463673,2411240,1004326,2874913,19073,12126,6934,1850,2658,10121,4247,18876,.36580843,0,0,9/1/19,9/30/19,9/1/19
NY,2019,10,357350,646976,463673,2411240,1004326,2874913,18748,11810,6935,1708,2496,9953,4409,18566,.37191641,0,0,10/1/19,10/31/19,10/1/19
NY,2019,11,357350,646976,463673,2411240,1004326,2874913,17609,11177,6416,1764,2311,9300,4084,17459,.36628672,0,0,11/1/19,11/30/19,11/1/19
NY,2019,12,357350,646976,463673,2411240,1004326,2874913,18079,11289,6778,1752,2586,9394,4164,17896,.37717927,0,0,12/1/19,12/31/19,12/1/19
NY,2020,1,361550,659665,465636,2409671,1021215,2875307,17871,11485,6374,1716,2371,9632,3975,17694,.35865265,0,0,1/1/20,1/31/20,1/1/20
NY,2020,2,361550,659665,465636,2409671,1021215,2875307,16598,10816,5772,1676,2143,9004,3603,16426,.34981129,0,0,2/1/20,2/28/20,2/1/20
NY,2020,3,361550,659665,465636,2409671,1021215,2875307,17656,11623,6018,1741,2150,9735,3840,17466,.34295201,0,0,3/1/20,3/31/20,3/1/20
NY,2020,4,361550,659665,465636,2409671,1021215,2875307,17066,11173,5875,1656,2173,9370,3671,16870,.34641376,0,0,4/1/20,4/30/20,4/1/20
NY,2020,5,361550,659665,465636,2409671,1021215,2875307,17793,11856,5927,1772,2226,9949,3675,17622,.33486551,0,0,5/1/20,5/31/20,5/1/20
NY,2020,6,361550,659665,465636,2409671,1021215,2875307,17976,12054,5908,1769,2272,10168,3608,17817,.33002189,0,0,6/1/20,6/30/20,6/1/20
NY,2020,7,361550,659665,465636,2409671,1021215,2875307,18741,12511,6222,1874,2416,10458,3769,18517,.3340174,0,0,7/1/20,7/31/20,7/1/20
NY,2020,8,361550,659665,465636,2409671,1021215,2875307,17908,11922,5977,1765,2352,10013,3592,17722,.33540231,0,0,8/1/20,8/31/20,8/1/20
NY,2020,9,361550,659665,465636,2409671,1021215,2875307,17829,11692,6126,1820,2417,9714,3680,17631,.34581137,0,0,9/1/20,9/30/20,9/1/20
NY,2020,10,361550,659665,465636,2409671,1021215,2875307,17432,11473,5947,1745,2313,9546,3590,17194,.34331745,0,0,10/1/20,10/31/20,10/1/20
NY,2020,11,361550,659665,465636,2409671,1021215,2875307,15958,10418,5531,1624,2132,8618,3367,15741,.3493425,0,0,11/1/20,11/30/20,11/1/20
NY,2020,12,361550,659665,465636,2409671,1021215,2875307,15448,10275,5162,1571,1976,8570,3147,15264,.3356263,0,0,12/1/20,12/31/20,12/1/20
NY,2021,1,328300,620014,506190,2444190,948314,2950380,15133,10238,4892,1517,1854,8569,2998,14938,.32480922,0,0,1/1/21,1/31/21,1/1/21
NY,2021,2,328300,620014,506190,2444190,948314,2950380,15175,10245,4924,1507,1896,8575,2997,14975,.32674459,0,0,2/1/21,2/28/21,2/1/21
NY,2021,3,328300,620014,506190,2444190,948314,2950380,17715,11903,5805,1726,2321,10007,3454,17508,.32984921,0,0,3/1/21,3/31/21,3/1/21
NY,2021,4,328300,620014,506190,2444190,948314,2950380,17197,11566,5624,1739,2229,9644,3369,16981,.32966256,0,0,4/1/21,4/30/21,4/1/21
NY,2021,5,328300,620014,506190,2444190,948314,2950380,17710,12042,5658,1801,2265,10070,3369,17505,.3218509,0,0,5/1/21,5/31/21,5/1/21
NY,2021,6,328300,620014,506190,2444190,948314,2950380,18398,12525,5861,1898,2323,10456,3501,18178,.32038727,0,0,6/1/21,6/30/21,6/1/21
NY,2021,7,328300,620014,506190,2444190,948314,2950380,18754,12699,6042,1950,2418,10605,3585,18558,.32347235,0,0,7/1/21,7/31/21,7/1/21
NY,2021,8,328300,620014,506190,2444190,948314,2950380,18690,12599,6082,1954,2437,10477,3608,18476,.32718122,0,0,8/1/21,8/31/21,8/1/21
NY,2021,9,328300,620014,506190,2444190,948314,2950380,18231,11818,6398,1788,2538,9858,3825,18009,.35332334,0,0,9/1/21,9/30/21,9/1/21
NY,2021,10,328300,620014,506190,2444190,948314,2950380,18127,11833,6281,1855,2476,9890,3776,17997,.34739122,0,0,10/1/21,10/31/21,10/1/21
NY,2021,11,328300,620014,506190,2444190,948314,2950380,17047,11126,5911,1754,2343,9299,3556,16952,.34798253,0,0,11/1/21,11/30/21,11/1/21
NY,2021,12,328300,620014,506190,2444190,948314,2950380,17497,11361,6124,1776,2413,9496,3697,17382,.35151306,0,0,12/1/21,12/31/21,12/1/21
NY,2022,1,340353,621727,491718,2425625,962080,2917343,16526,10798,5716,1745,2316,8985,3388,16434,.3470853,0,0,1/1/22,1/31/22,1/1/22
NY,2022,2,340353,621727,491718,2425625,962080,2917343,15501,10192,5303,1587,2148,8539,3143,15417,.34319258,0,0,2/1/22,2/28/22,2/1/22
NY,2022,3,340353,621727,491718,2425625,962080,2917343,17039,11117,5917,1718,2329,9298,3569,16914,.3487052,0,0,3/1/22,3/31/22,3/1/22
NY,2022,4,340353,621727,491718,2425625,962080,2917343,16568,10869,5684,1588,2202,9203,3465,16458,.34433103,0,0,4/1/22,4/30/22,4/1/22
NY,2022,5,340353,621727,491718,2425625,962080,2917343,17258,11351,5898,1681,2229,9593,3651,17154,.34277719,0,0,5/1/22,5/31/22,5/1/22
NY,2022,6,340353,621727,491718,2425625,962080,2917343,17548,11562,5980,1787,2402,9694,3551,17434,.34145921,0,0,6/1/22,6/30/22,6/1/22
NY,2022,7,340353,621727,491718,2425625,962080,2917343,18331,12156,6165,1885,2553,10182,3599,18219,.33766946,0,0,7/1/22,7/31/22,7/1/22
NY,2022,8,340353,621727,491718,2425625,962080,2917343,18344,12011,6316,1911,2670,9990,3611,18182,.34545153,0,0,8/1/22,8/31/22,8/1/22
NY,2022,9,340353,621727,491718,2425625,962080,2917343,17119,11102,6008,1700,2493,9315,3492,17000,.35205883,0,0,9/1/22,9/30/22,9/1/22
NY,2022,10,340353,621727,491718,2425625,962080,2917343,17641,11380,6250,1813,2564,9463,3654,17494,.35543615,0,0,10/1/22,10/31/22,10/1/22
NY,2022,11,340353,621727,491718,2425625,962080,2917343,17193,11030,6151,1667,2513,9267,3599,17046,.35855919,0,0,11/1/22,11/30/22,11/1/22
NY,2022,12,340353,621727,491718,2425625,962080,2917343,17551,11272,6267,1806,2586,9366,3642,17400,.35793105,0,0,12/1/22,12/31/22,12/1/22
NY,2023,1,355472,608708,476253,2417544,964180,2893797,16493,10602,5880,1703,2450,8797,3401,16351,.35783744,0,0,1/1/23,1/31/23,1/1/23
NY,2023,2,355472,608708,476253,2417544,964180,2893797,14724,9501,5212,1454,2171,7950,3024,14599,.35584629,0,0,2/1/23,2/28/23,2/1/23
NY,2023,3,355472,608708,476253,2417544,964180,2893797,16922,11121,5793,1734,2377,9288,3398,16797,.34381139,0,0,3/1/23,3/31/23,3/1/23
NY,2023,4,355472,608708,476253,2417544,964180,2893797,15928,10333,5582,1663,2359,8582,3205,15809,.35195142,0,0,4/1/23,4/30/23,4/1/23
NY,2023,5,355472,608708,476253,2417544,964180,2893797,17301,11232,6056,1699,2593,9428,3440,17160,.35157344,0,0,5/1/23,5/31/23,5/1/23
NY,2023,6,355472,608708,476253,2417544,964180,2893797,17352,11356,5984,1746,2478,9479,3480,17183,.34673804,0,0,6/1/23,6/30/23,6/1/23
NY,2023,7,355472,608708,476253,2417544,964180,2893797,17703,11495,6197,1768,2686,9601,3489,17544,.35197219,0,0,7/1/23,7/31/23,7/1/23
NY,2023,8,355472,608708,476253,2417544,964180,2893797,17903,11553,6331,1713,2731,9721,3577,17742,.35554051,0,0,8/1/23,8/31/23,8/1/23
NY,2023,9,355472,608708,476253,2417544,964180,2893797,17085,10804,6273,1627,2667,9057,3584,16935,.3691172,0,0,9/1/23,9/30/23,9/1/23
NY,2023,10,355472,608708,476253,2417544,964180,2893797,17509,11231,6265,1766,2671,9336,3570,17343,.35985699,0,0,10/1/23,10/31/23,10/1/23
NY,2023,11,355472,608708,476253,2417544,964180,2893797,17024,10742,6270,1691,2676,8929,3572,16868,.3704055,0,0,11/1/23,11/30/23,11/1/23
NY,2023,12,355472,608708,476253,2417544,964180,2893797,16536,10535,5993,1630,2522,8803,3453,16408,.36415163,0,0,12/1/23,12/31/23,12/1/23
OH,2016,1,30859,119612,61951,1981145,150471,2043096,10884,9688,1114,284,310,9369,789,10752,.10221354,0,0,1/1/16,1/31/16,1/1/16
OH,2016,2,30859,119612,61951,1981145,150471,2043096,10828,9739,1009,269,279,9433,722,10703,.093525179,0,0,2/1/16,2/28/16,2/1/16
OH,2016,3,30859,119612,61951,1981145,150471,2043096,11357,10233,1013,313,267,9889,741,11210,.089919716,0,0,3/1/16,3/31/16,3/1/16
OH,2016,4,30859,119612,61951,1981145,150471,2043096,11084,9904,1076,307,298,9569,767,10941,.097340278,0,0,4/1/16,4/30/16,4/1/16
OH,2016,5,30859,119612,61951,1981145,150471,2043096,11626,10377,1141,320,310,10040,822,11492,.098503307,0,0,5/1/16,5/31/16,5/1/16
OH,2016,6,30859,119612,61951,1981145,150471,2043096,11890,10682,1143,315,303,10348,836,11802,.096509069,0,0,6/1/16,6/30/16,6/1/16
OH,2016,7,30859,119612,61951,1981145,150471,2043096,12024,10733,1203,320,328,10389,870,11907,.10061309,0,0,7/1/16,7/31/16,7/1/16
OH,2016,8,30859,119612,61951,1981145,150471,2043096,12640,11345,1208,360,330,10961,873,12524,.096055575,0,0,8/1/16,8/31/16,8/1/16
OH,2016,9,30859,119612,61951,1981145,150471,2043096,11963,10679,1193,335,295,10323,893,11846,.10028702,0,0,9/1/16,9/30/16,9/1/16
OH,2016,10,30859,119612,61951,1981145,150471,2043096,11352,10179,1097,315,287,9837,806,11245,.097198755,0,0,10/1/16,10/31/16,10/1/16
OH,2016,11,30859,119612,61951,1981145,150471,2043096,10856,9702,1084,315,289,9371,787,10762,.09998142,0,0,11/1/16,11/30/16,11/1/16
OH,2016,12,30859,119612,61951,1981145,150471,2043096,11304,10100,1132,325,287,9762,840,11214,.10049938,0,0,12/1/16,12/31/16,12/1/16
OH,2017,1,40669,122742,59342,1985477,163411,2044819,10907,9760,1095,327,290,9416,803,10836,.10086748,0,0,1/1/17,1/31/17,1/1/17
OH,2017,2,40669,122742,59342,1985477,163411,2044819,10131,9093,983,292,271,8784,708,10055,.097364493,0,0,2/1/17,2/28/17,2/1/17
OH,2017,3,40669,122742,59342,1985477,163411,2044819,11393,10249,1085,304,273,9924,808,11309,.095587581,0,0,3/1/17,3/31/17,3/1/17
OH,2017,4,40669,122742,59342,1985477,163411,2044819,10704,9613,1043,275,255,9329,784,10643,.097622849,0,0,4/1/17,4/30/17,4/1/17
OH,2017,5,40669,122742,59342,1985477,163411,2044819,11520,10258,1200,327,323,9920,877,11447,.10483096,0,0,5/1/17,5/31/17,5/1/17
OH,2017,6,40669,122742,59342,1985477,163411,2044819,11604,10394,1136,303,293,10071,843,11510,.098696783,0,0,6/1/17,6/30/17,6/1/17
OH,2017,7,40669,122742,59342,1985477,163411,2044819,11918,10674,1191,372,318,10293,872,11855,.10037959,0,0,7/1/17,7/31/17,7/1/17
OH,2017,8,40669,122742,59342,1985477,163411,2044819,12450,11189,1201,340,333,10833,865,12371,.096839383,0,0,8/1/17,8/31/17,8/1/17
OH,2017,9,40669,122742,59342,1985477,163411,2044819,12025,10771,1193,315,316,10441,872,11944,.099464163,0,0,9/1/17,9/30/17,9/1/17
OH,2017,10,40669,122742,59342,1985477,163411,2044819,11772,10528,1176,331,329,10185,845,11690,.10042772,0,0,10/1/17,10/31/17,10/1/17
OH,2017,11,40669,122742,59342,1985477,163411,2044819,11022,9835,1122,322,312,9499,809,10942,.10244928,0,0,11/1/17,11/30/17,11/1/17
OH,2017,12,40669,122742,59342,1985477,163411,2044819,11127,9934,1112,309,291,9611,820,11031,.10071617,0,0,12/1/17,12/31/17,12/1/17
OH,2018,1,36328,133453,62122,1978048,169781,2040170,11002,9812,1135,327,331,9468,802,10928,.10367862,0,0,1/1/18,1/31/18,1/1/18
OH,2018,2,36328,133453,62122,1978048,169781,2040170,10298,9231,1016,276,254,8940,761,10231,.099208288,0,0,2/1/18,2/28/18,2/1/18
OH,2018,3,36328,133453,62122,1978048,169781,2040170,11300,10180,1066,278,289,9893,776,11236,.094784617,0,0,3/1/18,3/31/18,3/1/18
OH,2018,4,36328,133453,62122,1978048,169781,2040170,10711,9624,1048,271,288,9342,759,10660,.098217636,0,0,4/1/18,4/30/18,4/1/18
OH,2018,5,36328,133453,62122,1978048,169781,2040170,11574,10384,1130,327,313,10040,817,11497,.09828651,0,0,5/1/18,5/31/18,5/1/18
OH,2018,6,36328,133453,62122,1978048,169781,2040170,11437,10195,1187,335,328,9844,858,11365,.10435548,0,0,6/1/18,6/30/18,6/1/18
OH,2018,7,36328,133453,62122,1978048,169781,2040170,11695,10462,1189,317,337,10129,852,11635,.10219166,0,0,7/1/18,7/31/18,7/1/18
OH,2018,8,36328,133453,62122,1978048,169781,2040170,12277,11010,1219,337,327,10650,891,12205,.099795163,0,0,8/1/18,8/31/18,8/1/18
OH,2018,9,36328,133453,62122,1978048,169781,2040170,11295,10101,1137,305,317,9785,817,11224,.1010335,0,0,9/1/18,9/30/18,9/1/18
OH,2018,10,36328,133453,62122,1978048,169781,2040170,11589,10456,1076,313,252,10130,822,11517,.093253449,0,0,10/1/18,10/31/18,10/1/18
OH,2018,11,36328,133453,62122,1978048,169781,2040170,10782,9653,1093,336,265,9304,827,10732,.10175177,0,0,11/1/18,11/30/18,11/1/18
OH,2018,12,36328,133453,62122,1978048,169781,2040170,10880,9664,1159,332,332,9311,826,10801,.1072123,0,0,12/1/18,12/31/18,12/1/18
OH,2019,1,37977,126699,71109,1975095,164676,2046204,11045,9842,1193,310,355,9519,837,11021,.10815716,0,0,1/1/19,1/31/19,1/1/19
OH,2019,2,37977,126699,71109,1975095,164676,2046204,10080,9035,1028,323,253,8693,774,10043,.10226028,0,0,2/1/19,2/28/19,2/1/19
OH,2019,3,37977,126699,71109,1975095,164676,2046204,10857,9729,1116,304,295,9405,821,10825,.10309469,0,0,3/1/19,3/31/19,3/1/19
OH,2019,4,37977,126699,71109,1975095,164676,2046204,10701,9612,1082,319,285,9272,796,10672,.1012931,0,0,4/1/19,4/30/19,4/1/19
OH,2019,5,37977,126699,71109,1975095,164676,2046204,11352,10127,1212,370,294,9744,916,11324,.1068527,0,0,5/1/19,5/31/19,5/1/19
OH,2019,6,37977,126699,71109,1975095,164676,2046204,11137,9889,1232,331,313,9545,916,11105,.11067087,0,0,6/1/19,6/30/19,6/1/19
OH,2019,7,37977,126699,71109,1975095,164676,2046204,11965,10672,1276,327,338,10325,937,11927,.10690031,0,0,7/1/19,7/31/19,7/1/19
OH,2019,8,37977,126699,71109,1975095,164676,2046204,12330,11055,1256,333,351,10710,905,12299,.10212212,0,0,8/1/19,8/31/19,8/1/19
OH,2019,9,37977,126699,71109,1975095,164676,2046204,11676,10429,1202,336,331,10083,871,11621,.10343344,0,0,9/1/19,9/30/19,9/1/19
OH,2019,10,37977,126699,71109,1975095,164676,2046204,11726,10445,1209,311,348,10119,861,11639,.10387491,0,0,10/1/19,10/31/19,10/1/19
OH,2019,11,37977,126699,71109,1975095,164676,2046204,10414,9258,1095,293,297,8947,794,10331,.10560449,0,0,11/1/19,11/30/19,11/1/19
OH,2019,12,37977,126699,71109,1975095,164676,2046204,10923,9711,1151,347,327,9352,824,10850,.10608295,0,0,12/1/19,12/31/19,12/1/19
OH,2020,1,36592,125301,66070,1981433,161893,2047503,10645,9474,1153,314,324,9146,828,10612,.10855635,0,0,1/1/20,1/31/20,1/1/20
OH,2020,2,36592,125301,66070,1981433,161893,2047503,10135,9069,1049,321,286,8738,763,10108,.10377918,0,0,2/1/20,2/28/20,2/1/20
OH,2020,3,36592,125301,66070,1981433,161893,2047503,10686,9540,1127,291,298,9244,827,10660,.10553471,0,0,3/1/20,3/31/20,3/1/20
OH,2020,4,36592,125301,66070,1981433,161893,2047503,10321,9156,1139,278,298,8865,840,10281,.11068963,0,0,4/1/20,4/30/20,4/1/20
OH,2020,5,36592,125301,66070,1981433,161893,2047503,10931,9736,1165,302,308,9424,857,10891,.10696906,0,0,5/1/20,5/31/20,5/1/20
OH,2020,6,36592,125301,66070,1981433,161893,2047503,11019,9888,1113,319,303,9552,808,10982,.10116554,0,0,6/1/20,6/30/20,6/1/20
OH,2020,7,36592,125301,66070,1981433,161893,2047503,11628,10352,1258,344,387,9998,870,11599,.10837141,0,0,7/1/20,7/31/20,7/1/20
OH,2020,8,36592,125301,66070,1981433,161893,2047503,11512,10250,1229,327,322,9915,905,11469,.10698404,0,0,8/1/20,8/31/20,8/1/20
OH,2020,9,36592,125301,66070,1981433,161893,2047503,11072,9873,1182,325,351,9534,831,11041,.10705552,0,0,9/1/20,9/30/20,9/1/20
OH,2020,10,36592,125301,66070,1981433,161893,2047503,10741,9538,1172,338,299,9190,872,10699,.10944948,0,0,10/1/20,10/31/20,10/1/20
OH,2020,11,36592,125301,66070,1981433,161893,2047503,9931,8791,1120,314,317,8470,801,9902,.11290649,0,0,11/1/20,11/30/20,11/1/20
OH,2020,12,36592,125301,66070,1981433,161893,2047503,10301,9151,1114,337,325,8804,789,10255,.10862993,0,0,12/1/20,12/31/20,12/1/20
OH,2021,1,30641,129026,84862,1996867,159667,2081729,9849,8840,994,282,295,8550,697,9824,.1009772,0,0,1/1/21,1/31/21,1/1/21
OH,2021,2,30641,129026,84862,1996867,159667,2081729,9705,8691,1002,316,279,8361,723,9679,.10352309,0,0,2/1/21,2/28/21,2/1/21
OH,2021,3,30641,129026,84862,1996867,159667,2081729,10801,9656,1133,337,325,9302,805,10769,.10493082,0,0,3/1/21,3/31/21,3/1/21
OH,2021,4,30641,129026,84862,1996867,159667,2081729,10452,9324,1121,332,321,8973,797,10423,.10726278,0,0,4/1/21,4/30/21,4/1/21
OH,2021,5,30641,129026,84862,1996867,159667,2081729,10817,9687,1121,342,338,9335,783,10798,.10381552,0,0,5/1/21,5/31/21,5/1/21
OH,2021,6,30641,129026,84862,1996867,159667,2081729,11230,10015,1201,341,349,9664,852,11206,.10717472,0,0,6/1/21,6/30/21,6/1/21
OH,2021,7,30641,129026,84862,1996867,159667,2081729,11654,10427,1209,374,373,10038,833,11618,.10380444,0,0,7/1/21,7/31/21,7/1/21
OH,2021,8,30641,129026,84862,1996867,159667,2081729,11494,10248,1230,353,374,9881,852,11460,.1069808,0,0,8/1/21,8/31/21,8/1/21
OH,2021,9,30641,129026,84862,1996867,159667,2081729,11422,10116,1288,360,386,9740,901,11387,.11302362,0,0,9/1/21,9/30/21,9/1/21
OH,2021,10,30641,129026,84862,1996867,159667,2081729,10986,9779,1190,343,347,9417,843,10950,.1086758,0,0,10/1/21,10/31/21,10/1/21
OH,2021,11,30641,129026,84862,1996867,159667,2081729,10355,9154,1194,297,384,8841,805,10327,.11513508,0,0,11/1/21,11/30/21,11/1/21
OH,2021,12,30641,129026,84862,1996867,159667,2081729,10721,9417,1286,343,400,9057,885,10685,.12026205,0,0,12/1/21,12/31/21,12/1/21
OH,2022,1,41278,130803,78160,1986040,172081,2064200,9978,8761,1204,370,385,8370,818,9943,.12098964,0,0,1/1/22,1/31/22,1/1/22
OH,2022,2,41278,130803,78160,1986040,172081,2064200,9450,8328,1111,308,340,8000,768,9416,.11767205,0,0,2/1/22,2/28/22,2/1/22
OH,2022,3,41278,130803,78160,1986040,172081,2064200,10856,9525,1321,348,413,9165,905,10831,.12168775,0,0,3/1/22,3/31/22,3/1/22
OH,2022,4,41278,130803,78160,1986040,172081,2064200,10216,9005,1190,341,351,8650,838,10180,.11679764,0,0,4/1/22,4/30/22,4/1/22
OH,2022,5,41278,130803,78160,1986040,172081,2064200,10611,9315,1275,337,390,8962,884,10573,.1204956,0,0,5/1/22,5/31/22,5/1/22
OH,2022,6,41278,130803,78160,1986040,172081,2064200,10891,9581,1294,351,405,9218,885,10859,.11879547,0,0,6/1/22,6/30/22,6/1/22
OH,2022,7,41278,130803,78160,1986040,172081,2064200,11161,9861,1268,315,373,9527,893,11108,.11397191,0,0,7/1/22,7/31/22,7/1/22
OH,2022,8,41278,130803,78160,1986040,172081,2064200,11700,10280,1395,359,434,9903,959,11655,.11951952,0,0,8/1/22,8/31/22,8/1/22
OH,2022,9,41278,130803,78160,1986040,172081,2064200,10699,9389,1269,340,435,9039,834,10648,.11917731,0,0,9/1/22,9/30/22,9/1/22
OH,2022,10,41278,130803,78160,1986040,172081,2064200,10610,9260,1325,345,422,8902,902,10571,.12524833,0,0,10/1/22,10/31/22,10/1/22
OH,2022,11,41278,130803,78160,1986040,172081,2064200,10631,9276,1319,371,430,8890,885,10576,.12433813,0,0,11/1/22,11/30/22,11/1/22
OH,2022,12,41278,130803,78160,1986040,172081,2064200,11150,9685,1432,363,497,9310,933,11103,.12879401,0,0,12/1/22,12/31/22,12/1/22
OH,2023,1,41287,129934,89613,1986295,171221,2075908,10619,9252,1351,334,430,8910,915,10589,.1270186,0,0,1/1/23,1/31/23,1/1/23
OH,2023,2,41287,129934,89613,1986295,171221,2075908,9631,8333,1278,333,416,7992,862,9603,.13308342,0,0,2/1/23,2/28/23,2/1/23
OH,2023,3,41287,129934,89613,1986295,171221,2075908,10873,9525,1324,346,409,9169,914,10838,.12207049,0,0,3/1/23,3/31/23,3/1/23
OH,2023,4,41287,129934,89613,1986295,171221,2075908,10104,8795,1281,328,406,8465,874,10073,.12707238,0,0,4/1/23,4/30/23,4/1/23
OH,2023,5,41287,129934,89613,1986295,171221,2075908,10525,9199,1296,338,417,8850,877,10482,.12344972,0,0,5/1/23,5/31/23,5/1/23
OH,2023,6,41287,129934,89613,1986295,171221,2075908,10781,9435,1311,397,432,9017,878,10724,.12215591,0,0,6/1/23,6/30/23,6/1/23
OH,2023,7,41287,129934,89613,1986295,171221,2075908,11163,9767,1365,365,474,9383,890,11112,.12275018,0,0,7/1/23,7/31/23,7/1/23
OH,2023,8,41287,129934,89613,1986295,171221,2075908,11086,9682,1393,383,457,9285,936,11061,.12593798,0,0,8/1/23,8/31/23,8/1/23
OH,2023,9,41287,129934,89613,1986295,171221,2075908,10759,9303,1433,358,538,8938,893,10727,.13340169,0,0,9/1/23,9/30/23,9/1/23
OH,2023,10,41287,129934,89613,1986295,171221,2075908,10741,9191,1514,348,522,8827,990,10687,.1414803,0,0,10/1/23,10/31/23,10/1/23
OH,2023,11,41287,129934,89613,1986295,171221,2075908,10080,8662,1399,343,496,8311,902,10052,.1390768,0,0,11/1/23,11/30/23,11/1/23
OH,2023,12,41287,129934,89613,1986295,171221,2075908,10228,8810,1402,363,464,8437,938,10202,.13742404,0,0,12/1/23,12/31/23,12/1/23
OK,2016,1,37175,33687,50462,650681,70862,701143,4272,3725,546,287,351,3431,195,4264,.12804878,1,0,1/1/16,1/31/16,1/1/16
OK,2016,2,37175,33687,50462,650681,70862,701143,4274,3719,550,295,322,3421,228,4266,.1289264,1,0,2/1/16,2/28/16,2/1/16
OK,2016,3,37175,33687,50462,650681,70862,701143,4358,3826,530,273,288,3550,239,4350,.12114943,1,0,3/1/16,3/31/16,3/1/16
OK,2016,4,37175,33687,50462,650681,70862,701143,4137,3588,547,264,311,3318,236,4129,.1324776,1,0,4/1/16,4/30/16,4/1/16
OK,2016,5,37175,33687,50462,650681,70862,701143,4238,3675,560,280,336,3390,223,4229,.13218255,1,0,5/1/16,5/31/16,5/1/16
OK,2016,6,37175,33687,50462,650681,70862,701143,4453,3877,575,290,348,3586,227,4451,.12918445,1,0,6/1/16,6/30/16,6/1/16
OK,2016,7,37175,33687,50462,650681,70862,701143,4465,3883,577,291,354,3583,223,4451,.12963378,1,0,7/1/16,7/31/16,7/1/16
OK,2016,8,37175,33687,50462,650681,70862,701143,4796,4173,621,317,387,3852,233,4789,.12946336,1,0,8/1/16,8/31/16,8/1/16
OK,2016,9,37175,33687,50462,650681,70862,701143,4614,4001,610,293,385,3702,225,4605,.13246471,1,0,9/1/16,9/30/16,9/1/16
OK,2016,10,37175,33687,50462,650681,70862,701143,4346,3798,546,302,336,3490,210,4338,.12586446,1,0,10/1/16,10/31/16,10/1/16
OK,2016,11,37175,33687,50462,650681,70862,701143,4229,3652,570,269,337,3377,233,4216,.13519923,1,0,11/1/16,11/30/16,11/1/16
OK,2016,12,37175,33687,50462,650681,70862,701143,4306,3771,535,286,311,3484,224,4305,.1242741,1,0,12/1/16,12/31/16,12/1/16
OK,2017,1,35401,29182,57544,647299,64583,704843,4048,3503,543,290,322,3209,221,4042,.13433944,1,0,1/1/17,1/31/17,1/1/17
OK,2017,2,35401,29182,57544,647299,64583,704843,3759,3250,508,264,304,2982,204,3754,.13532232,1,0,2/1/17,2/28/17,2/1/17
OK,2017,3,35401,29182,57544,647299,64583,704843,4160,3668,489,276,290,3388,199,4153,.1177462,1,0,3/1/17,3/31/17,3/1/17
OK,2017,4,35401,29182,57544,647299,64583,704843,3765,3266,497,275,293,2986,203,3757,.13202024,1,0,4/1/17,4/30/17,4/1/17
OK,2017,5,35401,29182,57544,647299,64583,704843,4274,3766,505,287,298,3477,206,4268,.1180881,1,0,5/1/17,5/31/17,5/1/17
OK,2017,6,35401,29182,57544,647299,64583,704843,4265,3727,532,305,324,3414,208,4251,.12514703,1,0,6/1/17,6/30/17,6/1/17
OK,2017,7,35401,29182,57544,647299,64583,704843,4278,3667,606,293,389,3365,216,4263,.14191884,1,0,7/1/17,7/31/17,7/1/17
OK,2017,8,35401,29182,57544,647299,64583,704843,4635,4043,592,307,357,3728,235,4627,.12794468,1,0,8/1/17,8/31/17,8/1/17
OK,2017,9,35401,29182,57544,647299,64583,704843,4444,3867,576,273,343,3594,232,4442,.12944619,1,0,9/1/17,9/30/17,9/1/17
OK,2017,10,35401,29182,57544,647299,64583,704843,4305,3722,581,298,357,3417,223,4295,.13504075,1,0,10/1/17,10/31/17,10/1/17
OK,2017,11,35401,29182,57544,647299,64583,704843,4072,3534,537,292,315,3238,221,4066,.1318249,1,0,11/1/17,11/30/17,11/1/17
OK,2017,12,35401,29182,57544,647299,64583,704843,4105,3557,542,323,333,3228,208,4092,.13220918,1,0,12/1/17,12/31/17,12/1/17
OK,2018,1,35398,37485,62912,638955,72883,701867,4243,3677,563,336,328,3330,235,4229,.1331284,1,0,1/1/18,1/31/18,1/1/18
OK,2018,2,35398,37485,62912,638955,72883,701867,3729,3282,444,255,263,3026,181,3725,.11919463,1,0,2/1/18,2/28/18,2/1/18
OK,2018,3,35398,37485,62912,638955,72883,701867,4139,3610,526,309,324,3298,200,4131,.12684581,1,0,3/1/18,3/31/18,3/1/18
OK,2018,4,35398,37485,62912,638955,72883,701867,3868,3354,513,283,283,3067,230,3863,.13279834,1,0,4/1/18,4/30/18,4/1/18
OK,2018,5,35398,37485,62912,638955,72883,701867,4188,3679,508,314,285,3364,221,4184,.1209369,1,0,5/1/18,5/31/18,5/1/18
OK,2018,6,35398,37485,62912,638955,72883,701867,4039,3559,478,309,293,3243,185,4030,.11861042,1,0,6/1/18,6/30/18,6/1/18
OK,2018,7,35398,37485,62912,638955,72883,701867,4339,3770,567,335,358,3428,209,4330,.13094689,1,0,7/1/18,7/31/18,7/1/18
OK,2018,8,35398,37485,62912,638955,72883,701867,4567,3960,604,325,366,3629,238,4558,.13251425,1,0,8/1/18,8/31/18,8/1/18
OK,2018,9,35398,37485,62912,638955,72883,701867,4230,3710,517,298,335,3408,182,4223,.12242482,1,0,9/1/18,9/30/18,9/1/18
OK,2018,10,35398,37485,62912,638955,72883,701867,4279,3737,539,330,345,3403,193,4271,.12596582,1,0,10/1/18,10/31/18,10/1/18
OK,2018,11,35398,37485,62912,638955,72883,701867,4051,3535,512,314,314,3212,197,4037,.12657914,1,0,11/1/18,11/30/18,11/1/18
OK,2018,12,35398,37485,62912,638955,72883,701867,4055,3549,505,322,296,3219,209,4046,.12481463,1,0,12/1/18,12/31/18,12/1/18
OK,2019,1,40556,36280,59010,648207,76836,707217,4153,3652,499,339,320,3304,179,4142,.1204732,1,0,1/1/19,1/31/19,1/1/19
OK,2019,2,40556,36280,59010,648207,76836,707217,3576,3160,412,297,251,2860,160,3568,.11519058,1,0,2/1/19,2/28/19,2/1/19
OK,2019,3,40556,36280,59010,648207,76836,707217,3921,3437,482,297,283,3133,199,3912,.12321063,1,0,3/1/19,3/31/19,3/1/19
OK,2019,4,40556,36280,59010,648207,76836,707217,3907,3457,450,307,268,3144,182,3901,.11535504,1,0,4/1/19,4/30/19,4/1/19
OK,2019,5,40556,36280,59010,648207,76836,707217,4122,3583,536,334,317,3247,218,4116,.12998056,1,0,5/1/19,5/31/19,5/1/19
OK,2019,6,40556,36280,59010,648207,76836,707217,3890,3436,452,302,295,3127,157,3881,.11646483,1,0,6/1/19,6/30/19,6/1/19
OK,2019,7,40556,36280,59010,648207,76836,707217,4336,3754,575,334,347,3415,228,4324,.13297872,1,0,7/1/19,7/31/19,7/1/19
OK,2019,8,40556,36280,59010,648207,76836,707217,4490,3935,551,367,341,3560,208,4476,.12265415,1,0,8/1/19,8/31/19,8/1/19
OK,2019,9,40556,36280,59010,648207,76836,707217,4313,3752,559,367,354,3380,204,4305,.12961672,1,0,9/1/19,9/30/19,9/1/19
OK,2019,10,40556,36280,59010,648207,76836,707217,4291,3741,545,345,334,3390,211,4280,.12733644,1,0,10/1/19,10/31/19,10/1/19
OK,2019,11,40556,36280,59010,648207,76836,707217,3907,3378,523,333,323,3039,200,3895,.13427471,1,0,11/1/19,11/30/19,11/1/19
OK,2019,12,40556,36280,59010,648207,76836,707217,4168,3630,530,322,306,3303,224,4155,.12755716,1,0,12/1/19,12/31/19,12/1/19
OK,2020,1,36430,35319,58087,643213,71749,701300,4059,3564,492,332,296,3226,195,4049,.12126451,1,0,1/1/20,1/31/20,1/1/20
OK,2020,2,36430,35319,58087,643213,71749,701300,3676,3183,480,273,280,2908,199,3660,.13087432,1,0,2/1/20,2/28/20,2/1/20
OK,2020,3,36430,35319,58087,643213,71749,701300,4019,3555,460,351,270,3202,190,4013,.11462746,1,0,3/1/20,3/31/20,3/1/20
OK,2020,4,36430,35319,58087,643213,71749,701300,3843,3392,448,314,255,3074,192,3835,.11655802,1,0,4/1/20,4/30/20,4/1/20
OK,2020,5,36430,35319,58087,643213,71749,701300,3807,3354,453,296,269,3054,184,3803,.11911649,1,0,5/1/20,5/31/20,5/1/20
OK,2020,6,36430,35319,58087,643213,71749,701300,3928,3458,468,325,269,3131,198,3923,.11904155,1,0,6/1/20,6/30/20,6/1/20
OK,2020,7,36430,35319,58087,643213,71749,701300,4172,3621,548,374,317,3240,230,4161,.13145879,1,0,7/1/20,7/31/20,7/1/20
OK,2020,8,36430,35319,58087,643213,71749,701300,4198,3637,554,346,351,3290,203,4190,.13221957,1,0,8/1/20,8/31/20,8/1/20
OK,2020,9,36430,35319,58087,643213,71749,701300,4133,3591,541,358,350,3227,191,4126,.13111973,1,0,9/1/20,9/30/20,9/1/20
OK,2020,10,36430,35319,58087,643213,71749,701300,4023,3540,481,373,303,3161,178,4015,.11980075,1,0,10/1/20,10/31/20,10/1/20
OK,2020,11,36430,35319,58087,643213,71749,701300,3765,3263,500,334,308,2923,191,3756,.1328541,1,0,11/1/20,11/30/20,11/1/20
OK,2020,12,36430,35319,58087,643213,71749,701300,3914,3478,435,320,262,3153,172,3907,.11108267,1,0,12/1/20,12/31/20,12/1/20
OK,2021,1,32872,31155,74050,656473,64027,730523,3757,3315,441,323,272,2990,169,3754,.11747469,1,0,1/1/21,1/31/21,1/1/21
OK,2021,2,32872,31155,74050,656473,64027,730523,3498,3073,425,287,277,2762,146,3472,.1218318,1,0,2/1/21,2/28/21,2/1/21
OK,2021,3,32872,31155,74050,656473,64027,730523,4054,3592,462,334,289,3226,169,4018,.11398706,1,0,3/1/21,3/31/21,3/1/21
OK,2021,4,32872,31155,74050,656473,64027,730523,3776,3372,399,314,248,3053,150,3765,.10571049,1,0,4/1/21,4/30/21,4/1/21
OK,2021,5,32872,31155,74050,656473,64027,730523,3951,3484,461,369,290,3112,170,3941,.11672164,1,0,5/1/21,5/31/21,5/1/21
OK,2021,6,32872,31155,74050,656473,64027,730523,4162,3665,496,385,325,3276,171,4157,.11931682,1,0,6/1/21,6/30/21,6/1/21
OK,2021,7,32872,31155,74050,656473,64027,730523,4321,3788,531,358,359,3424,172,4313,.12311616,1,0,7/1/21,7/31/21,7/1/21
OK,2021,8,32872,31155,74050,656473,64027,730523,4308,3719,586,397,376,3311,210,4294,.1364695,1,0,8/1/21,8/31/21,8/1/21
OK,2021,9,32872,31155,74050,656473,64027,730523,4235,3727,504,404,336,3317,168,4225,.11928994,1,0,9/1/21,9/30/21,9/1/21
OK,2021,10,32872,31155,74050,656473,64027,730523,4061,3500,557,379,339,3115,218,4051,.13749692,1,0,10/1/21,10/31/21,10/1/21
OK,2021,11,32872,31155,74050,656473,64027,730523,3990,3501,488,396,299,3097,189,3981,.12258226,1,0,11/1/21,11/30/21,11/1/21
OK,2021,12,32872,31155,74050,656473,64027,730523,4211,3662,548,412,342,3245,206,4205,.13032104,1,0,12/1/21,12/31/21,12/1/21
OK,2022,1,36337,33822,74291,659251,70159,733542,3958,3453,502,368,324,3081,176,3949,.12661433,1,0,1/1/22,1/31/22,1/1/22
OK,2022,2,36337,33822,74291,659251,70159,733542,3579,3110,469,340,293,2768,176,3577,.13111547,1,0,2/1/22,2/28/22,2/1/22
OK,2022,3,36337,33822,74291,659251,70159,733542,4031,3499,530,317,317,3178,213,4025,.13167702,1,0,3/1/22,3/31/22,3/1/22
OK,2022,4,36337,33822,74291,659251,70159,733542,3727,3244,481,336,306,2906,174,3722,.12896292,1,0,4/1/22,4/30/22,4/1/22
OK,2022,5,36337,33822,74291,659251,70159,733542,3802,3310,490,368,289,2937,201,3795,.12911727,1,0,5/1/22,5/31/22,5/1/22
OK,2022,6,36337,33822,74291,659251,70159,733542,3913,3449,461,355,302,3089,159,3905,.11805378,1,0,6/1/22,6/30/22,6/1/22
OK,2022,7,36337,33822,74291,659251,70159,733542,4268,3718,544,442,347,3274,197,4260,.12769952,1,0,7/1/22,7/31/22,7/1/22
OK,2022,8,36337,33822,74291,659251,70159,733542,4547,3965,578,448,363,3511,215,4537,.12739696,1,0,8/1/22,8/31/22,8/1/22
OK,2022,9,36337,33822,74291,659251,70159,733542,4072,3544,524,401,326,3136,198,4061,.12903225,1,0,9/1/22,9/30/22,9/1/22
OK,2022,10,36337,33822,74291,659251,70159,733542,3942,3398,540,374,352,3022,188,3936,.13719513,1,0,10/1/22,10/31/22,10/1/22
OK,2022,11,36337,33822,74291,659251,70159,733542,4135,3582,551,399,338,3178,212,4127,.13326871,1,0,11/1/22,11/30/22,11/1/22
OK,2022,12,36337,33822,74291,659251,70159,733542,4270,3687,580,363,373,3318,205,4259,.13571261,1,1,12/1/22,12/31/22,12/1/22
OK,2023,1,40078,30817,83620,665050,70895,748670,4057,3570,485,435,317,3132,168,4052,.11969398,1,1,1/1/23,1/31/23,1/1/23
OK,2023,2,40078,30817,83620,665050,70895,748670,3633,3164,465,332,289,2829,175,3625,.12800001,1,1,2/1/23,2/28/23,2/1/23
OK,2023,3,40078,30817,83620,665050,70895,748670,3964,3455,505,381,297,3069,208,3955,.12768647,1,1,3/1/23,3/31/23,3/1/23
OK,2023,4,40078,30817,83620,665050,70895,748670,3657,3153,503,339,310,2809,193,3651,.13777047,1,1,4/1/23,4/30/23,4/1/23
OK,2023,5,40078,30817,83620,665050,70895,748670,3997,3460,535,372,321,3084,213,3990,.13383459,1,1,5/1/23,5/31/23,5/1/23
OK,2023,6,40078,30817,83620,665050,70895,748670,4046,3502,541,405,349,3093,191,4038,.13372956,1,1,6/1/23,6/30/23,6/1/23
OK,2023,7,40078,30817,83620,665050,70895,748670,4185,3644,539,433,340,3204,198,4175,.12886228,1,1,7/1/23,7/31/23,7/1/23
OK,2023,8,40078,30817,83620,665050,70895,748670,4179,3620,553,416,355,3195,198,4164,.13280499,1,1,8/1/23,8/31/23,8/1/23
OK,2023,9,40078,30817,83620,665050,70895,748670,3945,3399,545,419,360,2977,185,3941,.13828978,1,1,9/1/23,9/30/23,9/1/23
OK,2023,10,40078,30817,83620,665050,70895,748670,4108,3530,573,422,365,3100,208,4095,.13992675,1,1,10/1/23,10/31/23,10/1/23
OK,2023,11,40078,30817,83620,665050,70895,748670,3981,3398,578,408,379,2985,199,3971,.14555527,1,1,11/1/23,11/30/23,11/1/23
OK,2023,12,40078,30817,83620,665050,70895,748670,4080,3525,550,387,359,3133,191,4070,.13513513,1,1,12/1/23,12/31/23,12/1/23
OR,2016,1,43474,63334,78810,612275,106808,691085,3651,2967,684,373,323,2578,360,3634,.18794717,0,0,1/1/16,1/31/16,1/1/16
OR,2016,2,43474,63334,78810,612275,106808,691085,3576,2905,670,325,335,2561,329,3550,.18704225,0,0,2/1/16,2/28/16,2/1/16
OR,2016,3,43474,63334,78810,612275,106808,691085,3912,3156,752,365,361,2768,390,3884,.19335736,0,0,3/1/16,3/31/16,3/1/16
OR,2016,4,43474,63334,78810,612275,106808,691085,3686,3002,681,319,314,2662,366,3661,.1857416,0,0,4/1/16,4/30/16,4/1/16
OR,2016,5,43474,63334,78810,612275,106808,691085,3887,3178,707,368,346,2793,357,3864,.18193582,0,0,5/1/16,5/31/16,5/1/16
OR,2016,6,43474,63334,78810,612275,106808,691085,3799,3123,673,376,330,2731,343,3780,.17804232,0,0,6/1/16,6/30/16,6/1/16
OR,2016,7,43474,63334,78810,612275,106808,691085,4079,3329,748,441,372,2873,373,4059,.18354274,0,0,7/1/16,7/31/16,7/1/16
OR,2016,8,43474,63334,78810,612275,106808,691085,4005,3298,704,388,353,2886,349,3976,.17655936,0,0,8/1/16,8/31/16,8/1/16
OR,2016,9,43474,63334,78810,612275,106808,691085,3914,3206,707,407,339,2779,362,3887,.18034475,0,0,9/1/16,9/30/16,9/1/16
OR,2016,10,43474,63334,78810,612275,106808,691085,3706,2982,722,362,325,2600,396,3683,.19576432,0,0,10/1/16,10/31/16,10/1/16
OR,2016,11,43474,63334,78810,612275,106808,691085,3604,2904,698,330,315,2540,379,3564,.19472502,0,0,11/1/16,11/30/16,11/1/16
OR,2016,12,43474,63334,78810,612275,106808,691085,3615,2946,666,368,312,2556,353,3589,.18528838,0,0,12/1/16,12/31/16,12/1/16
OR,2017,1,49140,65543,78985,615778,114683,694763,3487,2813,674,361,311,2431,359,3462,.19352975,0,0,1/1/17,1/31/17,1/1/17
OR,2017,2,49140,65543,78985,615778,114683,694763,3249,2658,589,335,259,2300,329,3223,.18243872,0,0,2/1/17,2/28/17,2/1/17
OR,2017,3,49140,65543,78985,615778,114683,694763,3646,2955,690,368,323,2562,367,3620,.19060774,0,0,3/1/17,3/31/17,3/1/17
OR,2017,4,49140,65543,78985,615778,114683,694763,3560,2867,693,343,307,2499,382,3531,.19512886,0,0,4/1/17,4/30/17,4/1/17
OR,2017,5,49140,65543,78985,615778,114683,694763,3849,3161,688,381,353,2747,333,3814,.17986366,0,0,5/1/17,5/31/17,5/1/17
OR,2017,6,49140,65543,78985,615778,114683,694763,3765,3033,729,392,330,2613,397,3732,.19480172,0,0,6/1/17,6/30/17,6/1/17
OR,2017,7,49140,65543,78985,615778,114683,694763,3794,3009,784,366,376,2621,404,3767,.20706132,0,0,7/1/17,7/31/17,7/1/17
OR,2017,8,49140,65543,78985,615778,114683,694763,3890,3174,711,410,337,2744,372,3863,.18353611,0,0,8/1/17,8/31/17,8/1/17
OR,2017,9,49140,65543,78985,615778,114683,694763,3768,3056,711,380,334,2649,373,3736,.18923983,0,0,9/1/17,9/30/17,9/1/17
OR,2017,10,49140,65543,78985,615778,114683,694763,3596,2916,680,376,310,2519,368,3573,.18975651,0,0,10/1/17,10/31/17,10/1/17
OR,2017,11,49140,65543,78985,615778,114683,694763,3413,2742,670,338,295,2380,373,3386,.19728293,0,0,11/1/17,11/30/17,11/1/17
OR,2017,12,49140,65543,78985,615778,114683,694763,3500,2809,689,347,311,2442,375,3475,.19741008,0,0,12/1/17,12/31/17,12/1/17
OR,2018,1,54371,68269,80494,621893,122640,702387,3507,2901,604,397,281,2487,321,3486,.17269076,0,0,1/1/18,1/31/18,1/1/18
OR,2018,2,54371,68269,80494,621893,122640,702387,3102,2558,541,325,255,2215,284,3079,.17505683,0,0,2/1/18,2/28/18,2/1/18
OR,2018,3,54371,68269,80494,621893,122640,702387,3595,2950,643,350,283,2580,358,3571,.17950153,0,0,3/1/18,3/31/18,3/1/18
OR,2018,4,54371,68269,80494,621893,122640,702387,3350,2740,607,332,264,2382,338,3316,.18154404,0,0,4/1/18,4/30/18,4/1/18
OR,2018,5,54371,68269,80494,621893,122640,702387,3666,2986,680,400,319,2556,357,3632,.18612334,0,0,5/1/18,5/31/18,5/1/18
OR,2018,6,54371,68269,80494,621893,122640,702387,3631,2960,669,380,309,2548,352,3589,.18417387,0,0,6/1/18,6/30/18,6/1/18
OR,2018,7,54371,68269,80494,621893,122640,702387,3725,3022,700,381,345,2622,353,3701,.18859768,0,0,7/1/18,7/31/18,7/1/18
OR,2018,8,54371,68269,80494,621893,122640,702387,3897,3182,714,441,326,2710,381,3858,.18325557,0,0,8/1/18,8/31/18,8/1/18
OR,2018,9,54371,68269,80494,621893,122640,702387,3432,2782,646,380,293,2371,346,3390,.18849558,0,0,9/1/18,9/30/18,9/1/18
OR,2018,10,54371,68269,80494,621893,122640,702387,3541,2918,622,393,282,2496,337,3508,.17645381,0,0,10/1/18,10/31/18,10/1/18
OR,2018,11,54371,68269,80494,621893,122640,702387,3337,2681,655,340,280,2314,368,3302,.1962447,0,0,11/1/18,11/30/18,11/1/18
OR,2018,12,54371,68269,80494,621893,122640,702387,3308,2713,594,343,268,2335,323,3269,.18078923,0,0,12/1/18,12/31/18,12/1/18
OR,2019,1,42271,62081,93468,634374,104352,727842,3446,2787,657,370,283,2388,370,3411,.19143946,0,0,1/1/19,1/31/19,1/1/19
OR,2019,2,42271,62081,93468,634374,104352,727842,3220,2638,581,378,275,2244,305,3202,.18113679,0,0,2/1/19,2/28/19,2/1/19
OR,2019,3,42271,62081,93468,634374,104352,727842,3511,2895,615,424,277,2453,335,3489,.17540842,0,0,3/1/19,3/31/19,3/1/19
OR,2019,4,42271,62081,93468,634374,104352,727842,3492,2849,640,357,283,2463,354,3457,.18426381,0,0,4/1/19,4/30/19,4/1/19
OR,2019,5,42271,62081,93468,634374,104352,727842,3578,2930,645,397,301,2509,342,3549,.18117779,0,0,5/1/19,5/31/19,5/1/19
OR,2019,6,42271,62081,93468,634374,104352,727842,3629,2954,674,354,331,2576,340,3601,.18633713,0,0,6/1/19,6/30/19,6/1/19
OR,2019,7,42271,62081,93468,634374,104352,727842,3737,3064,671,437,326,2602,338,3703,.17931408,0,0,7/1/19,7/31/19,7/1/19
OR,2019,8,42271,62081,93468,634374,104352,727842,3618,2958,660,419,315,2524,341,3599,.18227285,0,0,8/1/19,8/31/19,8/1/19
OR,2019,9,42271,62081,93468,634374,104352,727842,3442,2766,674,386,306,2356,366,3414,.19683656,0,0,9/1/19,9/30/19,9/1/19
OR,2019,10,42271,62081,93468,634374,104352,727842,3499,2876,620,386,273,2467,347,3473,.17852001,0,0,10/1/19,10/31/19,10/1/19
OR,2019,11,42271,62081,93468,634374,104352,727842,3241,2666,573,365,235,2282,334,3216,.17692786,0,0,11/1/19,11/30/19,11/1/19
OR,2019,12,42271,62081,93468,634374,104352,727842,3336,2666,669,378,288,2269,379,3314,.20126735,0,0,12/1/19,12/31/19,12/1/19
OR,2020,1,47294,65342,83905,624723,112636,708628,3226,2642,583,373,296,2250,285,3204,.18133584,0,0,1/1/20,1/31/20,1/1/20
OR,2020,2,47294,65342,83905,624723,112636,708628,3095,2566,528,384,239,2160,285,3068,.17079531,0,0,2/1/20,2/28/20,2/1/20
OR,2020,3,47294,65342,83905,624723,112636,708628,3357,2718,637,359,288,2341,348,3336,.19064748,0,0,3/1/20,3/31/20,3/1/20
OR,2020,4,47294,65342,83905,624723,112636,708628,3378,2807,569,386,252,2403,314,3355,.16870342,0,0,4/1/20,4/30/20,4/1/20
OR,2020,5,47294,65342,83905,624723,112636,708628,3486,2834,651,383,304,2425,341,3453,.18679409,0,0,5/1/20,5/31/20,5/1/20
OR,2020,6,47294,65342,83905,624723,112636,708628,3402,2800,600,391,255,2391,344,3381,.17716652,0,0,6/1/20,6/30/20,6/1/20
OR,2020,7,47294,65342,83905,624723,112636,708628,3634,3018,615,414,277,2582,334,3607,.16939285,0,0,7/1/20,7/31/20,7/1/20
OR,2020,8,47294,65342,83905,624723,112636,708628,3456,2863,590,444,268,2402,321,3435,.17147017,0,0,8/1/20,8/31/20,8/1/20
OR,2020,9,47294,65342,83905,624723,112636,708628,3298,2684,612,401,266,2255,342,3264,.18627451,0,0,9/1/20,9/30/20,9/1/20
OR,2020,10,47294,65342,83905,624723,112636,708628,3304,2758,542,423,244,2315,295,3277,.1644797,0,0,10/1/20,10/31/20,10/1/20
OR,2020,11,47294,65342,83905,624723,112636,708628,2948,2423,525,354,230,2043,293,2920,.17910959,0,0,11/1/20,11/30/20,11/1/20
OR,2020,12,47294,65342,83905,624723,112636,708628,3135,2588,547,405,258,2154,283,3100,.17451613,0,0,12/1/20,12/31/20,12/1/20
OR,2021,1,38075,64817,98244,629636,102892,727880,3094,2547,545,380,240,2140,299,3059,.17620137,0,0,1/1/21,1/31/21,1/1/21
OR,2021,2,38075,64817,98244,629636,102892,727880,2864,2372,490,330,223,2019,262,2834,.1711362,0,0,2/1/21,2/28/21,2/1/21
OR,2021,3,38075,64817,98244,629636,102892,727880,3413,2821,590,411,260,2377,327,3375,.17392592,0,0,3/1/21,3/31/21,3/1/21
OR,2021,4,38075,64817,98244,629636,102892,727880,3353,2761,590,403,255,2338,333,3329,.17662962,0,0,4/1/21,4/30/21,4/1/21
OR,2021,5,38075,64817,98244,629636,102892,727880,3515,2912,603,457,279,2420,321,3477,.17256255,0,0,5/1/21,5/31/21,5/1/21
OR,2021,6,38075,64817,98244,629636,102892,727880,3542,2953,586,438,267,2479,314,3498,.16609491,0,0,6/1/21,6/30/21,6/1/21
OR,2021,7,38075,64817,98244,629636,102892,727880,3671,3060,604,456,302,2583,298,3639,.16488045,0,0,7/1/21,7/31/21,7/1/21
OR,2021,8,38075,64817,98244,629636,102892,727880,3670,3053,613,481,253,2544,359,3637,.16827056,0,0,8/1/21,8/31/21,8/1/21
OR,2021,9,38075,64817,98244,629636,102892,727880,3543,2925,616,469,278,2428,335,3510,.17464387,0,0,9/1/21,9/30/21,9/1/21
OR,2021,10,38075,64817,98244,629636,102892,727880,3503,2883,619,441,285,2413,330,3469,.17728452,0,0,10/1/21,10/31/21,10/1/21
OR,2021,11,38075,64817,98244,629636,102892,727880,3319,2711,606,413,264,2279,335,3291,.18201154,0,0,11/1/21,11/30/21,11/1/21
OR,2021,12,38075,64817,98244,629636,102892,727880,3319,2735,581,460,258,2246,309,3273,.17323557,0,0,12/1/21,12/31/21,12/1/21
OR,2022,1,38337,63289,103059,625644,101626,728703,3128,2567,554,401,240,1996,296,2933,.18274803,0,0,1/1/22,1/31/22,1/1/22
OR,2022,2,38337,63289,103059,625644,101626,728703,2984,2475,504,380,219,1942,265,2806,.17248753,0,0,2/1/22,2/28/22,2/1/22
OR,2022,3,38337,63289,103059,625644,101626,728703,3366,2739,626,426,290,2121,317,3154,.19245403,0,0,3/1/22,3/31/22,3/1/22
OR,2022,4,38337,63289,103059,625644,101626,728703,3165,2612,551,391,260,2065,278,2994,.17969272,0,0,4/1/22,4/30/22,4/1/22
OR,2022,5,38337,63289,103059,625644,101626,728703,3309,2703,603,406,270,2138,312,3126,.18618043,0,0,5/1/22,5/31/22,5/1/22
OR,2022,6,38337,63289,103059,625644,101626,728703,3356,2746,604,461,289,2100,296,3146,.18595041,0,0,6/1/22,6/30/22,6/1/22
OR,2022,7,38337,63289,103059,625644,101626,728703,3396,2786,604,471,277,2130,310,3188,.18412799,0,0,7/1/22,7/31/22,7/1/22
OR,2022,8,38337,63289,103059,625644,101626,728703,3514,2868,642,466,310,2243,318,3337,.18819299,0,0,8/1/22,8/31/22,8/1/22
OR,2022,9,38337,63289,103059,625644,101626,728703,3420,2789,624,437,281,2219,322,3259,.18502608,0,0,9/1/22,9/30/22,9/1/22
OR,2022,10,38337,63289,103059,625644,101626,728703,3143,2574,568,442,287,1987,265,2981,.18517277,0,0,10/1/22,10/31/22,10/1/22
OR,2022,11,38337,63289,103059,625644,101626,728703,3286,2685,595,445,267,2111,313,3136,.18494898,0,0,11/1/22,11/30/22,11/1/22
OR,2022,12,38337,63289,103059,625644,101626,728703,3295,2671,617,471,273,2087,335,3166,.19204043,0,0,12/1/22,12/31/22,12/1/22
OR,2023,1,42241,57358,109232,631058,99599,740290,3081,2545,534,432,248,2026,275,2981,.17544448,0,0,1/1/23,1/31/23,1/1/23
OR,2023,2,42241,57358,109232,631058,99599,740290,2771,2294,473,374,212,1822,250,2658,.17381489,0,0,2/1/23,2/28/23,2/1/23
OR,2023,3,42241,57358,109232,631058,99599,740290,3125,2566,549,420,246,2038,293,2997,.17984651,0,0,3/1/23,3/31/23,3/1/23
OR,2023,4,42241,57358,109232,631058,99599,740290,3075,2502,569,402,265,2013,292,2972,.18741588,0,0,4/1/23,4/30/23,4/1/23
OR,2023,5,42241,57358,109232,631058,99599,740290,3285,2686,592,470,267,2138,316,3191,.18270135,0,0,5/1/23,5/31/23,5/1/23
OR,2023,6,42241,57358,109232,631058,99599,740290,3243,2605,633,463,309,2049,314,3135,.19872408,0,0,6/1/23,6/30/23,6/1/23
OR,2023,7,42241,57358,109232,631058,99599,740290,3389,2703,681,465,340,2143,331,3279,.20463556,0,0,7/1/23,7/31/23,7/1/23
OR,2023,8,42241,57358,109232,631058,99599,740290,3364,2674,688,495,331,2113,343,3282,.20536259,0,0,8/1/23,8/31/23,8/1/23
OR,2023,9,42241,57358,109232,631058,99599,740290,3160,2567,589,459,294,2045,286,3084,.18806745,0,0,9/1/23,9/30/23,9/1/23
OR,2023,10,42241,57358,109232,631058,99599,740290,3342,2691,645,518,331,2105,303,3257,.19465765,0,0,10/1/23,10/31/23,10/1/23
OR,2023,11,42241,57358,109232,631058,99599,740290,3182,2535,635,456,311,2008,314,3089,.20233086,0,0,11/1/23,11/30/23,11/1/23
OR,2023,12,42241,57358,109232,631058,99599,740290,3171,2551,614,466,274,2016,331,3087,.19598316,0,0,12/1/23,12/31/23,12/1/23
PA,2016,1,90427,178941,119976,2004895,269368,2124871,11004,9369,1586,641,601,8653,966,10861,.14427769,0,0,1/1/16,1/31/16,1/1/16
PA,2016,2,90427,178941,119976,2004895,269368,2124871,10684,9107,1523,546,541,8494,959,10540,.14231499,0,0,2/1/16,2/28/16,2/1/16
PA,2016,3,90427,178941,119976,2004895,269368,2124871,11627,9997,1565,660,571,9254,963,11448,.1339972,0,0,3/1/16,3/31/16,3/1/16
PA,2016,4,90427,178941,119976,2004895,269368,2124871,11359,9789,1524,617,585,9091,914,11207,.13375568,0,0,4/1/16,4/30/16,4/1/16
PA,2016,5,90427,178941,119976,2004895,269368,2124871,11920,10196,1659,629,607,9493,1027,11756,.13899286,0,0,5/1/16,5/31/16,5/1/16
PA,2016,6,90427,178941,119976,2004895,269368,2124871,11814,10117,1646,643,611,9398,1007,11659,.13877691,0,0,6/1/16,6/30/16,6/1/16
PA,2016,7,90427,178941,119976,2004895,269368,2124871,12273,10479,1740,693,688,9707,1017,12105,.14085089,0,0,7/1/16,7/31/16,7/1/16
PA,2016,8,90427,178941,119976,2004895,269368,2124871,12582,10726,1810,724,730,9892,1066,12412,.14469868,0,0,8/1/16,8/31/16,8/1/16
PA,2016,9,90427,178941,119976,2004895,269368,2124871,11957,10199,1705,628,640,9475,1041,11784,.14265105,0,0,9/1/16,9/30/16,9/1/16
PA,2016,10,90427,178941,119976,2004895,269368,2124871,11570,9793,1730,613,653,9101,1047,11414,.14893989,0,0,10/1/16,10/31/16,10/1/16
PA,2016,11,90427,178941,119976,2004895,269368,2124871,10976,9216,1701,642,640,8488,1046,10816,.15588018,0,0,11/1/16,11/30/16,11/1/16
PA,2016,12,90427,178941,119976,2004895,269368,2124871,11297,9567,1673,662,616,8801,1029,11108,.14809147,0,0,12/1/16,12/31/16,12/1/16
PA,2017,1,91070,176095,126140,1986627,267165,2112767,11013,9299,1648,632,613,8596,1008,10849,.14941469,0,0,1/1/17,1/31/17,1/1/17
PA,2017,2,91070,176095,126140,1986627,267165,2112767,10248,8733,1472,592,582,8073,875,10122,.14394389,0,0,2/1/17,2/28/17,2/1/17
PA,2017,3,91070,176095,126140,1986627,267165,2112767,11336,9641,1635,687,626,8889,993,11195,.14461814,0,0,3/1/17,3/31/17,3/1/17
PA,2017,4,91070,176095,126140,1986627,267165,2112767,10939,9253,1618,611,582,8576,1015,10784,.14808977,0,0,4/1/17,4/30/17,4/1/17
PA,2017,5,91070,176095,126140,1986627,267165,2112767,11597,9861,1679,630,640,9137,1014,11421,.14482094,0,0,5/1/17,5/31/17,5/1/17
PA,2017,6,91070,176095,126140,1986627,267165,2112767,11565,9822,1691,647,627,9095,1043,11412,.1463372,0,0,6/1/17,6/30/17,6/1/17
PA,2017,7,91070,176095,126140,1986627,267165,2112767,11977,10206,1720,715,652,9424,1043,11834,.14323136,0,0,7/1/17,7/31/17,7/1/17
PA,2017,8,91070,176095,126140,1986627,267165,2112767,12555,10616,1884,672,733,9850,1131,12386,.15049249,0,0,8/1/17,8/31/17,8/1/17
PA,2017,9,91070,176095,126140,1986627,267165,2112767,12265,10455,1759,725,673,9628,1067,12093,.1438849,0,0,9/1/17,9/30/17,9/1/17
PA,2017,10,91070,176095,126140,1986627,267165,2112767,11851,10064,1740,712,671,9262,1048,11693,.14701103,0,0,10/1/17,10/31/17,10/1/17
PA,2017,11,91070,176095,126140,1986627,267165,2112767,10909,9222,1655,686,660,8443,964,10753,.15102762,0,0,11/1/17,11/30/17,11/1/17
PA,2017,12,91070,176095,126140,1986627,267165,2112767,11144,9442,1668,690,619,8627,1010,10946,.14882149,0,0,12/1/17,12/31/17,12/1/17
PA,2018,1,104627,184501,126381,1981901,289128,2108282,11036,9386,1598,667,607,8606,948,10828,.14360917,0,0,1/1/18,1/31/18,1/1/18
PA,2018,2,104627,184501,126381,1981901,289128,2108282,9961,8459,1456,591,551,7787,876,9805,.14553799,0,0,2/1/18,2/28/18,2/1/18
PA,2018,3,104627,184501,126381,1981901,289128,2108282,11401,9690,1661,652,648,8945,982,11227,.14518571,0,0,3/1/18,3/31/18,3/1/18
PA,2018,4,104627,184501,126381,1981901,289128,2108282,10718,9122,1553,641,547,8377,974,10539,.1443211,0,0,4/1/18,4/30/18,4/1/18
PA,2018,5,104627,184501,126381,1981901,289128,2108282,11775,9968,1766,694,709,9179,1036,11618,.15019797,0,0,5/1/18,5/31/18,5/1/18
PA,2018,6,104627,184501,126381,1981901,289128,2108282,11503,9833,1641,599,626,9136,981,11342,.14168577,0,0,6/1/18,6/30/18,6/1/18
PA,2018,7,104627,184501,126381,1981901,289128,2108282,11943,10141,1759,700,715,9327,1016,11758,.14721891,0,0,7/1/18,7/31/18,7/1/18
PA,2018,8,104627,184501,126381,1981901,289128,2108282,12134,10347,1746,719,697,9514,1012,11942,.14310835,0,0,8/1/18,8/31/18,8/1/18
PA,2018,9,104627,184501,126381,1981901,289128,2108282,11493,9765,1684,666,667,8993,985,11311,.14605251,0,0,9/1/18,9/30/18,9/1/18
PA,2018,10,104627,184501,126381,1981901,289128,2108282,11702,9859,1796,650,698,9091,1063,11502,.15310381,0,0,10/1/18,10/31/18,10/1/18
PA,2018,11,104627,184501,126381,1981901,289128,2108282,10632,8990,1601,643,632,8255,935,10465,.14973722,0,0,11/1/18,11/30/18,11/1/18
PA,2018,12,104627,184501,126381,1981901,289128,2108282,11036,9326,1660,699,648,8513,989,10849,.15088949,0,0,12/1/18,12/31/18,12/1/18
PA,2019,1,103715,176601,131232,1980207,280316,2111439,11094,9367,1683,699,664,8581,983,10927,.15072756,0,0,1/1/19,1/31/19,1/1/19
PA,2019,2,103715,176601,131232,1980207,280316,2111439,9899,8352,1510,610,632,7640,854,9736,.15262942,0,0,2/1/19,2/28/19,2/1/19
PA,2019,3,103715,176601,131232,1980207,280316,2111439,10976,9332,1592,725,621,8497,945,10788,.14516129,0,0,3/1/19,3/31/19,3/1/19
PA,2019,4,103715,176601,131232,1980207,280316,2111439,10815,9191,1575,666,619,8405,930,10620,.14585687,0,0,4/1/19,4/30/19,4/1/19
PA,2019,5,103715,176601,131232,1980207,280316,2111439,11261,9564,1653,685,670,8786,947,11088,.14583333,0,0,5/1/19,5/31/19,5/1/19
PA,2019,6,103715,176601,131232,1980207,280316,2111439,10993,9281,1677,643,678,8544,969,10834,.15202141,0,0,6/1/19,6/30/19,6/1/19
PA,2019,7,103715,176601,131232,1980207,280316,2111439,12064,10252,1759,704,725,9444,996,11869,.14499958,0,0,7/1/19,7/31/19,7/1/19
PA,2019,8,103715,176601,131232,1980207,280316,2111439,12280,10399,1827,728,744,9544,1049,12065,.14861168,0,0,8/1/19,8/31/19,8/1/19
PA,2019,9,103715,176601,131232,1980207,280316,2111439,11740,9870,1819,751,742,9011,1052,11556,.15524402,0,0,9/1/19,9/30/19,9/1/19
PA,2019,10,103715,176601,131232,1980207,280316,2111439,11581,9818,1721,770,742,8961,952,11425,.14827134,0,0,10/1/19,10/31/19,10/1/19
PA,2019,11,103715,176601,131232,1980207,280316,2111439,10370,8695,1625,660,668,7914,926,10168,.15676633,0,0,11/1/19,11/30/19,11/1/19
PA,2019,12,103715,176601,131232,1980207,280316,2111439,10825,9026,1740,703,685,8231,1022,10641,.16041726,0,0,12/1/19,12/31/19,12/1/19
PA,2020,1,95860,179123,128245,1979080,274983,2107325,10850,9081,1729,702,713,8286,984,10685,.15882078,0,0,1/1/20,1/31/20,1/1/20
PA,2020,2,95860,179123,128245,1979080,274983,2107325,10041,8516,1481,606,616,7818,836,9876,.14702308,0,0,2/1/20,2/28/20,2/1/20
PA,2020,3,95860,179123,128245,1979080,274983,2107325,10797,9125,1632,697,653,8331,941,10622,.1500659,0,0,3/1/20,3/31/20,3/1/20
PA,2020,4,95860,179123,128245,1979080,274983,2107325,10548,8844,1665,634,696,8141,933,10404,.1565744,0,0,4/1/20,4/30/20,4/1/20
PA,2020,5,95860,179123,128245,1979080,274983,2107325,11140,9435,1665,686,666,8659,970,10981,.14898461,0,0,5/1/20,5/31/20,5/1/20
PA,2020,6,95860,179123,128245,1979080,274983,2107325,11138,9489,1608,687,665,8699,915,10966,.14408171,0,0,6/1/20,6/30/20,6/1/20
PA,2020,7,95860,179123,128245,1979080,274983,2107325,11742,9944,1755,761,724,9082,1002,11569,.14919181,0,0,7/1/20,7/31/20,7/1/20
PA,2020,8,95860,179123,128245,1979080,274983,2107325,11520,9779,1691,745,742,8933,921,11341,.1466361,0,0,8/1/20,8/31/20,8/1/20
PA,2020,9,95860,179123,128245,1979080,274983,2107325,11069,9378,1647,762,697,8516,917,10892,.14818215,0,0,9/1/20,9/30/20,9/1/20
PA,2020,10,95860,179123,128245,1979080,274983,2107325,11031,9327,1653,697,691,8550,943,10881,.15017003,0,0,10/1/20,10/31/20,10/1/20
PA,2020,11,95860,179123,128245,1979080,274983,2107325,10240,8585,1591,700,657,7809,908,10074,.1553504,0,0,11/1/20,11/30/20,11/1/20
PA,2020,12,95860,179123,128245,1979080,274983,2107325,10270,8768,1457,734,615,7954,820,10123,.1417564,0,0,12/1/20,12/31/20,12/1/20
PA,2021,1,96979,175427,146264,2002622,272406,2148886,10126,8600,1488,629,578,7895,885,9987,.14649044,0,0,1/1/21,1/31/21,1/1/21
PA,2021,2,96979,175427,146264,2002622,272406,2148886,9618,8272,1299,638,549,7563,724,9474,.13436775,0,0,2/1/21,2/28/21,2/1/21
PA,2021,3,96979,175427,146264,2002622,272406,2148886,10967,9254,1655,672,714,8502,912,10800,.15055555,0,0,3/1/21,3/31/21,3/1/21
PA,2021,4,96979,175427,146264,2002622,272406,2148886,10816,9089,1667,684,675,8329,957,10645,.15331142,0,0,4/1/21,4/30/21,4/1/21
PA,2021,5,96979,175427,146264,2002622,272406,2148886,11023,9326,1654,716,719,8522,916,10873,.15037248,0,0,5/1/21,5/31/21,5/1/21
PA,2021,6,96979,175427,146264,2002622,272406,2148886,11491,9818,1624,721,683,9019,914,11337,.14086619,0,0,6/1/21,6/30/21,6/1/21
PA,2021,7,96979,175427,146264,2002622,272406,2148886,12186,10353,1761,809,724,9464,1016,12013,.14484309,0,0,7/1/21,7/31/21,7/1/21
PA,2021,8,96979,175427,146264,2002622,272406,2148886,11764,9959,1731,785,697,9086,995,11563,.14632881,0,0,8/1/21,8/31/21,8/1/21
PA,2021,9,96979,175427,146264,2002622,272406,2148886,11537,9689,1750,785,770,8814,945,11314,.15158211,0,0,9/1/21,9/30/21,9/1/21
PA,2021,10,96979,175427,146264,2002622,272406,2148886,11250,9343,1794,753,760,8528,1005,11046,.15978634,0,0,10/1/21,10/31/21,10/1/21
PA,2021,11,96979,175427,146264,2002622,272406,2148886,10722,8901,1723,644,750,8189,943,10526,.16083983,0,0,11/1/21,11/30/21,11/1/21
PA,2021,12,96979,175427,146264,2002622,272406,2148886,10800,8960,1736,736,702,8124,998,10560,.16098484,0,0,12/1/21,12/31/21,12/1/21
PA,2022,1,109593,177978,148128,2016913,287571,2165041,10321,8580,1642,724,726,7786,881,10117,.15884155,0,0,1/1/22,1/31/22,1/1/22
PA,2022,2,109593,177978,148128,2016913,287571,2165041,9666,8037,1550,627,674,7334,856,9491,.16120535,0,0,2/1/22,2/28/22,2/1/22
PA,2022,3,109593,177978,148128,2016913,287571,2165041,10768,8827,1832,726,790,8032,1016,10564,.17095797,0,0,3/1/22,3/31/22,3/1/22
PA,2022,4,109593,177978,148128,2016913,287571,2165041,10564,8795,1692,683,702,8029,962,10376,.16037008,0,0,4/1/22,4/30/22,4/1/22
PA,2022,5,109593,177978,148128,2016913,287571,2165041,10775,8906,1792,700,771,8134,1000,10605,.1669967,0,0,5/1/22,5/31/22,5/1/22
PA,2022,6,109593,177978,148128,2016913,287571,2165041,10965,9136,1736,732,731,8327,974,10764,.15839836,0,0,6/1/22,6/30/22,6/1/22
PA,2022,7,109593,177978,148128,2016913,287571,2165041,11578,9653,1811,785,736,8768,1038,11327,.15661693,0,0,7/1/22,7/31/22,7/1/22
PA,2022,8,109593,177978,148128,2016913,287571,2165041,11788,9841,1861,800,772,8929,1056,11557,.15817253,0,0,8/1/22,8/31/22,8/1/22
PA,2022,9,109593,177978,148128,2016913,287571,2165041,11082,9211,1782,728,767,8383,976,10854,.16058595,0,0,9/1/22,9/30/22,9/1/22
PA,2022,10,109593,177978,148128,2016913,287571,2165041,10778,8919,1784,694,762,8141,994,10591,.16580115,0,0,10/1/22,10/31/22,10/1/22
PA,2022,11,109593,177978,148128,2016913,287571,2165041,10746,8842,1807,734,828,8035,951,10548,.16865757,0,0,11/1/22,11/30/22,11/1/22
PA,2022,12,109593,177978,148128,2016913,287571,2165041,10851,8888,1851,722,843,8084,971,10620,.17080979,0,0,12/1/22,12/31/22,12/1/22
PA,2023,1,108113,184096,158682,2003158,292209,2161840,10350,8515,1751,727,807,7698,914,10146,.16962349,0,0,1/1/23,1/31/23,1/1/23
PA,2023,2,108113,184096,158682,2003158,292209,2161840,9584,7909,1590,637,710,7202,851,9400,.16606383,0,0,2/1/23,2/28/23,2/1/23
PA,2023,3,108113,184096,158682,2003158,292209,2161840,10793,8870,1810,734,781,8051,997,10563,.1683234,0,0,3/1/23,3/31/23,3/1/23
PA,2023,4,108113,184096,158682,2003158,292209,2161840,9864,8166,1624,625,676,7481,914,9696,.16398515,0,0,4/1/23,4/30/23,4/1/23
PA,2023,5,108113,184096,158682,2003158,292209,2161840,10591,8715,1808,677,798,7960,972,10407,.17007783,0,0,5/1/23,5/31/23,5/1/23
PA,2023,6,108113,184096,158682,2003158,292209,2161840,10772,8870,1813,665,808,8121,970,10564,.16830745,0,0,6/1/23,6/30/23,6/1/23
PA,2023,7,108113,184096,158682,2003158,292209,2161840,10999,9159,1751,720,818,8343,905,10786,.15974411,0,0,7/1/23,7/31/23,7/1/23
PA,2023,8,108113,184096,158682,2003158,292209,2161840,11337,9332,1916,727,869,8507,1008,11111,.16893169,0,0,8/1/23,8/31/23,8/1/23
PA,2023,9,108113,184096,158682,2003158,292209,2161840,10789,8834,1839,693,886,8061,925,10565,.17141505,0,0,9/1/23,9/30/23,9/1/23
PA,2023,10,108113,184096,158682,2003158,292209,2161840,10875,8875,1921,739,868,8043,1007,10657,.17594069,0,0,10/1/23,10/31/23,10/1/23
PA,2023,11,108113,184096,158682,2003158,292209,2161840,10204,8272,1841,702,845,7503,971,10021,.18121944,0,0,11/1/23,11/30/23,11/1/23
PA,2023,12,108113,184096,158682,2003158,292209,2161840,10395,8410,1906,744,880,7600,999,10223,.18380123,0,0,12/1/23,12/31/23,12/1/23
RI,2016,1,17214,18463,21437,152286,35677,173723,887,649,236,85,136,561,98,880,.26590911,0,0,1/1/16,1/31/16,1/1/16
RI,2016,2,17214,18463,21437,152286,35677,173723,812,607,205,68,123,534,82,807,.25402725,0,0,2/1/16,2/28/16,2/1/16
RI,2016,3,17214,18463,21437,152286,35677,173723,934,687,247,87,142,596,104,929,.26480085,0,0,3/1/16,3/31/16,3/1/16
RI,2016,4,17214,18463,21437,152286,35677,173723,855,645,210,97,125,546,85,853,.24618992,0,0,4/1/16,4/30/16,4/1/16
RI,2016,5,17214,18463,21437,152286,35677,173723,914,678,236,88,126,588,108,910,.25714287,0,0,5/1/16,5/31/16,5/1/16
RI,2016,6,17214,18463,21437,152286,35677,173723,896,655,241,77,134,571,106,888,.27027026,0,0,6/1/16,6/30/16,6/1/16
RI,2016,7,17214,18463,21437,152286,35677,173723,980,718,262,95,146,620,116,977,.26816785,0,0,7/1/16,7/31/16,7/1/16
RI,2016,8,17214,18463,21437,152286,35677,173723,1016,740,276,110,167,625,109,1011,.27299702,0,0,8/1/16,8/31/16,8/1/16
RI,2016,9,17214,18463,21437,152286,35677,173723,909,686,222,80,122,602,100,904,.24557522,0,0,9/1/16,9/30/16,9/1/16
RI,2016,10,17214,18463,21437,152286,35677,173723,875,647,228,99,142,542,86,869,.26237053,0,0,10/1/16,10/31/16,10/1/16
RI,2016,11,17214,18463,21437,152286,35677,173723,858,627,231,82,115,531,114,842,.27197149,0,0,11/1/16,11/30/16,11/1/16
RI,2016,12,17214,18463,21437,152286,35677,173723,837,574,263,79,155,486,106,826,.31598064,0,0,12/1/16,12/31/16,12/1/16
RI,2017,1,17591,20139,21505,153182,37730,174687,798,570,228,79,125,485,103,792,.28787878,0,0,1/1/17,1/31/17,1/1/17
RI,2017,2,17591,20139,21505,153182,37730,174687,803,583,220,90,119,488,101,798,.27568921,0,0,2/1/17,2/28/17,2/1/17
RI,2017,3,17591,20139,21505,153182,37730,174687,856,621,235,88,139,531,96,854,.27517563,0,0,3/1/17,3/31/17,3/1/17
RI,2017,4,17591,20139,21505,153182,37730,174687,846,646,200,74,112,562,86,834,.23741007,0,0,4/1/17,4/30/17,4/1/17
RI,2017,5,17591,20139,21505,153182,37730,174687,860,626,233,73,134,549,96,852,.26995304,0,0,5/1/17,5/31/17,5/1/17
RI,2017,6,17591,20139,21505,153182,37730,174687,908,673,235,102,145,565,90,902,.26053214,0,0,6/1/17,6/30/17,6/1/17
RI,2017,7,17591,20139,21505,153182,37730,174687,964,699,265,98,166,588,99,951,.27865404,0,0,7/1/17,7/31/17,7/1/17
RI,2017,8,17591,20139,21505,153182,37730,174687,994,733,260,109,145,616,115,985,.26395938,0,0,8/1/17,8/31/17,8/1/17
RI,2017,9,17591,20139,21505,153182,37730,174687,942,715,227,95,134,610,92,931,.24274974,0,0,9/1/17,9/30/17,9/1/17
RI,2017,10,17591,20139,21505,153182,37730,174687,911,653,257,110,155,539,102,906,.28366446,0,0,10/1/17,10/31/17,10/1/17
RI,2017,11,17591,20139,21505,153182,37730,174687,860,618,242,89,143,522,98,852,.28286386,0,0,11/1/17,11/30/17,11/1/17
RI,2017,12,17591,20139,21505,153182,37730,174687,863,625,238,88,141,527,95,851,.2773208,0,0,12/1/17,12/31/17,12/1/17
RI,2018,1,19740,17311,22364,150470,37051,172834,833,603,229,90,136,504,92,822,.27737227,0,0,1/1/18,1/31/18,1/1/18
RI,2018,2,19740,17311,22364,150470,37051,172834,812,602,210,92,108,507,102,809,.25957972,0,0,2/1/18,2/28/18,2/1/18
RI,2018,3,19740,17311,22364,150470,37051,172834,887,647,240,105,128,536,112,881,.27241769,0,0,3/1/18,3/31/18,3/1/18
RI,2018,4,19740,17311,22364,150470,37051,172834,884,670,214,98,120,568,94,880,.24318182,0,0,4/1/18,4/30/18,4/1/18
RI,2018,5,19740,17311,22364,150470,37051,172834,925,699,226,93,148,603,77,921,.24429968,0,0,5/1/18,5/31/18,5/1/18
RI,2018,6,19740,17311,22364,150470,37051,172834,835,615,220,85,119,523,101,828,.26570049,0,0,6/1/18,6/30/18,6/1/18
RI,2018,7,19740,17311,22364,150470,37051,172834,916,700,216,105,131,585,85,906,.23841059,0,0,7/1/18,7/31/18,7/1/18
RI,2018,8,19740,17311,22364,150470,37051,172834,968,716,251,114,141,595,108,958,.25991648,0,0,8/1/18,8/31/18,8/1/18
RI,2018,9,19740,17311,22364,150470,37051,172834,897,631,266,101,161,523,104,889,.29808775,0,0,9/1/18,9/30/18,9/1/18
RI,2018,10,19740,17311,22364,150470,37051,172834,905,684,220,94,135,583,85,897,.24526198,0,0,10/1/18,10/31/18,10/1/18
RI,2018,11,19740,17311,22364,150470,37051,172834,813,598,215,83,124,512,90,809,.2645241,0,0,11/1/18,11/30/18,11/1/18
RI,2018,12,19740,17311,22364,150470,37051,172834,814,594,220,96,145,491,74,806,.27171215,0,0,12/1/18,12/31/18,12/1/18
RI,2019,1,18374,16713,19894,150296,35087,170190,861,617,244,91,161,524,83,859,.28405121,0,0,1/1/19,1/31/19,1/1/19
RI,2019,2,18374,16713,19894,150296,35087,170190,760,554,206,97,120,455,85,757,.27080581,0,0,2/1/19,2/28/19,2/1/19
RI,2019,3,18374,16713,19894,150296,35087,170190,812,596,216,85,136,508,80,809,.26699629,0,0,3/1/19,3/31/19,3/1/19
RI,2019,4,18374,16713,19894,150296,35087,170190,806,579,227,99,152,478,75,804,.28233832,0,0,4/1/19,4/30/19,4/1/19
RI,2019,5,18374,16713,19894,150296,35087,170190,888,668,219,94,131,571,88,884,.24773756,0,0,5/1/19,5/31/19,5/1/19
RI,2019,6,18374,16713,19894,150296,35087,170190,858,643,215,82,124,558,91,855,.25146198,0,0,6/1/19,6/30/19,6/1/19
RI,2019,7,18374,16713,19894,150296,35087,170190,870,644,225,99,140,542,84,865,.25895953,0,0,7/1/19,7/31/19,7/1/19
RI,2019,8,18374,16713,19894,150296,35087,170190,883,627,255,106,158,521,95,880,.28749999,0,0,8/1/19,8/31/19,8/1/19
RI,2019,9,18374,16713,19894,150296,35087,170190,922,651,271,125,172,524,98,919,.29379761,0,0,9/1/19,9/30/19,9/1/19
RI,2019,10,18374,16713,19894,150296,35087,170190,879,629,250,104,153,520,97,874,.2860412,0,0,10/1/19,10/31/19,10/1/19
RI,2019,11,18374,16713,19894,150296,35087,170190,796,578,218,94,138,482,80,794,.2745592,0,0,11/1/19,11/30/19,11/1/19
RI,2019,12,18374,16713,19894,150296,35087,170190,808,592,216,125,131,461,84,801,.26841447,0,0,12/1/19,12/31/19,12/1/19
RI,2020,1,18066,18436,21322,150563,36502,171885,817,606,210,91,123,511,85,810,.25679013,0,0,1/1/20,1/31/20,1/1/20
RI,2020,2,18066,18436,21322,150563,36502,171885,821,591,230,92,137,498,93,820,.28048781,0,0,2/1/20,2/28/20,2/1/20
RI,2020,3,18066,18436,21322,150563,36502,171885,863,625,238,101,145,522,92,860,.27558139,0,0,3/1/20,3/31/20,3/1/20
RI,2020,4,18066,18436,21322,150563,36502,171885,821,600,221,90,142,502,78,812,.27093595,0,0,4/1/20,4/30/20,4/1/20
RI,2020,5,18066,18436,21322,150563,36502,171885,873,619,254,95,157,517,97,866,.29330254,0,0,5/1/20,5/31/20,5/1/20
RI,2020,6,18066,18436,21322,150563,36502,171885,854,624,230,104,138,513,92,847,.27154663,0,0,6/1/20,6/30/20,6/1/20
RI,2020,7,18066,18436,21322,150563,36502,171885,909,670,239,106,143,561,95,905,.26298341,0,0,7/1/20,7/31/20,7/1/20
RI,2020,8,18066,18436,21322,150563,36502,171885,943,682,261,114,186,565,75,940,.27765957,0,0,8/1/20,8/31/20,8/1/20
RI,2020,9,18066,18436,21322,150563,36502,171885,819,613,206,103,122,505,84,814,.25307125,0,0,9/1/20,9/30/20,9/1/20
RI,2020,10,18066,18436,21322,150563,36502,171885,845,620,225,126,148,489,77,840,.26785713,0,0,10/1/20,10/31/20,10/1/20
RI,2020,11,18066,18436,21322,150563,36502,171885,756,530,226,90,139,438,85,752,.29787233,0,0,11/1/20,11/30/20,11/1/20
RI,2020,12,18066,18436,21322,150563,36502,171885,754,561,193,101,128,454,64,747,.2570281,0,0,12/1/20,12/31/20,12/1/20
RI,2021,1,20447,17689,21182,156989,38136,178171,730,545,185,82,111,462,74,729,.25377229,0,0,1/1/21,1/31/21,1/1/21
RI,2021,2,20447,17689,21182,156989,38136,178171,693,534,159,95,97,439,61,692,.2283237,0,0,2/1/21,2/28/21,2/1/21
RI,2021,3,20447,17689,21182,156989,38136,178171,864,654,210,98,131,556,78,863,.24217844,0,0,3/1/21,3/31/21,3/1/21
RI,2021,4,20447,17689,21182,156989,38136,178171,878,663,215,116,133,546,82,877,.24515393,0,0,4/1/21,4/30/21,4/1/21
RI,2021,5,20447,17689,21182,156989,38136,178171,880,653,226,122,140,525,86,873,.25887743,0,0,5/1/21,5/31/21,5/1/21
RI,2021,6,20447,17689,21182,156989,38136,178171,940,712,228,93,137,618,91,939,.2428115,0,0,6/1/21,6/30/21,6/1/21
RI,2021,7,20447,17689,21182,156989,38136,178171,954,726,228,123,156,600,72,951,.23974763,0,0,7/1/21,7/31/21,7/1/21
RI,2021,8,20447,17689,21182,156989,38136,178171,984,748,236,121,140,626,96,983,.24008138,0,0,8/1/21,8/31/21,8/1/21
RI,2021,9,20447,17689,21182,156989,38136,178171,932,689,243,105,155,584,88,932,.26072961,0,0,9/1/21,9/30/21,9/1/21
RI,2021,10,20447,17689,21182,156989,38136,178171,894,673,221,115,137,555,84,891,.24803591,0,0,10/1/21,10/31/21,10/1/21
RI,2021,11,20447,17689,21182,156989,38136,178171,836,598,238,108,155,488,83,834,.28537169,0,0,11/1/21,11/30/21,11/1/21
RI,2021,12,20447,17689,21182,156989,38136,178171,842,640,201,114,135,525,66,840,.23928571,0,0,12/1/21,12/31/21,12/1/21
RI,2022,1,20269,19014,24190,152884,39283,177074,822,594,225,99,138,492,86,815,.27484661,0,0,1/1/22,1/31/22,1/1/22
RI,2022,2,20269,19014,24190,152884,39283,177074,783,582,201,108,142,472,59,781,.25736237,0,0,2/1/22,2/28/22,2/1/22
RI,2022,3,20269,19014,24190,152884,39283,177074,846,607,236,96,128,507,108,839,.28128725,0,0,3/1/22,3/31/22,3/1/22
RI,2022,4,20269,19014,24190,152884,39283,177074,796,597,197,86,104,511,91,792,.24621212,0,0,4/1/22,4/30/22,4/1/22
RI,2022,5,20269,19014,24190,152884,39283,177074,844,619,223,120,145,496,78,839,.26579261,0,0,5/1/22,5/31/22,5/1/22
RI,2022,6,20269,19014,24190,152884,39283,177074,888,657,231,105,148,550,82,885,.25988701,0,0,6/1/22,6/30/22,6/1/22
RI,2022,7,20269,19014,24190,152884,39283,177074,930,686,243,113,155,570,87,925,.26162162,0,0,7/1/22,7/31/22,7/1/22
RI,2022,8,20269,19014,24190,152884,39283,177074,925,692,225,99,146,592,78,915,.24480875,0,0,8/1/22,8/31/22,8/1/22
RI,2022,9,20269,19014,24190,152884,39283,177074,841,595,244,88,172,505,70,835,.28982037,0,0,9/1/22,9/30/22,9/1/22
RI,2022,10,20269,19014,24190,152884,39283,177074,883,666,213,117,136,546,77,876,.24315068,0,0,10/1/22,10/31/22,10/1/22
RI,2022,11,20269,19014,24190,152884,39283,177074,845,620,215,118,138,497,77,830,.25903615,0,0,11/1/22,11/30/22,11/1/22
RI,2022,12,20269,19014,24190,152884,39283,177074,832,619,202,123,123,491,77,814,.24570024,0,0,12/1/22,12/31/22,12/1/22
RI,2023,1,21233,18632,22764,154594,39865,177358,810,589,216,102,129,486,86,803,.26774594,0,0,1/1/23,1/31/23,1/1/23
RI,2023,2,21233,18632,22764,154594,39865,177358,672,477,190,97,124,380,66,667,.28485757,0,0,2/1/23,2/28/23,2/1/23
RI,2023,3,21233,18632,22764,154594,39865,177358,792,586,205,102,135,484,70,791,.25916561,0,0,3/1/23,3/31/23,3/1/23
RI,2023,4,21233,18632,22764,154594,39865,177358,776,553,220,84,141,468,77,770,.28311688,0,0,4/1/23,4/30/23,4/1/23
RI,2023,5,21233,18632,22764,154594,39865,177358,835,598,233,99,140,498,92,829,.27985525,0,0,5/1/23,5/31/23,5/1/23
RI,2023,6,21233,18632,22764,154594,39865,177358,899,666,233,120,154,542,79,895,.26033521,0,0,6/1/23,6/30/23,6/1/23
RI,2023,7,21233,18632,22764,154594,39865,177358,848,617,225,107,155,509,70,841,.26753864,0,0,7/1/23,7/31/23,7/1/23
RI,2023,8,21233,18632,22764,154594,39865,177358,904,659,242,120,165,539,77,901,.26859045,0,0,8/1/23,8/31/23,8/1/23
RI,2023,9,21233,18632,22764,154594,39865,177358,784,557,225,101,138,456,85,780,.28589743,0,0,9/1/23,9/30/23,9/1/23
RI,2023,10,21233,18632,22764,154594,39865,177358,842,603,234,111,155,489,78,833,.27971187,0,0,10/1/23,10/31/23,10/1/23
RI,2023,11,21233,18632,22764,154594,39865,177358,837,594,231,95,149,496,82,822,.28102189,0,0,11/1/23,11/30/23,11/1/23
RI,2023,12,21233,18632,22764,154594,39865,177358,772,509,252,90,167,415,84,756,.33201057,0,0,12/1/23,12/31/23,12/1/23
SC,2016,1,36611,36904,27464,866643,73515,894107,4741,4263,473,126,274,4132,199,4731,.099978864,0,0,1/1/16,1/31/16,1/1/16
SC,2016,2,36611,36904,27464,866643,73515,894107,4458,3984,469,121,275,3855,194,4445,.10551181,0,0,2/1/16,2/28/16,2/1/16
SC,2016,3,36611,36904,27464,866643,73515,894107,4789,4267,514,134,283,4119,231,4767,.10782463,0,0,3/1/16,3/31/16,3/1/16
SC,2016,4,36611,36904,27464,866643,73515,894107,4377,3912,456,106,257,3798,198,4359,.10438174,0,0,4/1/16,4/30/16,4/1/16
SC,2016,5,36611,36904,27464,866643,73515,894107,4651,4117,527,140,283,3965,243,4631,.11358238,0,0,5/1/16,5/31/16,5/1/16
SC,2016,6,36611,36904,27464,866643,73515,894107,4847,4299,538,121,329,4169,209,4828,.1114333,0,0,6/1/16,6/30/16,6/1/16
SC,2016,7,36611,36904,27464,866643,73515,894107,4872,4321,544,133,307,4180,236,4856,.11182043,0,0,7/1/16,7/31/16,7/1/16
SC,2016,8,36611,36904,27464,866643,73515,894107,5195,4624,564,159,296,4457,266,5178,.10853612,0,0,8/1/16,8/31/16,8/1/16
SC,2016,9,36611,36904,27464,866643,73515,894107,4952,4381,560,147,325,4222,233,4927,.1132535,0,0,9/1/16,9/30/16,9/1/16
SC,2016,10,36611,36904,27464,866643,73515,894107,4714,4199,502,133,289,4041,209,4672,.10659247,0,0,10/1/16,10/31/16,10/1/16
SC,2016,11,36611,36904,27464,866643,73515,894107,4750,4210,531,121,295,4079,236,4731,.11223843,0,0,11/1/16,11/30/16,11/1/16
SC,2016,12,36611,36904,27464,866643,73515,894107,4866,4323,536,160,302,4149,232,4843,.11026224,0,0,12/1/16,12/31/16,12/1/16
SC,2017,1,33305,42414,27785,867864,75719,895649,4675,4185,479,115,261,4058,216,4650,.10258064,0,0,1/1/17,1/31/17,1/1/17
SC,2017,2,33305,42414,27785,867864,75719,895649,4301,3815,478,127,288,3678,190,4283,.11160401,0,0,2/1/17,2/28/17,2/1/17
SC,2017,3,33305,42414,27785,867864,75719,895649,4775,4278,493,160,270,4111,223,4764,.10348447,0,0,3/1/17,3/31/17,3/1/17
SC,2017,4,33305,42414,27785,867864,75719,895649,4265,3798,458,128,268,3653,190,4239,.10804435,0,0,4/1/17,4/30/17,4/1/17
SC,2017,5,33305,42414,27785,867864,75719,895649,4631,4153,474,163,272,3982,202,4619,.10261962,0,0,5/1/17,5/31/17,5/1/17
SC,2017,6,33305,42414,27785,867864,75719,895649,4677,4169,499,128,268,4034,229,4659,.10667525,0,0,6/1/17,6/30/17,6/1/17
SC,2017,7,33305,42414,27785,867864,75719,895649,4894,4361,528,134,299,4219,226,4878,.10762607,0,0,7/1/17,7/31/17,7/1/17
SC,2017,8,33305,42414,27785,867864,75719,895649,5338,4724,606,167,351,4547,255,5320,.11390977,0,0,8/1/17,8/31/17,8/1/17
SC,2017,9,33305,42414,27785,867864,75719,895649,5074,4512,551,152,306,4355,244,5057,.10876013,0,0,9/1/17,9/30/17,9/1/17
SC,2017,10,33305,42414,27785,867864,75719,895649,4862,4303,556,151,328,4142,226,4847,.1142975,0,0,10/1/17,10/31/17,10/1/17
SC,2017,11,33305,42414,27785,867864,75719,895649,4728,4218,502,154,264,4060,237,4715,.10625663,0,0,11/1/17,11/30/17,11/1/17
SC,2017,12,33305,42414,27785,867864,75719,895649,4703,4201,494,157,286,4037,207,4687,.10518456,0,0,12/1/17,12/31/17,12/1/17
SC,2018,1,34191,38354,30086,867959,72545,898045,4734,4215,509,140,279,4069,230,4718,.1078847,0,0,1/1/18,1/31/18,1/1/18
SC,2018,2,34191,38354,30086,867959,72545,898045,4155,3696,445,123,251,3564,192,4130,.10726392,0,0,2/1/18,2/28/18,2/1/18
SC,2018,3,34191,38354,30086,867959,72545,898045,4650,4166,474,150,241,4010,233,4634,.10228744,0,0,3/1/18,3/31/18,3/1/18
SC,2018,4,34191,38354,30086,867959,72545,898045,4483,4008,468,118,263,3884,205,4470,.10469799,0,0,4/1/18,4/30/18,4/1/18
SC,2018,5,34191,38354,30086,867959,72545,898045,4733,4206,522,139,267,4062,252,4720,.10995763,0,0,5/1/18,5/31/18,5/1/18
SC,2018,6,34191,38354,30086,867959,72545,898045,4476,3970,495,156,258,3801,237,4452,.11118598,0,0,6/1/18,6/30/18,6/1/18
SC,2018,7,34191,38354,30086,867959,72545,898045,4814,4276,531,151,289,4118,242,4800,.110625,0,0,7/1/18,7/31/18,7/1/18
SC,2018,8,34191,38354,30086,867959,72545,898045,5148,4587,552,192,320,4386,230,5128,.10725429,0,0,8/1/18,8/31/18,8/1/18
SC,2018,9,34191,38354,30086,867959,72545,898045,4905,4327,565,153,330,4161,234,4878,.11562116,0,0,9/1/18,9/30/18,9/1/18
SC,2018,10,34191,38354,30086,867959,72545,898045,4875,4350,519,159,298,4181,220,4858,.10662824,0,0,10/1/18,10/31/18,10/1/18
SC,2018,11,34191,38354,30086,867959,72545,898045,4701,4188,501,180,271,4000,230,4681,.10702841,0,0,11/1/18,11/30/18,11/1/18
SC,2018,12,34191,38354,30086,867959,72545,898045,4870,4300,564,175,329,4113,234,4851,.11605854,0,0,12/1/18,12/31/18,12/1/18
SC,2019,1,34972,45513,30400,879436,80485,909836,4918,4317,588,155,350,4154,237,4896,.11989379,0,0,1/1/19,1/31/19,1/1/19
SC,2019,2,34972,45513,30400,879436,80485,909836,4248,3794,448,139,258,3645,190,4232,.10586011,0,0,2/1/19,2/28/19,2/1/19
SC,2019,3,34972,45513,30400,879436,80485,909836,4596,4084,499,171,280,3904,219,4574,.10909488,0,0,3/1/19,3/31/19,3/1/19
SC,2019,4,34972,45513,30400,879436,80485,909836,4439,3942,491,160,270,3773,219,4422,.11058345,0,0,4/1/19,4/30/19,4/1/19
SC,2019,5,34972,45513,30400,879436,80485,909836,4828,4243,571,183,327,4046,242,4798,.11859108,0,0,5/1/19,5/31/19,5/1/19
SC,2019,6,34972,45513,30400,879436,80485,909836,4423,3932,484,155,278,3765,205,4403,.10969793,0,0,6/1/19,6/30/19,6/1/19
SC,2019,7,34972,45513,30400,879436,80485,909836,5031,4465,560,183,319,4275,239,5016,.11124402,0,0,7/1/19,7/31/19,7/1/19
SC,2019,8,34972,45513,30400,879436,80485,909836,5304,4687,606,188,349,4495,256,5288,.11440998,0,0,8/1/19,8/31/19,8/1/19
SC,2019,9,34972,45513,30400,879436,80485,909836,4895,4362,522,154,319,4198,202,4873,.10691566,0,0,9/1/19,9/30/19,9/1/19
SC,2019,10,34972,45513,30400,879436,80485,909836,4973,4379,587,163,359,4208,227,4957,.11821666,0,0,10/1/19,10/31/19,10/1/19
SC,2019,11,34972,45513,30400,879436,80485,909836,4482,3968,506,170,310,3785,196,4461,.11342748,0,0,11/1/19,11/30/19,11/1/19
SC,2019,12,34972,45513,30400,879436,80485,909836,4783,4209,565,180,294,4022,269,4765,.1181532,0,0,12/1/19,12/31/19,12/1/19
SC,2020,1,34725,41617,30015,871097,76342,901112,4700,4129,563,189,331,3932,231,4683,.12000854,0,0,1/1/20,1/31/20,1/1/20
SC,2020,2,34725,41617,30015,871097,76342,901112,4263,3791,466,161,285,3619,181,4246,.10975035,0,0,2/1/20,2/28/20,2/1/20
SC,2020,3,34725,41617,30015,871097,76342,901112,4670,4140,528,178,299,3947,228,4652,.11328461,0,0,3/1/20,3/31/20,3/1/20
SC,2020,4,34725,41617,30015,871097,76342,901112,4369,3833,524,160,296,3659,227,4342,.12045141,0,0,4/1/20,4/30/20,4/1/20
SC,2020,5,34725,41617,30015,871097,76342,901112,4523,3991,519,175,313,3799,203,4490,.11492205,0,0,5/1/20,5/31/20,5/1/20
SC,2020,6,34725,41617,30015,871097,76342,901112,4562,3999,558,174,318,3821,240,4553,.12255656,0,0,6/1/20,6/30/20,6/1/20
SC,2020,7,34725,41617,30015,871097,76342,901112,4800,4209,573,189,329,4008,244,4770,.12012579,0,0,7/1/20,7/31/20,7/1/20
SC,2020,8,34725,41617,30015,871097,76342,901112,4941,4358,570,184,345,4166,225,4920,.11585366,0,0,8/1/20,8/31/20,8/1/20
SC,2020,9,34725,41617,30015,871097,76342,901112,4892,4296,590,211,383,4076,207,4877,.12097601,0,0,9/1/20,9/30/20,9/1/20
SC,2020,10,34725,41617,30015,871097,76342,901112,4713,4179,524,187,307,3986,216,4696,.11137138,0,0,10/1/20,10/31/20,10/1/20
SC,2020,11,34725,41617,30015,871097,76342,901112,4349,3860,480,171,286,3683,194,4334,.1107522,0,0,11/1/20,11/30/20,11/1/20
SC,2020,12,34725,41617,30015,871097,76342,901112,4796,4278,510,192,295,4079,213,4779,.10629839,0,0,12/1/20,12/31/20,12/1/20
SC,2021,1,35467,45405,38333,879739,80872,918072,4549,3983,554,176,324,3798,230,4528,.12234982,0,0,1/1/21,1/31/21,1/1/21
SC,2021,2,35467,45405,38333,879739,80872,918072,4229,3741,477,169,282,3564,194,4209,.11309099,0,0,2/1/21,2/28/21,2/1/21
SC,2021,3,35467,45405,38333,879739,80872,918072,4610,4063,535,189,316,3869,219,4593,.1164816,0,0,3/1/21,3/31/21,3/1/21
SC,2021,4,35467,45405,38333,879739,80872,918072,4446,3974,460,183,262,3789,198,4432,.10379061,0,0,4/1/21,4/30/21,4/1/21
SC,2021,5,35467,45405,38333,879739,80872,918072,4564,4055,500,193,290,3861,210,4554,.10979359,0,0,5/1/21,5/31/21,5/1/21
SC,2021,6,35467,45405,38333,879739,80872,918072,4792,4225,553,207,337,4013,216,4773,.11586004,0,0,6/1/21,6/30/21,6/1/21
SC,2021,7,35467,45405,38333,879739,80872,918072,5043,4421,607,200,348,4219,259,5026,.12077199,0,0,7/1/21,7/31/21,7/1/21
SC,2021,8,35467,45405,38333,879739,80872,918072,5262,4626,620,224,379,4394,240,5237,.11819744,0,0,8/1/21,8/31/21,8/1/21
SC,2021,9,35467,45405,38333,879739,80872,918072,5115,4460,643,209,391,4246,251,5097,.12595645,0,0,9/1/21,9/30/21,9/1/21
SC,2021,10,35467,45405,38333,879739,80872,918072,4805,4206,589,203,348,3990,240,4781,.12298682,0,0,10/1/21,10/31/21,10/1/21
SC,2021,11,35467,45405,38333,879739,80872,918072,4821,4201,612,189,350,4003,261,4803,.12721215,0,0,11/1/21,11/30/21,11/1/21
SC,2021,12,35467,45405,38333,879739,80872,918072,4808,4223,580,232,344,3985,234,4795,.12054223,0,0,12/1/21,12/31/21,12/1/21
SC,2022,1,37375,46089,39702,891587,83464,931289,4664,4063,588,190,363,3866,223,4642,.12623869,0,0,1/1/22,1/31/22,1/1/22
SC,2022,2,37375,46089,39702,891587,83464,931289,4335,3779,552,203,328,3558,223,4312,.12778293,0,0,2/1/22,2/28/22,2/1/22
SC,2022,3,37375,46089,39702,891587,83464,931289,4823,4234,584,199,341,4030,243,4813,.12133804,0,0,3/1/22,3/31/22,3/1/22
SC,2022,4,37375,46089,39702,891587,83464,931289,4571,4028,542,198,311,3826,231,4566,.11870346,0,0,4/1/22,4/30/22,4/1/22
SC,2022,5,37375,46089,39702,891587,83464,931289,4571,3956,606,199,356,3749,248,4552,.13268892,0,0,5/1/22,5/31/22,5/1/22
SC,2022,6,37375,46089,39702,891587,83464,931289,4665,4048,610,202,364,3832,244,4642,.13097803,0,0,6/1/22,6/30/22,6/1/22
SC,2022,7,37375,46089,39702,891587,83464,931289,5000,4325,664,201,412,4118,252,4983,.13325307,0,0,7/1/22,7/31/22,7/1/22
SC,2022,8,37375,46089,39702,891587,83464,931289,5536,4833,698,237,431,4579,265,5512,.12626995,0,0,8/1/22,8/31/22,8/1/22
SC,2022,9,37375,46089,39702,891587,83464,931289,4815,4156,653,238,403,3913,248,4802,.13556851,0,0,9/1/22,9/30/22,9/1/22
SC,2022,10,37375,46089,39702,891587,83464,931289,4709,4042,662,222,401,3810,260,4693,.14084807,0,0,10/1/22,10/31/22,10/1/22
SC,2022,11,37375,46089,39702,891587,83464,931289,4851,4229,620,223,372,3995,244,4834,.12743069,0,0,11/1/22,11/30/22,11/1/22
SC,2022,12,37375,46089,39702,891587,83464,931289,5126,4419,703,201,436,4205,267,5109,.13760032,0,0,12/1/22,12/31/22,12/1/22
SC,2023,1,40822,45945,49849,902651,86767,952500,4841,4155,684,193,410,3951,271,4825,.14113989,0,0,1/1/23,1/31/23,1/1/23
SC,2023,2,40822,45945,49849,902651,86767,952500,4249,3692,555,190,327,3495,224,4236,.13007554,0,0,2/1/23,2/28/23,2/1/23
SC,2023,3,40822,45945,49849,902651,86767,952500,4811,4177,632,218,394,3956,236,4804,.13114071,0,0,3/1/23,3/31/23,3/1/23
SC,2023,4,40822,45945,49849,902651,86767,952500,4367,3792,570,228,377,3551,192,4348,.13086477,0,0,4/1/23,4/30/23,4/1/23
SC,2023,5,40822,45945,49849,902651,86767,952500,4714,4053,657,215,406,3825,248,4694,.1393268,0,0,5/1/23,5/31/23,5/1/23
SC,2023,6,40822,45945,49849,902651,86767,952500,4959,4238,717,251,433,3983,282,4949,.14447363,0,0,6/1/23,6/30/23,6/1/23
SC,2023,7,40822,45945,49849,902651,86767,952500,4785,4101,682,229,456,3859,223,4767,.14243759,0,0,7/1/23,7/31/23,7/1/23
SC,2023,8,40822,45945,49849,902651,86767,952500,5164,4393,766,229,472,4148,291,5140,.14844358,0,0,8/1/23,8/31/23,8/1/23
SC,2023,9,40822,45945,49849,902651,86767,952500,5051,4305,741,294,492,3998,246,5030,.14671968,0,0,9/1/23,9/30/23,9/1/23
SC,2023,10,40822,45945,49849,902651,86767,952500,4945,4157,786,234,484,3911,299,4928,.15888798,0,0,10/1/23,10/31/23,10/1/23
SC,2023,11,40822,45945,49849,902651,86767,952500,4885,4165,717,216,457,3939,256,4868,.14646672,0,0,11/1/23,11/30/23,11/1/23
SC,2023,12,40822,45945,49849,902651,86767,952500,4798,4039,753,225,487,3804,264,4780,.15711297,0,0,12/1/23,12/31/23,12/1/23
SD,2016,1,2582,7181,3067,144654,9763,147721,986,908,78,24,23,882,55,984,.079268292,1,0,1/1/16,1/31/16,1/1/16
SD,2016,2,2582,7181,3067,144654,9763,147721,924,854,70,26,15,827,55,923,.075839654,1,0,2/1/16,2/28/16,2/1/16
SD,2016,3,2582,7181,3067,144654,9763,147721,1036,949,87,19,24,930,63,1036,.083976835,1,0,3/1/16,3/31/16,3/1/16
SD,2016,4,2582,7181,3067,144654,9763,147721,990,909,81,24,17,885,64,990,.081818178,1,0,4/1/16,4/30/16,4/1/16
SD,2016,5,2582,7181,3067,144654,9763,147721,1024,934,89,36,22,897,67,1022,.087084152,1,0,5/1/16,5/31/16,5/1/16
SD,2016,6,2582,7181,3067,144654,9763,147721,1016,913,103,28,35,885,68,1016,.10137795,1,0,6/1/16,6/30/16,6/1/16
SD,2016,7,2582,7181,3067,144654,9763,147721,1073,994,79,36,21,957,58,1072,.073694028,1,0,7/1/16,7/31/16,7/1/16
SD,2016,8,2582,7181,3067,144654,9763,147721,1088,1000,88,47,24,953,64,1088,.080882356,1,0,8/1/16,8/31/16,8/1/16
SD,2016,9,2582,7181,3067,144654,9763,147721,1091,999,92,21,23,976,69,1089,.084481172,1,0,9/1/16,9/30/16,9/1/16
SD,2016,10,2582,7181,3067,144654,9763,147721,995,908,87,23,30,885,57,995,.087437183,1,0,10/1/16,10/31/16,10/1/16
SD,2016,11,2582,7181,3067,144654,9763,147721,1005,910,95,29,34,881,61,1005,.094527364,1,0,11/1/16,11/30/16,11/1/16
SD,2016,12,2582,7181,3067,144654,9763,147721,1027,935,92,25,27,910,65,1027,.089581303,1,0,12/1/16,12/31/16,12/1/16
SD,2017,1,3506,8051,4121,143130,11557,147251,948,866,81,25,23,840,58,946,.085623682,1,0,1/1/17,1/31/17,1/1/17
SD,2017,2,3506,8051,4121,143130,11557,147251,923,841,82,23,25,817,57,922,.088937096,1,0,2/1/17,2/28/17,2/1/17
SD,2017,3,3506,8051,4121,143130,11557,147251,1012,915,97,30,24,885,73,1012,.095849805,1,0,3/1/17,3/31/17,3/1/17
SD,2017,4,3506,8051,4121,143130,11557,147251,955,867,88,30,19,837,69,955,.092146598,1,0,4/1/17,4/30/17,4/1/17
SD,2017,5,3506,8051,4121,143130,11557,147251,1073,986,87,28,24,957,63,1072,.081156716,1,0,5/1/17,5/31/17,5/1/17
SD,2017,6,3506,8051,4121,143130,11557,147251,1059,976,82,25,17,951,65,1058,.077504724,1,0,6/1/17,6/30/17,6/1/17
SD,2017,7,3506,8051,4121,143130,11557,147251,1087,985,102,27,22,958,80,1087,.093836248,1,0,7/1/17,7/31/17,7/1/17
SD,2017,8,3506,8051,4121,143130,11557,147251,1118,1015,103,25,35,989,68,1117,.092211284,1,0,8/1/17,8/31/17,8/1/17
SD,2017,9,3506,8051,4121,143130,11557,147251,1019,933,86,31,33,901,53,1018,.084479369,1,0,9/1/17,9/30/17,9/1/17
SD,2017,10,3506,8051,4121,143130,11557,147251,1035,933,102,35,24,897,78,1034,.098646037,1,0,10/1/17,10/31/17,10/1/17
SD,2017,11,3506,8051,4121,143130,11557,147251,944,856,88,29,24,826,64,943,.093319193,1,0,11/1/17,11/30/17,11/1/17
SD,2017,12,3506,8051,4121,143130,11557,147251,940,859,80,26,19,833,61,939,.085197017,1,0,12/1/17,12/31/17,12/1/17
SD,2018,1,1622,8997,7322,152499,10619,159821,998,901,97,29,30,870,67,996,.097389556,1,0,1/1/18,1/31/18,1/1/18
SD,2018,2,1622,8997,7322,152499,10619,159821,855,780,75,30,25,749,50,854,.087822013,1,0,2/1/18,2/28/18,2/1/18
SD,2018,3,1622,8997,7322,152499,10619,159821,1048,953,94,35,25,917,69,1046,.089866154,1,0,3/1/18,3/31/18,3/1/18
SD,2018,4,1622,8997,7322,152499,10619,159821,998,897,101,35,26,860,75,996,.10140562,1,0,4/1/18,4/30/18,4/1/18
SD,2018,5,1622,8997,7322,152499,10619,159821,1060,965,95,25,31,939,64,1059,.08970727,1,0,5/1/18,5/31/18,5/1/18
SD,2018,6,1622,8997,7322,152499,10619,159821,1030,929,101,29,28,896,73,1026,.098440543,1,0,6/1/18,6/30/18,6/1/18
SD,2018,7,1622,8997,7322,152499,10619,159821,1018,936,82,28,24,907,58,1017,.080629304,1,0,7/1/18,7/31/18,7/1/18
SD,2018,8,1622,8997,7322,152499,10619,159821,1007,908,98,37,17,868,81,1003,.097706877,1,0,8/1/18,8/31/18,8/1/18
SD,2018,9,1622,8997,7322,152499,10619,159821,991,911,80,29,22,878,58,987,.081053697,1,0,9/1/18,9/30/18,9/1/18
SD,2018,10,1622,8997,7322,152499,10619,159821,1015,949,66,32,25,917,41,1015,.065024629,1,0,10/1/18,10/31/18,10/1/18
SD,2018,11,1622,8997,7322,152499,10619,159821,906,828,78,28,22,798,56,904,.086283185,1,0,11/1/18,11/30/18,11/1/18
SD,2018,12,1622,8997,7322,152499,10619,159821,945,843,101,21,26,821,75,943,.10710499,1,0,12/1/18,12/31/18,12/1/18
SD,2019,1,2214,7471,5355,147576,9685,152931,903,826,76,25,27,800,49,901,.08435072,1,0,1/1/19,1/31/19,1/1/19
SD,2019,2,2214,7471,5355,147576,9685,152931,888,818,69,31,16,785,53,885,.077966101,1,0,2/1/19,2/28/19,2/1/19
SD,2019,3,2214,7471,5355,147576,9685,152931,927,849,77,21,25,828,51,925,.082162164,1,0,3/1/19,3/31/19,3/1/19
SD,2019,4,2214,7471,5355,147576,9685,152931,944,856,87,31,19,822,68,940,.092553191,1,0,4/1/19,4/30/19,4/1/19
SD,2019,5,2214,7471,5355,147576,9685,152931,995,905,90,23,25,879,65,992,.090725809,1,0,5/1/19,5/31/19,5/1/19
SD,2019,6,2214,7471,5355,147576,9685,152931,1023,925,96,26,36,899,60,1021,.094025463,1,0,6/1/19,6/30/19,6/1/19
SD,2019,7,2214,7471,5355,147576,9685,152931,979,899,78,29,23,870,55,977,.079836234,1,0,7/1/19,7/31/19,7/1/19
SD,2019,8,2214,7471,5355,147576,9685,152931,1048,948,100,29,26,917,74,1046,.095602296,1,0,8/1/19,8/31/19,8/1/19
SD,2019,9,2214,7471,5355,147576,9685,152931,968,884,83,25,23,857,60,965,.086010359,1,0,9/1/19,9/30/19,9/1/19
SD,2019,10,2214,7471,5355,147576,9685,152931,971,878,91,44,32,834,59,969,.093911245,1,0,10/1/19,10/31/19,10/1/19
SD,2019,11,2214,7471,5355,147576,9685,152931,856,774,81,19,24,751,57,851,.095182136,1,0,11/1/19,11/30/19,11/1/19
SD,2019,12,2214,7471,5355,147576,9685,152931,929,836,93,23,37,812,56,928,.10021552,1,0,12/1/19,12/31/19,12/1/19
SD,2020,1,2497,8205,4698,146135,10702,150833,910,816,93,20,38,795,55,908,.10242291,1,0,1/1/20,1/31/20,1/1/20
SD,2020,2,2497,8205,4698,146135,10702,150833,861,776,83,28,32,748,51,859,.09662398,1,0,2/1/20,2/28/20,2/1/20
SD,2020,3,2497,8205,4698,146135,10702,150833,907,819,88,34,30,784,58,906,.097130246,1,0,3/1/20,3/31/20,3/1/20
SD,2020,4,2497,8205,4698,146135,10702,150833,939,852,87,17,31,834,56,938,.092750534,1,0,4/1/20,4/30/20,4/1/20
SD,2020,5,2497,8205,4698,146135,10702,150833,946,853,93,23,20,828,73,944,.098516949,1,0,5/1/20,5/31/20,5/1/20
SD,2020,6,2497,8205,4698,146135,10702,150833,950,854,95,27,30,826,65,948,.10021097,1,0,6/1/20,6/30/20,6/1/20
SD,2020,7,2497,8205,4698,146135,10702,150833,1007,909,97,46,27,861,70,1004,.096613549,1,0,7/1/20,7/31/20,7/1/20
SD,2020,8,2497,8205,4698,146135,10702,150833,911,827,84,30,22,796,62,910,.092307694,1,0,8/1/20,8/31/20,8/1/20
SD,2020,9,2497,8205,4698,146135,10702,150833,967,883,84,23,20,857,64,964,.087136932,1,0,9/1/20,9/30/20,9/1/20
SD,2020,10,2497,8205,4698,146135,10702,150833,858,779,79,22,25,756,54,857,.092182033,1,0,10/1/20,10/31/20,10/1/20
SD,2020,11,2497,8205,4698,146135,10702,150833,818,728,90,31,30,696,60,817,.11015912,1,0,11/1/20,11/30/20,11/1/20
SD,2020,12,2497,8205,4698,146135,10702,150833,872,792,80,25,25,763,55,868,.092165902,1,0,12/1/20,12/31/20,12/1/20
SD,2021,1,3859,5824,4185,152552,9683,156737,887,820,67,38,22,782,45,887,.075535513,1,0,1/1/21,1/31/21,1/1/21
SD,2021,2,3859,5824,4185,152552,9683,156737,830,747,83,34,28,713,55,830,.1,1,0,2/1/21,2/28/21,2/1/21
SD,2021,3,3859,5824,4185,152552,9683,156737,943,864,79,31,24,830,55,940,.084042557,1,0,3/1/21,3/31/21,3/1/21
SD,2021,4,3859,5824,4185,152552,9683,156737,995,908,85,21,22,885,63,991,.085771948,1,0,4/1/21,4/30/21,4/1/21
SD,2021,5,3859,5824,4185,152552,9683,156737,952,878,74,38,18,840,55,951,.076761305,1,0,5/1/21,5/31/21,5/1/21
SD,2021,6,3859,5824,4185,152552,9683,156737,1024,931,92,23,32,908,60,1023,.089931577,1,0,6/1/21,6/30/21,6/1/21
SD,2021,7,3859,5824,4185,152552,9683,156737,990,888,102,39,29,848,73,989,.10313448,1,0,7/1/21,7/31/21,7/1/21
SD,2021,8,3859,5824,4185,152552,9683,156737,976,882,91,22,38,858,53,971,.093717813,1,0,8/1/21,8/31/21,8/1/21
SD,2021,9,3859,5824,4185,152552,9683,156737,1021,931,90,30,23,898,67,1018,.088408642,1,0,9/1/21,9/30/21,9/1/21
SD,2021,10,3859,5824,4185,152552,9683,156737,937,834,102,41,26,793,76,936,.10897436,1,0,10/1/21,10/31/21,10/1/21
SD,2021,11,3859,5824,4185,152552,9683,156737,916,836,80,30,29,806,51,916,.087336242,1,0,11/1/21,11/30/21,11/1/21
SD,2021,12,3859,5824,4185,152552,9683,156737,872,793,78,25,29,768,49,871,.089552239,1,0,12/1/21,12/31/21,12/1/21
SD,2022,1,3150,7067,5847,149824,10217,155671,861,782,79,27,22,754,57,860,.091860466,1,0,1/1/22,1/31/22,1/1/22
SD,2022,2,3150,7067,5847,149824,10217,155671,762,687,75,25,28,662,47,762,.098425195,1,0,2/1/22,2/28/22,2/1/22
SD,2022,3,3150,7067,5847,149824,10217,155671,994,887,107,31,37,855,70,993,.10775428,1,0,3/1/22,3/31/22,3/1/22
SD,2022,4,3150,7067,5847,149824,10217,155671,921,835,86,33,24,799,62,918,.093681917,1,0,4/1/22,4/30/22,4/1/22
SD,2022,5,3150,7067,5847,149824,10217,155671,1001,917,83,31,24,886,59,1000,.082999997,1,0,5/1/22,5/31/22,5/1/22
SD,2022,6,3150,7067,5847,149824,10217,155671,994,903,91,27,37,873,54,991,.091826439,1,0,6/1/22,6/30/22,6/1/22
SD,2022,7,3150,7067,5847,149824,10217,155671,1004,908,95,38,32,868,62,1000,.093999997,1,0,7/1/22,7/31/22,7/1/22
SD,2022,8,3150,7067,5847,149824,10217,155671,967,878,89,34,31,843,58,966,.092132509,1,0,8/1/22,8/31/22,8/1/22
SD,2022,9,3150,7067,5847,149824,10217,155671,914,831,83,30,21,800,62,913,.090909094,1,0,9/1/22,9/30/22,9/1/22
SD,2022,10,3150,7067,5847,149824,10217,155671,939,853,86,42,29,811,57,939,.091586791,1,0,10/1/22,10/31/22,10/1/22
SD,2022,11,3150,7067,5847,149824,10217,155671,894,808,86,33,28,775,57,893,.095184773,1,0,11/1/22,11/30/22,11/1/22
SD,2022,12,3150,7067,5847,149824,10217,155671,931,830,101,28,32,802,69,931,.1084855,1,0,12/1/22,12/31/22,12/1/22
SD,2023,1,4004,9957,6694,153631,13961,160325,915,816,99,24,39,792,60,915,.10819672,1,0,1/1/23,1/31/23,1/1/23
SD,2023,2,4004,9957,6694,153631,13961,160325,819,728,91,31,38,695,53,817,.11138311,1,1,2/1/23,2/28/23,2/1/23
SD,2023,3,4004,9957,6694,153631,13961,160325,919,836,83,37,36,796,47,916,.090611354,1,1,3/1/23,3/31/23,3/1/23
SD,2023,4,4004,9957,6694,153631,13961,160325,909,826,81,24,35,800,46,905,.089502759,1,1,4/1/23,4/30/23,4/1/23
SD,2023,5,4004,9957,6694,153631,13961,160325,1061,954,107,26,35,928,72,1061,.10084826,1,1,5/1/23,5/31/23,5/1/23
SD,2023,6,4004,9957,6694,153631,13961,160325,925,839,86,36,30,800,56,922,.093275487,1,1,6/1/23,6/30/23,6/1/23
SD,2023,7,4004,9957,6694,153631,13961,160325,987,888,98,38,36,850,61,985,.098477155,1,1,7/1/23,7/31/23,7/1/23
SD,2023,8,4004,9957,6694,153631,13961,160325,1004,905,99,31,36,874,63,1004,.098605581,1,1,8/1/23,8/31/23,8/1/23
SD,2023,9,4004,9957,6694,153631,13961,160325,915,841,72,42,29,796,42,909,.078107812,1,1,9/1/23,9/30/23,9/1/23
SD,2023,10,4004,9957,6694,153631,13961,160325,928,815,113,35,50,779,63,927,.1218986,1,1,10/1/23,10/31/23,10/1/23
SD,2023,11,4004,9957,6694,153631,13961,160325,909,819,90,30,39,789,51,909,.099009901,1,1,11/1/23,11/30/23,11/1/23
SD,2023,12,4004,9957,6694,153631,13961,160325,889,781,108,35,42,746,65,888,.1204955,1,1,12/1/23,12/31/23,12/1/23
TN,2016,1,41816,65103,34630,1160537,106919,1195167,6473,5638,803,159,452,5476,347,6434,.12418402,1,0,1/1/16,1/31/16,1/1/16
TN,2016,2,41816,65103,34630,1160537,106919,1195167,6259,5475,772,146,437,5328,332,6243,.12317796,1,0,2/1/16,2/28/16,2/1/16
TN,2016,3,41816,65103,34630,1160537,106919,1195167,6628,5780,829,147,434,5628,394,6603,.12539755,1,0,3/1/16,3/31/16,3/1/16
TN,2016,4,41816,65103,34630,1160537,106919,1195167,6389,5533,838,151,456,5379,382,6368,.13159548,1,0,4/1/16,4/30/16,4/1/16
TN,2016,5,41816,65103,34630,1160537,106919,1195167,6596,5709,851,165,473,5533,378,6549,.1299435,1,0,5/1/16,5/31/16,5/1/16
TN,2016,6,41816,65103,34630,1160537,106919,1195167,6882,5989,869,176,477,5806,390,6849,.12658782,1,0,6/1/16,6/30/16,6/1/16
TN,2016,7,41816,65103,34630,1160537,106919,1195167,6968,5976,961,164,511,5809,448,6932,.13834392,1,0,7/1/16,7/31/16,7/1/16
TN,2016,8,41816,65103,34630,1160537,106919,1195167,7297,6385,882,186,483,6194,399,7262,.12145414,1,0,8/1/16,8/31/16,8/1/16
TN,2016,9,41816,65103,34630,1160537,106919,1195167,7039,6119,899,162,484,5950,414,7010,.1281027,1,0,9/1/16,9/30/16,9/1/16
TN,2016,10,41816,65103,34630,1160537,106919,1195167,6859,5960,877,191,464,5764,413,6832,.12836652,1,0,10/1/16,10/31/16,10/1/16
TN,2016,11,41816,65103,34630,1160537,106919,1195167,6565,5699,840,171,450,5527,390,6538,.12847966,1,0,11/1/16,11/30/16,11/1/16
TN,2016,12,41816,65103,34630,1160537,106919,1195167,6677,5800,845,183,451,5616,393,6643,.12705103,1,0,12/1/16,12/31/16,12/1/16
TN,2017,1,44050,68376,33881,1171093,112426,1204974,6633,5740,865,148,463,5586,401,6598,.13094877,1,0,1/1/17,1/31/17,1/1/17
TN,2017,2,44050,68376,33881,1171093,112426,1204974,6188,5402,770,150,420,5246,350,6166,.12487836,1,0,2/1/17,2/28/17,2/1/17
TN,2017,3,44050,68376,33881,1171093,112426,1204974,6595,5754,815,176,456,5571,359,6562,.12419994,1,0,3/1/17,3/31/17,3/1/17
TN,2017,4,44050,68376,33881,1171093,112426,1204974,6039,5252,761,149,417,5101,344,6011,.12660123,1,0,4/1/17,4/30/17,4/1/17
TN,2017,5,44050,68376,33881,1171093,112426,1204974,6609,5728,863,178,480,5547,383,6588,.13099575,1,0,5/1/17,5/31/17,5/1/17
TN,2017,6,44050,68376,33881,1171093,112426,1204974,6646,5787,837,175,453,5605,384,6617,.12649237,1,0,6/1/17,6/30/17,6/1/17
TN,2017,7,44050,68376,33881,1171093,112426,1204974,7040,6099,917,183,501,5909,415,7008,.13070776,1,0,7/1/17,7/31/17,7/1/17
TN,2017,8,44050,68376,33881,1171093,112426,1204974,7547,6605,910,185,509,6415,400,7509,.12105473,1,0,8/1/17,8/31/17,8/1/17
TN,2017,9,44050,68376,33881,1171093,112426,1204974,7113,6178,917,181,505,5989,410,7085,.12914608,1,0,9/1/17,9/30/17,9/1/17
TN,2017,10,44050,68376,33881,1171093,112426,1204974,7089,6158,910,191,475,5957,435,7058,.12893172,1,0,10/1/17,10/31/17,10/1/17
TN,2017,11,44050,68376,33881,1171093,112426,1204974,6679,5805,844,185,460,5617,383,6645,.1268623,1,0,11/1/17,11/30/17,11/1/17
TN,2017,12,44050,68376,33881,1171093,112426,1204974,6644,5787,833,178,428,5602,399,6607,.12517028,1,0,12/1/17,12/31/17,12/1/17
TN,2018,1,42703,68454,41016,1171729,111157,1212745,6680,5795,863,189,459,5602,401,6651,.12930386,1,0,1/1/18,1/31/18,1/1/18
TN,2018,2,42703,68454,41016,1171729,111157,1212745,6057,5288,743,177,390,5101,349,6017,.12281868,1,0,2/1/18,2/28/18,2/1/18
TN,2018,3,42703,68454,41016,1171729,111157,1212745,6790,5949,809,177,434,5768,370,6749,.11912876,1,0,3/1/18,3/31/18,3/1/18
TN,2018,4,42703,68454,41016,1171729,111157,1212745,6323,5494,801,168,406,5320,389,6283,.12653191,1,0,4/1/18,4/30/18,4/1/18
TN,2018,5,42703,68454,41016,1171729,111157,1212745,6788,5885,883,211,468,5658,413,6750,.13051853,1,0,5/1/18,5/31/18,5/1/18
TN,2018,6,42703,68454,41016,1171729,111157,1212745,6546,5663,857,176,447,5479,403,6505,.13066871,1,0,6/1/18,6/30/18,6/1/18
TN,2018,7,42703,68454,41016,1171729,111157,1212745,6996,6064,909,214,487,5840,419,6960,.13017242,1,0,7/1/18,7/31/18,7/1/18
TN,2018,8,42703,68454,41016,1171729,111157,1212745,7322,6373,912,203,515,6156,396,7270,.1253095,1,0,8/1/18,8/31/18,8/1/18
TN,2018,9,42703,68454,41016,1171729,111157,1212745,6831,5975,811,199,458,5764,350,6771,.11933245,1,0,9/1/18,9/30/18,9/1/18
TN,2018,10,42703,68454,41016,1171729,111157,1212745,6998,6108,860,195,460,5897,393,6945,.12282217,1,0,10/1/18,10/31/18,10/1/18
TN,2018,11,42703,68454,41016,1171729,111157,1212745,6617,5729,859,185,448,5528,408,6569,.13030903,1,0,11/1/18,11/30/18,11/1/18
TN,2018,12,42703,68454,41016,1171729,111157,1212745,6622,5759,835,197,486,5542,345,6570,.12648402,1,0,12/1/18,12/31/18,12/1/18
TN,2019,1,48925,65294,39486,1180310,114219,1219796,6779,5842,918,185,504,5647,412,6748,.13574393,1,0,1/1/19,1/31/19,1/1/19
TN,2019,2,48925,65294,39486,1180310,114219,1219796,5950,5167,758,178,420,4977,337,5912,.12804465,1,0,2/1/19,2/28/19,2/1/19
TN,2019,3,48925,65294,39486,1180310,114219,1219796,6315,5473,814,192,423,5266,387,6268,.12922782,1,0,3/1/19,3/31/19,3/1/19
TN,2019,4,48925,65294,39486,1180310,114219,1219796,6372,5499,853,190,467,5293,380,6330,.13380727,1,0,4/1/19,4/30/19,4/1/19
TN,2019,5,48925,65294,39486,1180310,114219,1219796,6874,5896,951,181,535,5703,409,6828,.13825424,1,0,5/1/19,5/31/19,5/1/19
TN,2019,6,48925,65294,39486,1180310,114219,1219796,6331,5503,806,191,469,5267,333,6260,.12811501,1,0,6/1/19,6/30/19,6/1/19
TN,2019,7,48925,65294,39486,1180310,114219,1219796,7054,6123,925,205,526,5880,392,7003,.13108668,1,0,7/1/19,7/31/19,7/1/19
TN,2019,8,48925,65294,39486,1180310,114219,1219796,7348,6400,941,238,554,6115,384,7291,.12865177,1,0,8/1/19,8/31/19,8/1/19
TN,2019,9,48925,65294,39486,1180310,114219,1219796,7029,6078,945,214,542,5836,400,6992,.13472541,1,0,9/1/19,9/30/19,9/1/19
TN,2019,10,48925,65294,39486,1180310,114219,1219796,7058,6093,959,201,548,5873,407,7029,.1358657,1,0,10/1/19,10/31/19,10/1/19
TN,2019,11,48925,65294,39486,1180310,114219,1219796,6320,5442,874,209,491,5209,381,6290,.13863274,1,0,11/1/19,11/30/19,11/1/19
TN,2019,12,48925,65294,39486,1180310,114219,1219796,6843,5921,916,215,522,5683,391,6811,.13404787,1,0,12/1/19,12/31/19,12/1/19
TN,2020,1,44024,67073,38496,1175631,111097,1214127,6577,5670,903,213,536,5435,365,6549,.13757825,1,0,1/1/20,1/31/20,1/1/20
TN,2020,2,44024,67073,38496,1175631,111097,1214127,5993,5176,814,218,463,4944,351,5976,.13621151,1,0,2/1/20,2/28/20,2/1/20
TN,2020,3,44024,67073,38496,1175631,111097,1214127,6377,5481,890,214,505,5252,384,6355,.13988985,1,0,3/1/20,3/31/20,3/1/20
TN,2020,4,44024,67073,38496,1175631,111097,1214127,6180,5305,872,199,521,5094,349,6163,.14116502,1,0,4/1/20,4/30/20,4/1/20
TN,2020,5,44024,67073,38496,1175631,111097,1214127,6469,5585,877,209,511,5367,365,6452,.13577186,1,0,5/1/20,5/31/20,5/1/20
TN,2020,6,44024,67073,38496,1175631,111097,1214127,6582,5675,903,185,551,5474,351,6561,.13747904,1,0,6/1/20,6/30/20,6/1/20
TN,2020,7,44024,67073,38496,1175631,111097,1214127,6913,5983,920,232,547,5732,373,6884,.13364322,1,0,7/1/20,7/31/20,7/1/20
TN,2020,8,44024,67073,38496,1175631,111097,1214127,6951,6054,890,235,531,5799,357,6922,.12828662,1,0,8/1/20,8/31/20,8/1/20
TN,2020,9,44024,67073,38496,1175631,111097,1214127,6866,5914,949,217,576,5678,370,6841,.13828388,1,0,9/1/20,9/30/20,9/1/20
TN,2020,10,44024,67073,38496,1175631,111097,1214127,6597,5680,910,204,542,5468,366,6580,.13799392,1,0,10/1/20,10/31/20,10/1/20
TN,2020,11,44024,67073,38496,1175631,111097,1214127,6255,5378,872,201,513,5171,357,6242,.1393784,1,0,11/1/20,11/30/20,11/1/20
TN,2020,12,44024,67073,38496,1175631,111097,1214127,6778,5879,891,208,546,5661,342,6757,.13141927,1,0,12/1/20,12/31/20,12/1/20
TN,2021,1,49075,62209,45023,1214519,111284,1259542,6312,5529,777,209,453,5311,323,6296,.12325286,1,0,1/1/21,1/31/21,1/1/21
TN,2021,2,49075,62209,45023,1214519,111284,1259542,6042,5282,757,214,443,5063,314,6034,.12545575,1,0,2/1/21,2/28/21,2/1/21
TN,2021,3,49075,62209,45023,1214519,111284,1259542,6786,5924,853,211,487,5704,366,6768,.12603427,1,0,3/1/21,3/31/21,3/1/21
TN,2021,4,49075,62209,45023,1214519,111284,1259542,6350,5558,790,222,453,5325,335,6335,.12438832,1,0,4/1/21,4/30/21,4/1/21
TN,2021,5,49075,62209,45023,1214519,111284,1259542,6534,5623,906,243,536,5367,369,6515,.1389102,1,0,5/1/21,5/31/21,5/1/21
TN,2021,6,49075,62209,45023,1214519,111284,1259542,6879,5945,931,236,543,5698,386,6863,.13536355,1,0,6/1/21,6/30/21,6/1/21
TN,2021,7,49075,62209,45023,1214519,111284,1259542,7166,6172,986,245,616,5907,364,7132,.13740887,1,0,7/1/21,7/31/21,7/1/21
TN,2021,8,49075,62209,45023,1214519,111284,1259542,7334,6309,1016,276,611,6011,403,7301,.13888508,1,0,8/1/21,8/31/21,8/1/21
TN,2021,9,49075,62209,45023,1214519,111284,1259542,7414,6391,1010,252,610,6118,396,7376,.13638829,1,0,9/1/21,9/30/21,9/1/21
TN,2021,10,49075,62209,45023,1214519,111284,1259542,6927,5966,957,277,572,5677,385,6911,.1384749,1,0,10/1/21,10/31/21,10/1/21
TN,2021,11,49075,62209,45023,1214519,111284,1259542,6664,5701,956,221,598,5473,356,6648,.1435018,1,0,11/1/21,11/30/21,11/1/21
TN,2021,12,49075,62209,45023,1214519,111284,1259542,7123,6117,997,264,612,5843,384,7103,.14022245,1,0,12/1/21,12/31/21,12/1/21
TN,2022,1,52687,63330,49226,1225278,116017,1274504,6833,5817,1011,262,633,5546,377,6818,.14813729,1,0,1/1/22,1/31/22,1/1/22
TN,2022,2,52687,63330,49226,1225278,116017,1274504,6011,5102,905,209,588,4889,317,6003,.15075795,1,0,2/1/22,2/28/22,2/1/22
TN,2022,3,52687,63330,49226,1225278,116017,1274504,6874,5871,998,278,613,5588,384,6863,.14527175,1,0,3/1/22,3/31/22,3/1/22
TN,2022,4,52687,63330,49226,1225278,116017,1274504,6446,5506,939,247,579,5248,359,6433,.14581066,1,0,4/1/22,4/30/22,4/1/22
TN,2022,5,52687,63330,49226,1225278,116017,1274504,6412,5409,989,241,619,5158,368,6386,.15455684,1,0,5/1/22,5/31/22,5/1/22
TN,2022,6,52687,63330,49226,1225278,116017,1274504,6764,5718,1038,256,630,5454,408,6748,.15382336,1,0,6/1/22,6/30/22,6/1/22
TN,2022,7,52687,63330,49226,1225278,116017,1274504,7095,6016,1070,295,686,5714,382,7077,.15091141,1,0,7/1/22,7/31/22,7/1/22
TN,2022,8,52687,63330,49226,1225278,116017,1274504,7519,6364,1150,270,736,6082,412,7500,.15306666,1,0,8/1/22,8/31/22,8/1/22
TN,2022,9,52687,63330,49226,1225278,116017,1274504,7122,5967,1147,261,710,5693,434,7098,.16117217,1,0,9/1/22,9/30/22,9/1/22
TN,2022,10,52687,63330,49226,1225278,116017,1274504,6822,5723,1090,246,705,5459,385,6795,.16041207,1,0,10/1/22,10/31/22,10/1/22
TN,2022,11,52687,63330,49226,1225278,116017,1274504,6894,5758,1134,269,684,5469,449,6871,.16489594,1,0,11/1/22,11/30/22,11/1/22
TN,2022,12,52687,63330,49226,1225278,116017,1274504,7263,6181,1074,302,665,5867,408,7242,.1481635,1,0,12/1/22,12/31/22,12/1/22
TN,2023,1,57041,73597,62173,1215340,130638,1277513,6950,5901,1045,283,658,5609,386,6936,.15051903,1,0,1/1/23,1/31/23,1/1/23
TN,2023,2,57041,73597,62173,1215340,130638,1277513,6328,5368,958,225,625,5135,332,6317,.15149596,1,0,2/1/23,2/28/23,2/1/23
TN,2023,3,57041,73597,62173,1215340,130638,1277513,6849,5822,1021,238,607,5574,414,6833,.14942193,1,0,3/1/23,3/31/23,3/1/23
TN,2023,4,57041,73597,62173,1215340,130638,1277513,6314,5252,1053,237,658,4993,395,6283,.1675951,1,1,4/1/23,4/30/23,4/1/23
TN,2023,5,57041,73597,62173,1215340,130638,1277513,6814,5687,1123,258,740,5417,383,6798,.16519564,1,1,5/1/23,5/31/23,5/1/23
TN,2023,6,57041,73597,62173,1215340,130638,1277513,6980,5838,1131,259,722,5566,404,6951,.16199107,1,1,6/1/23,6/30/23,6/1/23
TN,2023,7,57041,73597,62173,1215340,130638,1277513,7270,6115,1141,298,750,5811,387,7246,.15691416,1,1,7/1/23,7/31/23,7/1/23
TN,2023,8,57041,73597,62173,1215340,130638,1277513,7659,6399,1252,310,812,6073,438,7633,.16376261,1,1,8/1/23,8/31/23,8/1/23
TN,2023,9,57041,73597,62173,1215340,130638,1277513,6932,5744,1180,287,759,5448,421,6915,.17064352,1,1,9/1/23,9/30/23,9/1/23
TN,2023,10,57041,73597,62173,1215340,130638,1277513,7065,5920,1137,300,757,5619,380,7056,.16113946,1,1,10/1/23,10/31/23,10/1/23
TN,2023,11,57041,73597,62173,1215340,130638,1277513,6804,5655,1140,279,761,5371,379,6790,.16789396,1,1,11/1/23,11/30/23,11/1/23
TN,2023,12,57041,73597,62173,1215340,130638,1277513,6898,5709,1180,279,739,5418,440,6876,.17146596,1,1,12/1/23,12/31/23,12/1/23
TX,2016,1,830510,447220,1627857,2917914,1277730,4545771,32060,22828,9210,9199,6345,13613,2864,32021,.28759253,0,0,1/1/16,1/31/16,1/1/16
TX,2016,2,830510,447220,1627857,2917914,1277730,4545771,30389,21978,8384,8597,5701,13368,2682,30348,.27622908,0,0,2/1/16,2/28/16,2/1/16
TX,2016,3,830510,447220,1627857,2917914,1277730,4545771,32784,23655,9094,9123,6003,14516,3089,32731,.27777949,0,0,3/1/16,3/31/16,3/1/16
TX,2016,4,830510,447220,1627857,2917914,1277730,4545771,30633,22142,8468,8495,5626,13626,2841,30588,.2768079,0,0,4/1/16,4/30/16,4/1/16
TX,2016,5,830510,447220,1627857,2917914,1277730,4545771,32093,22940,9118,8842,6094,14083,3023,32042,.28453282,0,0,5/1/16,5/31/16,5/1/16
TX,2016,6,830510,447220,1627857,2917914,1277730,4545771,33064,23761,9272,9200,6246,14546,3025,33017,.28079474,0,0,6/1/16,6/30/16,6/1/16
TX,2016,7,830510,447220,1627857,2917914,1277730,4545771,34048,24433,9590,9615,6592,14800,2996,34003,.28197512,0,0,7/1/16,7/31/16,7/1/16
TX,2016,8,830510,447220,1627857,2917914,1277730,4545771,36234,26040,10167,10326,7024,15699,3140,36189,.28085881,0,0,8/1/16,8/31/16,8/1/16
TX,2016,9,830510,447220,1627857,2917914,1277730,4545771,35273,25171,10074,9917,6933,15234,3137,35221,.28590897,0,0,9/1/16,9/30/16,9/1/16
TX,2016,10,830510,447220,1627857,2917914,1277730,4545771,33872,24058,9788,9644,6606,14398,3179,33827,.28926596,0,0,10/1/16,10/31/16,10/1/16
TX,2016,11,830510,447220,1627857,2917914,1277730,4545771,33067,23598,9443,9321,6400,14263,3038,33022,.28580946,0,0,11/1/16,11/30/16,11/1/16
TX,2016,12,830510,447220,1627857,2917914,1277730,4545771,33438,23916,9497,9551,6393,14348,3101,33393,.28431109,0,0,12/1/16,12/31/16,12/1/16
TX,2017,1,827550,463515,1684886,2928786,1291065,4613672,31533,22568,8931,9038,5972,13512,2956,31478,.28362665,0,0,1/1/17,1/31/17,1/1/17
TX,2017,2,827550,463515,1684886,2928786,1291065,4613672,28504,20532,7946,8028,5289,12488,2650,28455,.27900192,0,0,2/1/17,2/28/17,2/1/17
TX,2017,3,827550,463515,1684886,2928786,1291065,4613672,30980,22431,8517,8701,5596,13714,2919,30930,.27529907,0,0,3/1/17,3/31/17,3/1/17
TX,2017,4,827550,463515,1684886,2928786,1291065,4613672,28805,20799,7984,8120,5141,12659,2839,28759,.27747837,0,0,4/1/17,4/30/17,4/1/17
TX,2017,5,827550,463515,1684886,2928786,1291065,4613672,31095,22449,8612,8684,5678,13748,2930,31040,.27731958,0,0,5/1/17,5/31/17,5/1/17
TX,2017,6,827550,463515,1684886,2928786,1291065,4613672,31496,22674,8786,9094,5737,13565,3042,31438,.27924803,0,0,6/1/17,6/30/17,6/1/17
TX,2017,7,827550,463515,1684886,2928786,1291065,4613672,32498,23465,9003,9350,6001,14098,2999,32448,.27736688,0,0,7/1/17,7/31/17,7/1/17
TX,2017,8,827550,463515,1684886,2928786,1291065,4613672,34939,25070,9848,10179,6634,14868,3212,34893,.28217694,0,0,8/1/17,8/31/17,8/1/17
TX,2017,9,827550,463515,1684886,2928786,1291065,4613672,34032,24364,9613,9673,6520,14671,3088,33952,.28298774,0,0,9/1/17,9/30/17,9/1/17
TX,2017,10,827550,463515,1684886,2928786,1291065,4613672,33286,23926,9328,9609,6201,14297,3122,33229,.28056818,0,0,10/1/17,10/31/17,10/1/17
TX,2017,11,827550,463515,1684886,2928786,1291065,4613672,32073,22965,9081,9372,5989,13574,3081,32016,.28329584,0,0,11/1/17,11/30/17,11/1/17
TX,2017,12,827550,463515,1684886,2928786,1291065,4613672,31846,22991,8823,9313,5783,13658,3038,31792,.27745974,0,0,12/1/17,12/31/17,12/1/17
TX,2018,1,809435,477411,1738650,2953366,1286846,4692016,31810,23013,8770,9411,5710,13587,3056,31764,.27597281,0,0,1/1/18,1/31/18,1/1/18
TX,2018,2,809435,477411,1738650,2953366,1286846,4692016,28453,20578,7842,8227,5130,12340,2711,28408,.27601379,0,0,2/1/18,2/28/18,2/1/18
TX,2018,3,809435,477411,1738650,2953366,1286846,4692016,30660,22356,8271,8858,5436,13472,2821,30587,.26995128,0,0,3/1/18,3/31/18,3/1/18
TX,2018,4,809435,477411,1738650,2953366,1286846,4692016,28729,20908,7792,8044,5007,12856,2779,28686,.27142161,0,0,4/1/18,4/30/18,4/1/18
TX,2018,5,809435,477411,1738650,2953366,1286846,4692016,30921,22430,8459,8867,5495,13547,2954,30863,.27375823,0,0,5/1/18,5/31/18,5/1/18
TX,2018,6,809435,477411,1738650,2953366,1286846,4692016,31168,22664,8474,8996,5523,13648,2942,31109,.27210775,0,0,6/1/18,6/30/18,6/1/18
TX,2018,7,809435,477411,1738650,2953366,1286846,4692016,32689,23658,9000,9664,6054,13973,2938,32629,.27558306,0,0,7/1/18,7/31/18,7/1/18
TX,2018,8,809435,477411,1738650,2953366,1286846,4692016,34311,24836,9434,10132,6339,14690,3086,34247,.2752066,0,0,8/1/18,8/31/18,8/1/18
TX,2018,9,809435,477411,1738650,2953366,1286846,4692016,32828,23568,9223,9585,6253,13963,2961,32762,.28124046,0,0,9/1/18,9/30/18,9/1/18
TX,2018,10,809435,477411,1738650,2953366,1286846,4692016,33209,24121,9060,9764,6148,14337,2903,33152,.2730152,0,0,10/1/18,10/31/18,10/1/18
TX,2018,11,809435,477411,1738650,2953366,1286846,4692016,31475,22967,8479,9342,5623,13596,2850,31411,.26974627,0,0,11/1/18,11/30/18,11/1/18
TX,2018,12,809435,477411,1738650,2953366,1286846,4692016,31321,22774,8518,9346,5608,13384,2900,31238,.27236059,0,0,12/1/18,12/31/18,12/1/18
TX,2019,1,791857,476063,1789847,2978848,1267920,4768695,31505,23057,8414,9306,5508,13708,2888,31410,.26730341,0,0,1/1/19,1/31/19,1/1/19
TX,2019,2,791857,476063,1789847,2978848,1267920,4768695,27828,20335,7462,8134,4851,12186,2608,27779,.26851219,0,0,2/1/19,2/28/19,2/1/19
TX,2019,3,791857,476063,1789847,2978848,1267920,4768695,29375,21591,7756,8671,4984,12900,2768,29323,.26436585,0,0,3/1/19,3/31/19,3/1/19
TX,2019,4,791857,476063,1789847,2978848,1267920,4768695,29438,21644,7767,8736,5006,12891,2755,29388,.26408738,0,0,4/1/19,4/30/19,4/1/19
TX,2019,5,791857,476063,1789847,2978848,1267920,4768695,31324,23013,8282,9265,5410,13728,2866,31269,.26467109,0,0,5/1/19,5/31/19,5/1/19
TX,2019,6,791857,476063,1789847,2978848,1267920,4768695,30015,21976,8005,8906,5343,13048,2660,29957,.26714957,0,0,6/1/19,6/30/19,6/1/19
TX,2019,7,791857,476063,1789847,2978848,1267920,4768695,33567,24406,9125,10071,6129,14317,2991,33508,.27217382,0,0,7/1/19,7/31/19,7/1/19
TX,2019,8,791857,476063,1789847,2978848,1267920,4768695,34359,24989,9336,10379,6385,14582,2945,34291,.27208304,0,0,8/1/19,8/31/19,8/1/19
TX,2019,9,791857,476063,1789847,2978848,1267920,4768695,33186,23933,9220,9843,6345,14060,2872,33120,.27829108,0,0,9/1/19,9/30/19,9/1/19
TX,2019,10,791857,476063,1789847,2978848,1267920,4768695,33321,24392,8894,10013,5899,14354,2987,33253,.26722401,0,0,10/1/19,10/31/19,10/1/19
TX,2019,11,791857,476063,1789847,2978848,1267920,4768695,30371,22045,8304,9009,5486,13018,2817,30330,.27375537,0,0,11/1/19,11/30/19,11/1/19
TX,2019,12,791857,476063,1789847,2978848,1267920,4768695,32292,23661,8598,9782,5700,13857,2895,32234,.26664391,0,0,12/1/19,12/31/19,12/1/19
TX,2020,1,798454,466311,1747257,2962262,1264765,4709519,31431,23011,8394,9515,5602,13479,2784,31380,.26724029,0,0,1/1/20,1/31/20,1/1/20
TX,2020,2,798454,466311,1747257,2962262,1264765,4709519,28389,20946,7420,8561,4831,12353,2588,28333,.26185015,0,0,2/1/20,2/28/20,2/1/20
TX,2020,3,798454,466311,1747257,2962262,1264765,4709519,30230,22284,7911,9016,5194,13247,2708,30165,.26195922,0,0,3/1/20,3/31/20,3/1/20
TX,2020,4,798454,466311,1747257,2962262,1264765,4709519,28933,21500,7411,8669,4796,12817,2610,28892,.25633395,0,0,4/1/20,4/30/20,4/1/20
TX,2020,5,798454,466311,1747257,2962262,1264765,4709519,29381,21712,7648,8702,4835,12983,2809,29329,.26062942,0,0,5/1/20,5/31/20,5/1/20
TX,2020,6,798454,466311,1747257,2962262,1264765,4709519,29582,21950,7609,8926,5092,13000,2514,29532,.25755113,0,0,6/1/20,6/30/20,6/1/20
TX,2020,7,798454,466311,1747257,2962262,1264765,4709519,32385,24101,8239,10073,5528,14005,2707,32313,.25485098,0,0,7/1/20,7/31/20,7/1/20
TX,2020,8,798454,466311,1747257,2962262,1264765,4709519,32639,24173,8443,10159,5813,13980,2618,32570,.25885785,0,0,8/1/20,8/31/20,8/1/20
TX,2020,9,798454,466311,1747257,2962262,1264765,4709519,32376,23935,8410,10027,5711,13880,2692,32310,.26007429,0,0,9/1/20,9/30/20,9/1/20
TX,2020,10,798454,466311,1747257,2962262,1264765,4709519,31868,23576,8261,9978,5494,13563,2753,31788,.25943753,0,0,10/1/20,10/31/20,10/1/20
TX,2020,11,798454,466311,1747257,2962262,1264765,4709519,29734,21897,7810,9149,5253,12716,2547,29665,.26293612,0,0,11/1/20,11/30/20,11/1/20
TX,2020,12,798454,466311,1747257,2962262,1264765,4709519,30297,22747,7526,9447,5073,13272,2449,30241,.24873516,0,0,12/1/20,12/31/20,12/1/20
TX,2021,1,769643,481817,1886001,3013625,1251460,4899626,28358,21410,6922,8706,4654,12675,2263,28298,.24443424,0,0,1/1/21,1/31/21,1/1/21
TX,2021,2,769643,481817,1886001,3013625,1251460,4899626,26717,20209,6473,8186,4272,12002,2196,26656,.24264705,0,0,2/1/21,2/28/21,2/1/21
TX,2021,3,769643,481817,1886001,3013625,1251460,4899626,30252,22900,7328,9060,4746,13794,2571,30171,.24251765,0,0,3/1/21,3/31/21,3/1/21
TX,2021,4,769643,481817,1886001,3013625,1251460,4899626,28558,21794,6731,8774,4286,12983,2431,28474,.23589942,0,0,4/1/21,4/30/21,4/1/21
TX,2021,5,769643,481817,1886001,3013625,1251460,4899626,29317,21842,7448,8878,4805,12927,2629,29239,.25424945,0,0,5/1/21,5/31/21,5/1/21
TX,2021,6,769643,481817,1886001,3013625,1251460,4899626,31002,23290,7678,9480,5108,13768,2560,30916,.24802691,0,0,6/1/21,6/30/21,6/1/21
TX,2021,7,769643,481817,1886001,3013625,1251460,4899626,32930,24570,8333,10246,5590,14264,2728,32828,.25338125,0,0,7/1/21,7/31/21,7/1/21
TX,2021,8,769643,481817,1886001,3013625,1251460,4899626,33767,25069,8671,10295,5755,14710,2903,33663,.25719634,0,0,8/1/21,8/31/21,8/1/21
TX,2021,9,769643,481817,1886001,3013625,1251460,4899626,33806,25168,8609,10678,5832,14418,2758,33686,.25500208,0,0,9/1/21,9/30/21,9/1/21
TX,2021,10,769643,481817,1886001,3013625,1251460,4899626,32585,24111,8445,10114,5657,13924,2769,32464,.25954905,0,0,10/1/21,10/31/21,10/1/21
TX,2021,11,769643,481817,1886001,3013625,1251460,4899626,32023,23678,8309,9907,5540,13712,2752,31911,.2598477,0,0,11/1/21,11/30/21,11/1/21
TX,2021,12,769643,481817,1886001,3013625,1251460,4899626,33270,24502,8733,10415,5895,14022,2825,33157,.26299122,0,0,12/1/21,12/31/21,12/1/21
TX,2022,1,765568,482307,1958696,3087046,1247875,5045742,31293,22819,8437,9785,5610,12940,2805,31140,.27023122,0,0,1/1/22,1/31/22,1/1/22
TX,2022,2,765568,482307,1958696,3087046,1247875,5045742,28769,21346,7396,8909,4851,12352,2531,28643,.2577244,0,0,2/1/22,2/28/22,2/1/22
TX,2022,3,765568,482307,1958696,3087046,1247875,5045742,32165,23823,8321,10027,5455,13710,2845,32037,.25907543,0,0,3/1/22,3/31/22,3/1/22
TX,2022,4,765568,482307,1958696,3087046,1247875,5045742,29725,21796,7895,8947,5098,12760,2773,29578,.26610994,0,1,4/1/22,4/30/22,4/1/22
TX,2022,5,765568,482307,1958696,3087046,1247875,5045742,30356,22200,8134,9302,5253,12821,2865,30241,.2684435,0,1,5/1/22,5/31/22,5/1/22
TX,2022,6,765568,482307,1958696,3087046,1247875,5045742,32078,23478,8564,9813,5598,13577,2943,31931,.267483,0,1,6/1/22,6/30/22,6/1/22
TX,2022,7,765568,482307,1958696,3087046,1247875,5045742,33397,24588,8774,10577,5925,13923,2826,33251,.26318005,0,1,7/1/22,7/31/22,7/1/22
TX,2022,8,765568,482307,1958696,3087046,1247875,5045742,36401,26609,9743,11349,6556,15147,3155,36207,.26820782,0,1,8/1/22,8/31/22,8/1/22
TX,2022,9,765568,482307,1958696,3087046,1247875,5045742,33783,24481,9260,10598,6397,13700,2818,33513,.27496791,0,1,9/1/22,9/30/22,9/1/22
TX,2022,10,765568,482307,1958696,3087046,1247875,5045742,32935,23989,8912,10427,6082,13470,2810,32789,.2711885,0,1,10/1/22,10/31/22,10/1/22
TX,2022,11,765568,482307,1958696,3087046,1247875,5045742,33240,24233,8969,10554,5985,13576,2953,33068,.27029151,0,1,11/1/22,11/30/22,11/1/22
TX,2022,12,765568,482307,1958696,3087046,1247875,5045742,34504,25097,9375,10896,6319,14110,3023,34348,.27198091,0,1,12/1/22,12/31/22,12/1/22
TX,2023,1,771267,526375,1958826,3133162,1297642,5091988,32445,23597,8819,10087,6026,13444,2777,32334,.27225211,0,1,1/1/23,1/31/23,1/1/23
TX,2023,2,771267,526375,1958826,3133162,1297642,5091988,28856,21137,7686,8806,5084,12273,2586,28749,.26679188,0,1,2/1/23,2/28/23,2/1/23
TX,2023,3,771267,526375,1958826,3133162,1297642,5091988,31279,22895,8354,9654,5497,13175,2839,31165,.26747954,0,1,3/1/23,3/31/23,3/1/23
TX,2023,4,771267,526375,1958826,3133162,1297642,5091988,28781,21088,7660,8820,4956,12202,2692,28670,.26675969,0,1,4/1/23,4/30/23,4/1/23
TX,2023,5,771267,526375,1958826,3133162,1297642,5091988,31566,22856,8668,9729,5665,13046,2976,31416,.27505094,0,1,5/1/23,5/31/23,5/1/23
TX,2023,6,771267,526375,1958826,3133162,1297642,5091988,32107,23209,8859,9770,5859,13368,2982,31979,.27646267,0,1,6/1/23,6/30/23,6/1/23
TX,2023,7,771267,526375,1958826,3133162,1297642,5091988,33066,23955,9068,10346,6124,13525,2921,32916,.27479038,0,1,7/1/23,7/31/23,7/1/23
TX,2023,8,771267,526375,1958826,3133162,1297642,5091988,35332,25468,9832,11126,6617,14262,3195,35200,.27875,0,1,8/1/23,8/31/23,8/1/23
TX,2023,9,771267,526375,1958826,3133162,1297642,5091988,33575,24016,9527,10592,6612,13345,2901,33450,.28439462,0,1,9/1/23,9/30/23,9/1/23
TX,2023,10,771267,526375,1958826,3133162,1297642,5091988,33959,24553,9372,10663,6239,13798,3105,33805,.27640882,0,1,10/1/23,10/31/23,10/1/23
TX,2023,11,771267,526375,1958826,3133162,1297642,5091988,33115,23759,9327,10408,6251,13257,3045,32961,.28203028,0,1,11/1/23,11/30/23,11/1/23
TX,2023,12,771267,526375,1958826,3133162,1297642,5091988,32665,23448,9184,10222,6201,13142,2964,32529,.28174859,0,1,12/1/23,12/31/23,12/1/23
UT,2016,1,42366,37516,55187,527536,79882,582723,3802,3243,557,319,333,2827,206,3685,.14626865,0,0,1/1/16,1/31/16,1/1/16
UT,2016,2,42366,37516,55187,527536,79882,582723,3834,3305,527,267,298,2956,209,3730,.13592494,0,0,2/1/16,2/28/16,2/1/16
UT,2016,3,42366,37516,55187,527536,79882,582723,4393,3785,602,326,341,3374,244,4285,.13652276,0,0,3/1/16,3/31/16,3/1/16
UT,2016,4,42366,37516,55187,527536,79882,582723,4298,3728,567,323,309,3310,237,4179,.13065326,0,0,4/1/16,4/30/16,4/1/16
UT,2016,5,42366,37516,55187,527536,79882,582723,4432,3821,609,339,342,3348,250,4279,.13835008,0,0,5/1/16,5/31/16,5/1/16
UT,2016,6,42366,37516,55187,527536,79882,582723,4440,3784,651,338,374,3368,259,4339,.14588615,0,0,6/1/16,6/30/16,6/1/16
UT,2016,7,42366,37516,55187,527536,79882,582723,4409,3805,599,323,359,3408,228,4318,.13594256,0,0,7/1/16,7/31/16,7/1/16
UT,2016,8,42366,37516,55187,527536,79882,582723,4685,4052,625,380,375,3589,235,4579,.13321686,0,0,8/1/16,8/31/16,8/1/16
UT,2016,9,42366,37516,55187,527536,79882,582723,4312,3681,621,300,375,3300,230,4205,.14387634,0,0,9/1/16,9/30/16,9/1/16
UT,2016,10,42366,37516,55187,527536,79882,582723,4126,3541,578,339,329,3141,239,4048,.1403162,0,0,10/1/16,10/31/16,10/1/16
UT,2016,11,42366,37516,55187,527536,79882,582723,3816,3228,584,290,357,2891,217,3755,.15286285,0,0,11/1/16,11/30/16,11/1/16
UT,2016,12,42366,37516,55187,527536,79882,582723,3827,3253,571,285,318,2923,248,3774,.1499735,0,0,12/1/16,12/31/16,12/1/16
UT,2017,1,46415,40488,53116,538136,86903,591252,3748,3162,583,294,331,2835,242,3702,.15478119,0,0,1/1/17,1/31/17,1/1/17
UT,2017,2,46415,40488,53116,538136,86903,591252,3614,3081,527,281,309,2767,205,3562,.14430095,0,0,2/1/17,2/28/17,2/1/17
UT,2017,3,46415,40488,53116,538136,86903,591252,4151,3558,581,306,311,3225,262,4104,.13961989,0,0,3/1/17,3/31/17,3/1/17
UT,2017,4,46415,40488,53116,538136,86903,591252,4005,3422,581,318,342,3079,237,3976,.14562374,0,0,4/1/17,4/30/17,4/1/17
UT,2017,5,46415,40488,53116,538136,86903,591252,4353,3746,598,348,334,3372,256,4310,.13689095,0,0,5/1/17,5/31/17,5/1/17
UT,2017,6,46415,40488,53116,538136,86903,591252,4358,3741,612,324,369,3396,236,4325,.1398844,0,0,6/1/17,6/30/17,6/1/17
UT,2017,7,46415,40488,53116,538136,86903,591252,4302,3655,640,352,379,3272,256,4259,.14909603,0,0,7/1/17,7/31/17,7/1/17
UT,2017,8,46415,40488,53116,538136,86903,591252,4409,3784,621,329,356,3439,258,4382,.14011867,0,0,8/1/17,8/31/17,8/1/17
UT,2017,9,46415,40488,53116,538136,86903,591252,4089,3488,598,328,334,3136,260,4058,.14637752,0,0,9/1/17,9/30/17,9/1/17
UT,2017,10,46415,40488,53116,538136,86903,591252,3938,3394,534,310,287,3056,243,3896,.13603696,0,0,10/1/17,10/31/17,10/1/17
UT,2017,11,46415,40488,53116,538136,86903,591252,3830,3235,585,300,326,2905,249,3780,.1521164,0,0,11/1/17,11/30/17,11/1/17
UT,2017,12,46415,40488,53116,538136,86903,591252,3707,3143,558,316,311,2797,236,3660,.14945355,0,0,12/1/17,12/31/17,12/1/17
UT,2018,1,41069,38145,63868,547798,79214,611666,3703,3123,573,308,332,2786,232,3658,.15418261,0,0,1/1/18,1/31/18,1/1/18
UT,2018,2,41069,38145,63868,547798,79214,611666,3525,2995,522,322,272,2638,242,3474,.14795625,0,0,2/1/18,2/28/18,2/1/18
UT,2018,3,41069,38145,63868,547798,79214,611666,3943,3357,582,312,317,2996,253,3878,.14698298,0,0,3/1/18,3/31/18,3/1/18
UT,2018,4,41069,38145,63868,547798,79214,611666,3912,3336,574,352,337,2929,220,3838,.14512767,0,0,4/1/18,4/30/18,4/1/18
UT,2018,5,41069,38145,63868,547798,79214,611666,4115,3550,561,376,341,3106,201,4024,.13469185,0,0,5/1/18,5/31/18,5/1/18
UT,2018,6,41069,38145,63868,547798,79214,611666,4043,3472,568,359,326,3045,221,3951,.13844596,0,0,6/1/18,6/30/18,6/1/18
UT,2018,7,41069,38145,63868,547798,79214,611666,4243,3615,619,332,355,3175,249,4111,.14692289,0,0,7/1/18,7/31/18,7/1/18
UT,2018,8,41069,38145,63868,547798,79214,611666,4316,3693,615,397,384,3206,216,4203,.14275518,0,0,8/1/18,8/31/18,8/1/18
UT,2018,9,41069,38145,63868,547798,79214,611666,3898,3329,566,372,320,2854,219,3765,.14316069,0,0,9/1/18,9/30/18,9/1/18
UT,2018,10,41069,38145,63868,547798,79214,611666,4135,3567,564,362,327,3088,210,3987,.13468774,0,0,10/1/18,10/31/18,10/1/18
UT,2018,11,41069,38145,63868,547798,79214,611666,3678,3124,541,351,314,2691,208,3564,.14646465,0,0,11/1/18,11/30/18,11/1/18
UT,2018,12,41069,38145,63868,547798,79214,611666,3621,3058,558,317,317,2650,219,3503,.15301171,0,0,12/1/18,12/31/18,12/1/18
UT,2019,1,41742,38468,66775,559514,80210,626289,3758,3198,551,328,313,2739,210,3590,.14568245,0,0,1/1/19,1/31/19,1/1/19
UT,2019,2,41742,38468,66775,559514,80210,626289,3526,3027,495,318,278,2606,175,3377,.13414273,0,0,2/1/19,2/28/19,2/1/19
UT,2019,3,41742,38468,66775,559514,80210,626289,3912,3339,567,366,312,2833,221,3732,.14281887,0,0,3/1/19,3/31/19,3/1/19
UT,2019,4,41742,38468,66775,559514,80210,626289,3809,3275,530,360,273,2791,230,3654,.13765736,0,0,4/1/19,4/30/19,4/1/19
UT,2019,5,41742,38468,66775,559514,80210,626289,4169,3602,562,366,306,3105,233,4010,.13441397,0,0,5/1/19,5/31/19,5/1/19
UT,2019,6,41742,38468,66775,559514,80210,626289,3958,3376,578,347,309,2926,248,3830,.1454308,0,0,6/1/19,6/30/19,6/1/19
UT,2019,7,41742,38468,66775,559514,80210,626289,4409,3777,616,393,353,3237,224,4207,.13715236,0,0,7/1/19,7/31/19,7/1/19
UT,2019,8,41742,38468,66775,559514,80210,626289,4124,3520,594,434,333,2967,234,3968,.14289315,0,0,8/1/19,8/31/19,8/1/19
UT,2019,9,41742,38468,66775,559514,80210,626289,3976,3375,588,351,299,2921,249,3820,.14345549,0,0,9/1/19,9/30/19,9/1/19
UT,2019,10,41742,38468,66775,559514,80210,626289,4065,3463,589,373,330,2984,236,3923,.14427733,0,0,10/1/19,10/31/19,10/1/19
UT,2019,11,41742,38468,66775,559514,80210,626289,3504,2969,528,338,303,2548,201,3390,.14867257,0,0,11/1/19,11/30/19,11/1/19
UT,2019,12,41742,38468,66775,559514,80210,626289,3535,2978,554,388,330,2519,202,3439,.15469614,0,0,12/1/19,12/31/19,12/1/19
UT,2020,1,42152,37074,61207,548177,79226,609384,3674,3122,547,350,316,2710,210,3586,.14668153,0,0,1/1/20,1/31/20,1/1/20
UT,2020,2,42152,37074,61207,548177,79226,609384,3531,2990,536,378,279,2550,234,3441,.14908457,0,0,2/1/20,2/28/20,2/1/20
UT,2020,3,42152,37074,61207,548177,79226,609384,3986,3441,539,380,323,3015,199,3917,.13326526,0,0,3/1/20,3/31/20,3/1/20
UT,2020,4,42152,37074,61207,548177,79226,609384,3872,3359,507,352,283,2952,216,3803,.1312122,0,0,4/1/20,4/30/20,4/1/20
UT,2020,5,42152,37074,61207,548177,79226,609384,3874,3364,499,384,291,2940,196,3811,.12778798,0,0,5/1/20,5/31/20,5/1/20
UT,2020,6,42152,37074,61207,548177,79226,609384,4107,3526,564,393,320,3089,238,4040,.13811882,0,0,6/1/20,6/30/20,6/1/20
UT,2020,7,42152,37074,61207,548177,79226,609384,4208,3589,606,401,348,3146,253,4148,.1448891,0,0,7/1/20,7/31/20,7/1/20
UT,2020,8,42152,37074,61207,548177,79226,609384,4020,3403,602,376,343,2991,250,3960,.14974748,0,0,8/1/20,8/31/20,8/1/20
UT,2020,9,42152,37074,61207,548177,79226,609384,3792,3249,533,360,292,2855,232,3739,.14014442,0,0,9/1/20,9/30/20,9/1/20
UT,2020,10,42152,37074,61207,548177,79226,609384,3771,3220,534,348,336,2840,190,3714,.14162628,0,0,10/1/20,10/31/20,10/1/20
UT,2020,11,42152,37074,61207,548177,79226,609384,3363,2837,519,335,299,2470,209,3313,.15333535,0,0,11/1/20,11/30/20,11/1/20
UT,2020,12,42152,37074,61207,548177,79226,609384,3423,2967,449,383,260,2557,182,3382,.1306919,0,0,12/1/20,12/31/20,12/1/20
UT,2021,1,41091,37654,74945,581951,78745,656896,3340,2856,477,302,281,2525,190,3298,.14281383,0,0,1/1/21,1/31/21,1/1/21
UT,2021,2,41091,37654,74945,581951,78745,656896,3426,2958,457,335,248,2600,202,3385,.13293944,0,0,2/1/21,2/28/21,2/1/21
UT,2021,3,41091,37654,74945,581951,78745,656896,4089,3519,562,395,312,3083,246,4036,.1382557,0,0,3/1/21,3/31/21,3/1/21
UT,2021,4,41091,37654,74945,581951,78745,656896,3904,3381,519,360,298,2986,214,3858,.13271125,0,0,4/1/21,4/30/21,4/1/21
UT,2021,5,41091,37654,74945,581951,78745,656896,4088,3514,565,377,335,3090,215,4017,.1369181,0,0,5/1/21,5/31/21,5/1/21
UT,2021,6,41091,37654,74945,581951,78745,656896,4208,3634,562,408,325,3182,226,4141,.13305965,0,0,6/1/21,6/30/21,6/1/21
UT,2021,7,41091,37654,74945,581951,78745,656896,4184,3615,560,441,313,3127,242,4123,.13461073,0,0,7/1/21,7/31/21,7/1/21
UT,2021,8,41091,37654,74945,581951,78745,656896,4149,3530,610,415,352,3066,245,4078,.1463953,0,0,8/1/21,8/31/21,8/1/21
UT,2021,9,41091,37654,74945,581951,78745,656896,4009,3385,615,384,380,2967,232,3963,.15442847,0,0,9/1/21,9/30/21,9/1/21
UT,2021,10,41091,37654,74945,581951,78745,656896,3828,3278,544,368,308,2864,223,3763,.14111082,0,0,10/1/21,10/31/21,10/1/21
UT,2021,11,41091,37654,74945,581951,78745,656896,3646,3094,541,390,325,2656,210,3581,.14939961,0,0,11/1/21,11/30/21,11/1/21
UT,2021,12,41091,37654,74945,581951,78745,656896,3751,3230,514,388,287,2786,218,3679,.13726556,0,0,12/1/21,12/31/21,12/1/21
UT,2022,1,42957,39061,72808,593334,82018,666142,3545,3002,541,380,322,2591,211,3504,.15211187,0,0,1/1/22,1/31/22,1/1/22
UT,2022,2,42957,39061,72808,593334,82018,666142,3397,2906,485,353,294,2507,183,3337,.14294276,0,0,2/1/22,2/28/22,2/1/22
UT,2022,3,42957,39061,72808,593334,82018,666142,4021,3408,600,419,347,2937,244,3947,.14973398,0,0,3/1/22,3/31/22,3/1/22
UT,2022,4,42957,39061,72808,593334,82018,666142,3812,3252,555,393,314,2817,230,3754,.14491209,0,0,4/1/22,4/30/22,4/1/22
UT,2022,5,42957,39061,72808,593334,82018,666142,3916,3320,589,384,374,2887,206,3851,.15061024,0,0,5/1/22,5/31/22,5/1/22
UT,2022,6,42957,39061,72808,593334,82018,666142,3940,3355,581,399,344,2930,230,3903,.14706635,0,0,6/1/22,6/30/22,6/1/22
UT,2022,7,42957,39061,72808,593334,82018,666142,4075,3402,666,420,409,2953,250,4032,.16344246,0,0,7/1/22,7/31/22,7/1/22
UT,2022,8,42957,39061,72808,593334,82018,666142,4037,3410,620,411,376,2973,241,4001,.15421145,0,0,8/1/22,8/31/22,8/1/22
UT,2022,9,42957,39061,72808,593334,82018,666142,3757,3169,580,388,347,2764,230,3729,.15473317,0,0,9/1/22,9/30/22,9/1/22
UT,2022,10,42957,39061,72808,593334,82018,666142,3797,3176,618,362,353,2791,262,3768,.16321656,0,0,10/1/22,10/31/22,10/1/22
UT,2022,11,42957,39061,72808,593334,82018,666142,3691,3085,603,404,345,2664,251,3664,.16266376,0,0,11/1/22,11/30/22,11/1/22
UT,2022,12,42957,39061,72808,593334,82018,666142,3690,3084,601,404,350,2669,244,3667,.16198528,0,0,12/1/22,12/31/22,12/1/22
UT,2023,1,46429,41522,83388,587481,87951,670869,3500,2921,577,399,347,2502,229,3477,.16566005,0,0,1/1/23,1/31/23,1/1/23
UT,2023,2,46429,41522,83388,587481,87951,670869,3460,2877,580,357,341,2504,233,3435,.16710335,0,0,2/1/23,2/28/23,2/1/23
UT,2023,3,46429,41522,83388,587481,87951,670869,3950,3346,603,392,366,2935,231,3924,.15214068,0,0,3/1/23,3/31/23,3/1/23
UT,2023,4,46429,41522,83388,587481,87951,670869,3600,3073,523,388,306,2670,215,3579,.1455714,0,0,4/1/23,4/30/23,4/1/23
UT,2023,5,46429,41522,83388,587481,87951,670869,3893,3273,617,431,376,2830,237,3874,.15823439,0,0,5/1/23,5/31/23,5/1/23
UT,2023,6,46429,41522,83388,587481,87951,670869,3907,3306,597,409,363,2884,226,3882,.15172592,0,0,6/1/23,6/30/23,6/1/23
UT,2023,7,46429,41522,83388,587481,87951,670869,3949,3315,630,424,377,2884,247,3932,.15869786,0,0,7/1/23,7/31/23,7/1/23
UT,2023,8,46429,41522,83388,587481,87951,670869,4108,3424,673,438,430,2970,239,4077,.16409124,0,0,8/1/23,8/31/23,8/1/23
UT,2023,9,46429,41522,83388,587481,87951,670869,3768,3136,627,398,400,2725,225,3748,.1667556,0,0,9/1/23,9/30/23,9/1/23
UT,2023,10,46429,41522,83388,587481,87951,670869,3777,3170,603,385,376,2772,219,3752,.15858209,0,0,10/1/23,10/31/23,10/1/23
UT,2023,11,46429,41522,83388,587481,87951,670869,3546,2928,614,377,367,2536,240,3520,.17244318,0,0,11/1/23,11/30/23,11/1/23
UT,2023,12,46429,41522,83388,587481,87951,670869,3452,2832,618,355,396,2464,216,3431,.17837365,0,0,12/1/23,12/31/23,12/1/23
VA,2016,1,103507,205332,73264,1294709,308839,1367973,8185,6041,2102,292,878,5739,1224,8133,.25845322,0,0,1/1/16,1/31/16,1/1/16
VA,2016,2,103507,205332,73264,1294709,308839,1367973,8036,6072,1929,309,768,5760,1156,7993,.24071062,0,0,2/1/16,2/28/16,2/1/16
VA,2016,3,103507,205332,73264,1294709,308839,1367973,8650,6572,2041,360,829,6208,1212,8609,.23707747,0,0,3/1/16,3/31/16,3/1/16
VA,2016,4,103507,205332,73264,1294709,308839,1367973,8237,6170,2030,308,834,5850,1192,8184,.24755621,0,0,4/1/16,4/30/16,4/1/16
VA,2016,5,103507,205332,73264,1294709,308839,1367973,8742,6546,2159,346,867,6191,1292,8696,.24827507,0,0,5/1/16,5/31/16,5/1/16
VA,2016,6,103507,205332,73264,1294709,308839,1367973,8610,6471,2116,306,873,6157,1243,8579,.24664879,0,0,6/1/16,6/30/16,6/1/16
VA,2016,7,103507,205332,73264,1294709,308839,1367973,8842,6631,2176,303,895,6120,1280,8598,.25296581,0,0,7/1/16,7/31/16,7/1/16
VA,2016,8,103507,205332,73264,1294709,308839,1367973,9343,6991,2330,342,946,6637,1382,9307,.25013432,0,0,8/1/16,8/31/16,8/1/16
VA,2016,9,103507,205332,73264,1294709,308839,1367973,8851,6589,2223,313,937,6270,1286,8806,.25244153,0,0,9/1/16,9/30/16,9/1/16
VA,2016,10,103507,205332,73264,1294709,308839,1367973,8293,6183,2087,325,857,5850,1229,8261,.2525118,0,0,10/1/16,10/31/16,10/1/16
VA,2016,11,103507,205332,73264,1294709,308839,1367973,8014,5983,2011,323,806,5653,1201,7983,.25140923,0,0,11/1/16,11/30/16,11/1/16
VA,2016,12,103507,205332,73264,1294709,308839,1367973,8330,6260,2049,328,817,5926,1231,8302,.24668755,0,0,12/1/16,12/31/16,12/1/16
VA,2017,1,106706,208099,77135,1302666,314805,1379801,8092,6063,2005,308,805,5749,1198,8060,.24851117,0,0,1/1/17,1/31/17,1/1/17
VA,2017,2,106706,208099,77135,1302666,314805,1379801,7189,5385,1774,313,725,5061,1049,7148,.24818131,0,0,2/1/17,2/28/17,2/1/17
VA,2017,3,106706,208099,77135,1302666,314805,1379801,8350,6257,2057,297,831,5955,1225,8308,.24747232,0,0,3/1/17,3/31/17,3/1/17
VA,2017,4,106706,208099,77135,1302666,314805,1379801,7658,5720,1910,304,750,5408,1157,7619,.25029531,0,0,4/1/17,4/30/17,4/1/17
VA,2017,5,106706,208099,77135,1302666,314805,1379801,8400,6303,2073,343,818,5951,1255,8367,.24775906,0,0,5/1/17,5/31/17,5/1/17
VA,2017,6,106706,208099,77135,1302666,314805,1379801,8487,6344,2128,320,852,6012,1275,8459,.25144815,0,0,6/1/17,6/30/17,6/1/17
VA,2017,7,106706,208099,77135,1302666,314805,1379801,8635,6419,2187,369,923,6041,1264,8597,.25439107,0,0,7/1/17,7/31/17,7/1/17
VA,2017,8,106706,208099,77135,1302666,314805,1379801,9210,6937,2248,375,901,6545,1344,9165,.24495363,0,0,8/1/17,8/31/17,8/1/17
VA,2017,9,106706,208099,77135,1302666,314805,1379801,8976,6717,2242,353,923,6350,1319,8945,.25064281,0,0,9/1/17,9/30/17,9/1/17
VA,2017,10,106706,208099,77135,1302666,314805,1379801,8698,6483,2188,315,859,6155,1328,8657,.25262794,0,0,10/1/17,10/31/17,10/1/17
VA,2017,11,106706,208099,77135,1302666,314805,1379801,8263,6216,2022,332,783,5816,1238,8169,.2473987,0,0,11/1/17,11/30/17,11/1/17
VA,2017,12,106706,208099,77135,1302666,314805,1379801,8129,5980,2120,297,854,5676,1264,8091,.26177233,0,0,12/1/17,12/31/17,12/1/17
VA,2018,1,110138,197120,81996,1305029,307258,1387025,8270,6135,2116,343,854,5790,1262,8249,.25651595,0,0,1/1/18,1/31/18,1/1/18
VA,2018,2,110138,197120,81996,1305029,307258,1387025,7367,5533,1824,316,759,5212,1065,7352,.24809575,0,0,2/1/18,2/28/18,2/1/18
VA,2018,3,110138,197120,81996,1305029,307258,1387025,8335,6276,2044,361,813,5909,1231,8314,.24585037,0,0,3/1/18,3/31/18,3/1/18
VA,2018,4,110138,197120,81996,1305029,307258,1387025,8011,6035,1957,313,822,5713,1134,7982,.24505137,0,0,4/1/18,4/30/18,4/1/18
VA,2018,5,110138,197120,81996,1305029,307258,1387025,8484,6380,2088,373,848,5997,1238,8456,.24668874,0,0,5/1/18,5/31/18,5/1/18
VA,2018,6,110138,197120,81996,1305029,307258,1387025,8321,6271,2035,321,852,5937,1183,8293,.24538767,0,0,6/1/18,6/30/18,6/1/18
VA,2018,7,110138,197120,81996,1305029,307258,1387025,8651,6559,2080,361,901,6189,1178,8629,.24093173,0,0,7/1/18,7/31/18,7/1/18
VA,2018,8,110138,197120,81996,1305029,307258,1387025,9012,6836,2155,377,914,6451,1240,8982,.23981296,0,0,8/1/18,8/31/18,8/1/18
VA,2018,9,110138,197120,81996,1305029,307258,1387025,8685,6492,2175,345,933,6138,1242,8658,.25121275,0,0,9/1/18,9/30/18,9/1/18
VA,2018,10,110138,197120,81996,1305029,307258,1387025,8472,6352,2104,348,864,5997,1239,8448,.24893466,0,0,10/1/18,10/31/18,10/1/18
VA,2018,11,110138,197120,81996,1305029,307258,1387025,8041,6038,1987,319,841,5709,1146,8015,.24791017,0,0,11/1/18,11/30/18,11/1/18
VA,2018,12,110138,197120,81996,1305029,307258,1387025,7857,5826,2012,342,810,5474,1201,7827,.25693113,0,0,12/1/18,12/31/18,12/1/18
VA,2019,1,104727,198331,82970,1294268,303058,1377238,7994,6034,1939,355,817,5668,1121,7961,.24343675,0,0,1/1/19,1/31/19,1/1/19
VA,2019,2,104727,198331,82970,1294268,303058,1377238,7162,5355,1785,291,729,5058,1055,7133,.25010514,0,0,2/1/19,2/28/19,2/1/19
VA,2019,3,104727,198331,82970,1294268,303058,1377238,8143,6059,2068,331,871,5723,1195,8120,.25443348,0,0,3/1/19,3/31/19,3/1/19
VA,2019,4,104727,198331,82970,1294268,303058,1377238,7834,5898,1918,323,773,5570,1145,7811,.24555114,0,0,4/1/19,4/30/19,4/1/19
VA,2019,5,104727,198331,82970,1294268,303058,1377238,8247,6245,1983,380,801,5859,1181,8221,.2410899,0,0,5/1/19,5/31/19,5/1/19
VA,2019,6,104727,198331,82970,1294268,303058,1377238,7762,5790,1959,337,809,5448,1150,7744,.25297004,0,0,6/1/19,6/30/19,6/1/19
VA,2019,7,104727,198331,82970,1294268,303058,1377238,8605,6393,2189,360,908,6027,1280,8575,.25516036,0,0,7/1/19,7/31/19,7/1/19
VA,2019,8,104727,198331,82970,1294268,303058,1377238,8792,6651,2125,383,898,6254,1227,8762,.24252453,0,0,8/1/19,8/31/19,8/1/19
VA,2019,9,104727,198331,82970,1294268,303058,1377238,8682,6517,2151,415,930,6096,1220,8661,.24823923,0,0,9/1/19,9/30/19,9/1/19
VA,2019,10,104727,198331,82970,1294268,303058,1377238,8108,6082,2015,361,899,5714,1112,8086,.24870145,0,0,10/1/19,10/31/19,10/1/19
VA,2019,11,104727,198331,82970,1294268,303058,1377238,7880,5847,2020,345,829,5490,1189,7853,.25697187,0,0,11/1/19,11/30/19,11/1/19
VA,2019,12,104727,198331,82970,1294268,303058,1377238,7911,5894,2006,399,841,5490,1165,7895,.25408486,0,0,12/1/19,12/31/19,12/1/19
VA,2020,1,104007,202949,82968,1296980,306956,1379948,7862,5899,1945,398,861,5499,1083,7841,.24792756,0,0,1/1/20,1/31/20,1/1/20
VA,2020,2,104007,202949,82968,1296980,306956,1379948,7455,5564,1880,330,773,5225,1106,7434,.25275761,0,0,2/1/20,2/28/20,2/1/20
VA,2020,3,104007,202949,82968,1296980,306956,1379948,7866,5976,1871,369,749,5598,1121,7837,.23861171,0,0,3/1/20,3/31/20,3/1/20
VA,2020,4,104007,202949,82968,1296980,306956,1379948,7694,5834,1846,378,787,5447,1058,7670,.24054758,0,0,4/1/20,4/30/20,4/1/20
VA,2020,5,104007,202949,82968,1296980,306956,1379948,7910,5954,1940,386,826,5556,1113,7881,.24603477,0,0,5/1/20,5/31/20,5/1/20
VA,2020,6,104007,202949,82968,1296980,306956,1379948,7907,5963,1922,368,838,5586,1083,7875,.24393651,0,0,6/1/20,6/30/20,6/1/20
VA,2020,7,104007,202949,82968,1296980,306956,1379948,8413,6384,2015,426,910,5952,1104,8392,.23999047,0,0,7/1/20,7/31/20,7/1/20
VA,2020,8,104007,202949,82968,1296980,306956,1379948,8400,6309,2084,400,946,5898,1137,8381,.24853836,0,0,8/1/20,8/31/20,8/1/20
VA,2020,9,104007,202949,82968,1296980,306956,1379948,8086,6042,2031,416,888,5618,1143,8065,.25182888,0,0,9/1/20,9/30/20,9/1/20
VA,2020,10,104007,202949,82968,1296980,306956,1379948,8042,5998,2028,401,918,5594,1109,8022,.25268012,0,0,10/1/20,10/31/20,10/1/20
VA,2020,11,104007,202949,82968,1296980,306956,1379948,7300,5441,1846,355,851,5081,993,7280,.2532967,0,0,11/1/20,11/30/20,11/1/20
VA,2020,12,104007,202949,82968,1296980,306956,1379948,7497,5698,1787,390,786,5299,996,7471,.23852229,0,0,12/1/20,12/31/20,12/1/20
VA,2021,1,99746,190416,103097,1323969,290162,1427066,7276,5558,1702,338,755,5210,945,7248,.23454747,0,0,1/1/21,1/31/21,1/1/21
VA,2021,2,99746,190416,103097,1323969,290162,1427066,6925,5358,1552,340,678,5009,870,6897,.22444542,0,0,2/1/21,2/28/21,2/1/21
VA,2021,3,99746,190416,103097,1323969,290162,1427066,8027,6151,1864,405,758,5728,1104,7995,.23289555,0,0,3/1/21,3/31/21,3/1/21
VA,2021,4,99746,190416,103097,1323969,290162,1427066,7773,5870,1888,365,807,5494,1079,7745,.24351195,0,0,4/1/21,4/30/21,4/1/21
VA,2021,5,99746,190416,103097,1323969,290162,1427066,7888,5916,1841,405,816,5468,1024,7713,.23855828,0,0,5/1/21,5/31/21,5/1/21
VA,2021,6,99746,190416,103097,1323969,290162,1427066,8369,6385,1972,408,876,5956,1094,8334,.23638108,0,0,6/1/21,6/30/21,6/1/21
VA,2021,7,99746,190416,103097,1323969,290162,1427066,8445,6391,2040,444,948,5928,1089,8409,.24224046,0,0,7/1/21,7/31/21,7/1/21
VA,2021,8,99746,190416,103097,1323969,290162,1427066,8501,6519,1965,471,877,6019,1083,8450,.23195267,0,0,8/1/21,8/31/21,8/1/21
VA,2021,9,99746,190416,103097,1323969,290162,1427066,8571,6380,2175,461,961,5888,1204,8514,.25428706,0,0,9/1/21,9/30/21,9/1/21
VA,2021,10,99746,190416,103097,1323969,290162,1427066,8070,6033,2027,394,895,5613,1121,8023,.25127757,0,0,10/1/21,10/31/21,10/1/21
VA,2021,11,99746,190416,103097,1323969,290162,1427066,7654,5735,1906,423,827,5290,1071,7611,.24937591,0,0,11/1/21,11/30/21,11/1/21
VA,2021,12,99746,190416,103097,1323969,290162,1427066,8023,5949,2065,421,914,5511,1141,7987,.25729311,0,0,12/1/21,12/31/21,12/1/21
VA,2022,1,101874,193646,111378,1320503,295520,1431881,7568,5647,1902,442,837,5181,1057,7517,.25196221,0,0,1/1/22,1/31/22,1/1/22
VA,2022,2,101874,193646,111378,1320503,295520,1431881,7286,5435,1836,387,790,5035,1037,7249,.25203475,0,0,2/1/22,2/28/22,2/1/22
VA,2022,3,101874,193646,111378,1320503,295520,1431881,7779,5787,1978,389,877,5368,1091,7725,.25475729,0,0,3/1/22,3/31/22,3/1/22
VA,2022,4,101874,193646,111378,1320503,295520,1431881,7543,5614,1908,383,836,5209,1062,7490,.25340453,0,0,4/1/22,4/30/22,4/1/22
VA,2022,5,101874,193646,111378,1320503,295520,1431881,7749,5744,1981,421,860,5299,1109,7689,.25608012,0,0,5/1/22,5/31/22,5/1/22
VA,2022,6,101874,193646,111378,1320503,295520,1431881,8146,6004,2125,433,911,5536,1201,8081,.26135379,0,0,6/1/22,6/30/22,6/1/22
VA,2022,7,101874,193646,111378,1320503,295520,1431881,8426,6264,2143,422,968,5808,1162,8360,.2547847,0,0,7/1/22,7/31/22,7/1/22
VA,2022,8,101874,193646,111378,1320503,295520,1431881,8894,6621,2256,502,1009,6100,1241,8852,.25417984,0,0,8/1/22,8/31/22,8/1/22
VA,2022,9,101874,193646,111378,1320503,295520,1431881,8116,5993,2109,373,955,5591,1144,8063,.26032495,0,0,9/1/22,9/30/22,9/1/22
VA,2022,10,101874,193646,111378,1320503,295520,1431881,7857,5766,2074,420,960,5325,1104,7809,.26431042,0,0,10/1/22,10/31/22,10/1/22
VA,2022,11,101874,193646,111378,1320503,295520,1431881,7832,5802,2019,426,907,5352,1105,7790,.25827986,0,0,11/1/22,11/30/22,11/1/22
VA,2022,12,101874,193646,111378,1320503,295520,1431881,8058,5936,2105,435,937,5476,1157,8005,.26158652,0,0,12/1/22,12/31/22,12/1/22
VA,2023,1,104396,194764,121790,1314251,299160,1436041,7662,5700,1951,409,875,5264,1067,7615,.25502297,0,0,1/1/23,1/31/23,1/1/23
VA,2023,2,104396,194764,121790,1314251,299160,1436041,6988,5202,1774,379,841,4792,925,6937,.25457689,0,0,2/1/23,2/28/23,2/1/23
VA,2023,3,104396,194764,121790,1314251,299160,1436041,7624,5606,2007,415,933,5166,1069,7583,.26401159,0,0,3/1/23,3/31/23,3/1/23
VA,2023,4,104396,194764,121790,1314251,299160,1436041,7018,5136,1873,369,816,4756,1054,6995,.26733381,0,0,4/1/23,4/30/23,4/1/23
VA,2023,5,104396,194764,121790,1314251,299160,1436041,7727,5655,2042,432,862,5203,1172,7669,.26522362,0,0,5/1/23,5/31/23,5/1/23
VA,2023,6,104396,194764,121790,1314251,299160,1436041,7856,5766,2081,461,960,5281,1114,7816,.26535311,0,0,6/1/23,6/30/23,6/1/23
VA,2023,7,104396,194764,121790,1314251,299160,1436041,7911,5814,2085,419,990,5385,1086,7880,.26345178,0,0,7/1/23,7/31/23,7/1/23
VA,2023,8,104396,194764,121790,1314251,299160,1436041,8368,6145,2210,441,991,5678,1216,8326,.26507327,0,0,8/1/23,8/31/23,8/1/23
VA,2023,9,104396,194764,121790,1314251,299160,1436041,7799,5612,2175,427,1017,5173,1154,7771,.27937204,0,0,9/1/23,9/30/23,9/1/23
VA,2023,10,104396,194764,121790,1314251,299160,1436041,8039,5874,2147,434,967,5419,1173,7993,.26773426,0,0,10/1/23,10/31/23,10/1/23
VA,2023,11,104396,194764,121790,1314251,299160,1436041,7479,5461,2008,395,928,5044,1074,7441,.26904985,0,0,11/1/23,11/30/23,11/1/23
VA,2023,12,104396,194764,121790,1314251,299160,1436041,7803,5700,2083,413,962,5266,1116,7757,.26788706,0,0,12/1/23,12/31/23,12/1/23
VT,2016,1,818,5380,1689,106382,6198,108071,416,389,27,6,2,378,23,409,.061124694,0,0,1/1/16,1/31/16,1/1/16
VT,2016,2,818,5380,1689,106382,6198,108071,454,417,37,13,3,400,31,447,.076062642,0,0,2/1/16,2/28/16,2/1/16
VT,2016,3,818,5380,1689,106382,6198,108071,472,441,31,7,0,427,27,461,.058568329,0,0,3/1/16,3/31/16,3/1/16
VT,2016,4,818,5380,1689,106382,6198,108071,475,447,28,8,5,434,21,468,.055555556,0,0,4/1/16,4/30/16,4/1/16
VT,2016,5,818,5380,1689,106382,6198,108071,503,458,45,6,6,447,33,492,.079268292,0,0,5/1/16,5/31/16,5/1/16
VT,2016,6,818,5380,1689,106382,6198,108071,522,484,38,9,4,470,30,513,.066276804,0,0,6/1/16,6/30/16,6/1/16
VT,2016,7,818,5380,1689,106382,6198,108071,541,490,50,6,3,479,43,531,.086629003,0,0,7/1/16,7/31/16,7/1/16
VT,2016,8,818,5380,1689,106382,6198,108071,546,515,30,5,5,496,23,529,.052930057,0,0,8/1/16,8/31/16,8/1/16
VT,2016,9,818,5380,1689,106382,6198,108071,484,443,41,5,10,431,28,474,.080168776,0,0,9/1/16,9/30/16,9/1/16
VT,2016,10,818,5380,1689,106382,6198,108071,462,421,41,8,4,411,33,456,.081140354,0,0,10/1/16,10/31/16,10/1/16
VT,2016,11,818,5380,1689,106382,6198,108071,419,390,28,7,6,380,20,413,.062953994,0,0,11/1/16,11/30/16,11/1/16
VT,2016,12,818,5380,1689,106382,6198,108071,450,415,35,6,2,401,30,439,.072892942,0,0,12/1/16,12/31/16,12/1/16
VT,2017,1,1057,7785,1950,102232,8842,104182,499,469,30,10,2,455,23,490,.05102041,0,0,1/1/17,1/31/17,1/1/17
VT,2017,2,1057,7785,1950,102232,8842,104182,378,346,32,2,2,333,28,365,.08219178,0,0,2/1/17,2/28/17,2/1/17
VT,2017,3,1057,7785,1950,102232,8842,104182,448,420,28,5,1,412,26,444,.060810812,0,0,3/1/17,3/31/17,3/1/17
VT,2017,4,1057,7785,1950,102232,8842,104182,486,443,43,3,2,437,41,483,.089026913,0,0,4/1/17,4/30/17,4/1/17
VT,2017,5,1057,7785,1950,102232,8842,104182,477,432,45,8,4,424,41,477,.094339624,0,0,5/1/17,5/31/17,5/1/17
VT,2017,6,1057,7785,1950,102232,8842,104182,550,508,42,11,5,496,36,548,.074817516,0,0,6/1/17,6/30/17,6/1/17
VT,2017,7,1057,7785,1950,102232,8842,104182,479,446,33,3,4,442,27,476,.065126054,0,0,7/1/17,7/31/17,7/1/17
VT,2017,8,1057,7785,1950,102232,8842,104182,513,471,42,7,6,463,35,511,.080234833,0,0,8/1/17,8/31/17,8/1/17
VT,2017,9,1057,7785,1950,102232,8842,104182,467,430,36,8,4,420,32,464,.077586204,0,0,9/1/17,9/30/17,9/1/17
VT,2017,10,1057,7785,1950,102232,8842,104182,490,445,45,9,4,433,40,486,.090534978,0,0,10/1/17,10/31/17,10/1/17
VT,2017,11,1057,7785,1950,102232,8842,104182,456,418,38,8,4,408,34,454,.083700441,0,0,11/1/17,11/30/17,11/1/17
VT,2017,12,1057,7785,1950,102232,8842,104182,399,360,38,5,6,351,32,394,.0964467,0,0,12/1/17,12/31/17,12/1/17
VT,2018,1,1310,7621,1719,104956,8931,106675,418,381,37,3,4,377,33,417,.088729016,0,0,1/1/18,1/31/18,1/1/18
VT,2018,2,1310,7621,1719,104956,8931,106675,383,351,32,4,3,346,29,382,.083769634,0,0,2/1/18,2/28/18,2/1/18
VT,2018,3,1310,7621,1719,104956,8931,106675,471,442,29,5,5,434,24,468,.061965812,0,0,3/1/18,3/31/18,3/1/18
VT,2018,4,1310,7621,1719,104956,8931,106675,431,408,22,5,2,401,19,427,.049180329,0,0,4/1/18,4/30/18,4/1/18
VT,2018,5,1310,7621,1719,104956,8931,106675,442,408,34,6,4,400,30,440,.077272728,0,0,5/1/18,5/31/18,5/1/18
VT,2018,6,1310,7621,1719,104956,8931,106675,471,444,27,9,1,431,24,465,.053763442,0,0,6/1/18,6/30/18,6/1/18
VT,2018,7,1310,7621,1719,104956,8931,106675,513,464,48,13,5,448,42,508,.092519686,0,0,7/1/18,7/31/18,7/1/18
VT,2018,8,1310,7621,1719,104956,8931,106675,506,454,52,1,3,452,48,504,.10119048,0,0,8/1/18,8/31/18,8/1/18
VT,2018,9,1310,7621,1719,104956,8931,106675,438,395,42,6,5,388,36,435,.094252877,0,0,9/1/18,9/30/18,9/1/18
VT,2018,10,1310,7621,1719,104956,8931,106675,481,440,41,8,6,429,33,476,.081932776,0,0,10/1/18,10/31/18,10/1/18
VT,2018,11,1310,7621,1719,104956,8931,106675,423,394,29,2,3,389,26,420,.069047622,0,0,11/1/18,11/30/18,11/1/18
VT,2018,12,1310,7621,1719,104956,8931,106675,442,410,32,12,4,395,27,438,.070776254,0,0,12/1/18,12/31/18,12/1/18
VT,2019,1,488,6920,2629,105497,7408,108126,419,379,40,9,4,365,35,413,.094430991,0,0,1/1/19,1/31/19,1/1/19
VT,2019,2,488,6920,2629,105497,7408,108126,396,364,32,9,2,353,30,394,.081218272,0,0,2/1/19,2/28/19,2/1/19
VT,2019,3,488,6920,2629,105497,7408,108126,451,424,27,9,0,411,27,447,.060402684,0,0,3/1/19,3/31/19,3/1/19
VT,2019,4,488,6920,2629,105497,7408,108126,443,403,40,7,2,395,38,442,.09049774,0,0,4/1/19,4/30/19,4/1/19
VT,2019,5,488,6920,2629,105497,7408,108126,463,428,33,9,4,418,29,460,.07173913,0,0,5/1/19,5/31/19,5/1/19
VT,2019,6,488,6920,2629,105497,7408,108126,508,475,33,7,6,461,26,500,.064000003,0,0,6/1/19,6/30/19,6/1/19
VT,2019,7,488,6920,2629,105497,7408,108126,494,466,28,9,1,456,27,493,.056795131,0,0,7/1/19,7/31/19,7/1/19
VT,2019,8,488,6920,2629,105497,7408,108126,454,418,36,6,3,408,33,450,.079999998,0,0,8/1/19,8/31/19,8/1/19
VT,2019,9,488,6920,2629,105497,7408,108126,460,426,34,4,2,419,31,456,.072368421,0,0,9/1/19,9/30/19,9/1/19
VT,2019,10,488,6920,2629,105497,7408,108126,445,427,17,7,4,416,13,440,.038636364,0,0,10/1/19,10/31/19,10/1/19
VT,2019,11,488,6920,2629,105497,7408,108126,404,372,30,5,5,365,24,399,.072681703,0,0,11/1/19,11/30/19,11/1/19
VT,2019,12,488,6920,2629,105497,7408,108126,403,367,36,6,3,361,33,403,.089330025,0,0,12/1/19,12/31/19,12/1/19
VT,2020,1,914,6695,2339,104931,7609,107270,425,392,32,5,5,387,27,424,.075471699,0,0,1/1/20,1/31/20,1/1/20
VT,2020,2,914,6695,2339,104931,7609,107270,377,352,25,9,1,340,24,374,.066844918,0,0,2/1/20,2/28/20,2/1/20
VT,2020,3,914,6695,2339,104931,7609,107270,463,435,28,2,3,432,25,462,.060606062,0,0,3/1/20,3/31/20,3/1/20
VT,2020,4,914,6695,2339,104931,7609,107270,407,375,32,3,2,368,30,403,.079404466,0,0,4/1/20,4/30/20,4/1/20
VT,2020,5,914,6695,2339,104931,7609,107270,459,422,37,8,6,410,30,454,.079295151,0,0,5/1/20,5/31/20,5/1/20
VT,2020,6,914,6695,2339,104931,7609,107270,441,415,26,5,4,409,22,440,.059090909,0,0,6/1/20,6/30/20,6/1/20
VT,2020,7,914,6695,2339,104931,7609,107270,470,438,32,16,4,419,27,466,.066523604,0,0,7/1/20,7/31/20,7/1/20
VT,2020,8,914,6695,2339,104931,7609,107270,483,452,31,8,6,443,24,481,.062370062,0,0,8/1/20,8/31/20,8/1/20
VT,2020,9,914,6695,2339,104931,7609,107270,430,405,24,6,1,399,23,429,.055944055,0,0,9/1/20,9/30/20,9/1/20
VT,2020,10,914,6695,2339,104931,7609,107270,394,358,35,6,1,350,34,391,.089514069,0,0,10/1/20,10/31/20,10/1/20
VT,2020,11,914,6695,2339,104931,7609,107270,369,340,29,8,2,330,25,365,.073972605,0,0,11/1/20,11/30/20,11/1/20
VT,2020,12,914,6695,2339,104931,7609,107270,401,362,39,10,9,351,30,400,.097499996,0,0,12/1/20,12/31/20,12/1/20
VT,2021,1,1188,7778,1939,109182,8966,111121,397,370,27,11,5,359,22,397,.068010077,0,0,1/1/21,1/31/21,1/1/21
VT,2021,2,1188,7778,1939,109182,8966,111121,360,329,31,7,6,319,25,357,.086834736,0,0,2/1/21,2/28/21,2/1/21
VT,2021,3,1188,7778,1939,109182,8966,111121,422,388,33,6,5,379,27,417,.076738611,0,0,3/1/21,3/31/21,3/1/21
VT,2021,4,1188,7778,1939,109182,8966,111121,466,425,41,6,9,415,31,461,.086767897,0,0,4/1/21,4/30/21,4/1/21
VT,2021,5,1188,7778,1939,109182,8966,111121,446,408,38,5,2,399,34,440,.081818178,0,0,5/1/21,5/31/21,5/1/21
VT,2021,6,1188,7778,1939,109182,8966,111121,522,480,42,9,2,469,39,519,.078998074,0,0,6/1/21,6/30/21,6/1/21
VT,2021,7,1188,7778,1939,109182,8966,111121,513,489,23,5,1,480,21,507,.043392505,0,0,7/1/21,7/31/21,7/1/21
VT,2021,8,1188,7778,1939,109182,8966,111121,536,496,40,10,7,483,32,532,.073308274,0,0,8/1/21,8/31/21,8/1/21
VT,2021,9,1188,7778,1939,109182,8966,111121,467,429,38,9,3,420,35,467,.081370451,0,0,9/1/21,9/30/21,9/1/21
VT,2021,10,1188,7778,1939,109182,8966,111121,425,396,29,6,4,389,25,424,.068396226,0,0,10/1/21,10/31/21,10/1/21
VT,2021,11,1188,7778,1939,109182,8966,111121,389,358,31,14,3,343,27,387,.07751938,0,0,11/1/21,11/30/21,11/1/21
VT,2021,12,1188,7778,1939,109182,8966,111121,420,378,42,8,3,370,39,420,.1,0,0,12/1/21,12/31/21,12/1/21
VT,2022,1,367,5978,4286,110990,6345,115276,450,410,39,11,6,395,31,443,.083521448,0,0,1/1/22,1/31/22,1/1/22
VT,2022,2,367,5978,4286,110990,6345,115276,357,332,24,3,2,327,22,354,.06779661,0,0,2/1/22,2/28/22,2/1/22
VT,2022,3,367,5978,4286,110990,6345,115276,467,433,34,14,5,416,29,464,.073275864,0,0,3/1/22,3/31/22,3/1/22
VT,2022,4,367,5978,4286,110990,6345,115276,437,406,31,9,3,395,27,434,.069124423,0,0,4/1/22,4/30/22,4/1/22
VT,2022,5,367,5978,4286,110990,6345,115276,465,430,35,4,2,425,33,464,.075431034,0,0,5/1/22,5/31/22,5/1/22
VT,2022,6,367,5978,4286,110990,6345,115276,491,451,40,10,6,441,34,491,.081466392,0,0,6/1/22,6/30/22,6/1/22
VT,2022,7,367,5978,4286,110990,6345,115276,469,426,42,8,10,417,32,467,.089935757,0,0,7/1/22,7/31/22,7/1/22
VT,2022,8,367,5978,4286,110990,6345,115276,473,433,40,9,4,423,36,472,.084745765,0,0,8/1/22,8/31/22,8/1/22
VT,2022,9,367,5978,4286,110990,6345,115276,463,432,31,11,1,417,30,459,.067538127,0,0,9/1/22,9/30/22,9/1/22
VT,2022,10,367,5978,4286,110990,6345,115276,415,386,29,8,7,376,22,413,.070217915,0,0,10/1/22,10/31/22,10/1/22
VT,2022,11,367,5978,4286,110990,6345,115276,407,379,28,9,5,369,23,406,.068965517,0,0,11/1/22,11/30/22,11/1/22
VT,2022,12,367,5978,4286,110990,6345,115276,404,362,41,9,7,352,34,402,.10199005,0,0,12/1/22,12/31/22,12/1/22
VT,2023,1,905,6830,3251,106914,7735,110165,390,350,39,8,4,342,35,389,.10025707,0,0,1/1/23,1/31/23,1/1/23
VT,2023,2,905,6830,3251,106914,7735,110165,355,330,25,4,3,324,22,353,.070821531,0,0,2/1/23,2/28/23,2/1/23
VT,2023,3,905,6830,3251,106914,7735,110165,410,382,28,1,4,381,23,409,.06601467,0,0,3/1/23,3/31/23,3/1/23
VT,2023,4,905,6830,3251,106914,7735,110165,445,408,36,13,4,394,32,443,.081264108,0,0,4/1/23,4/30/23,4/1/23
VT,2023,5,905,6830,3251,106914,7735,110165,454,414,40,11,7,403,33,454,.088105723,0,0,5/1/23,5/31/23,5/1/23
VT,2023,6,905,6830,3251,106914,7735,110165,438,403,34,6,5,397,29,437,.077803202,0,0,6/1/23,6/30/23,6/1/23
VT,2023,7,905,6830,3251,106914,7735,110165,424,389,35,7,5,381,30,423,.082742319,0,0,7/1/23,7/31/23,7/1/23
VT,2023,8,905,6830,3251,106914,7735,110165,476,429,47,10,11,417,36,474,.099156119,0,0,8/1/23,8/31/23,8/1/23
VT,2023,9,905,6830,3251,106914,7735,110165,423,386,37,10,6,375,30,421,.085510686,0,0,9/1/23,9/30/23,9/1/23
VT,2023,10,905,6830,3251,106914,7735,110165,390,351,38,5,4,345,34,388,.097938143,0,0,10/1/23,10/31/23,10/1/23
VT,2023,11,905,6830,3251,106914,7735,110165,427,397,30,8,3,387,27,425,.070588239,0,0,11/1/23,11/30/23,11/1/23
VT,2023,12,905,6830,3251,106914,7735,110165,416,380,36,6,6,372,30,414,.086956523,0,0,12/1/23,12/31/23,12/1/23
WA,2016,1,93068,201252,116603,1022539,294320,1139142,7239,5254,1935,645,680,4516,1193,7034,.26627809,0,0,1/1/16,1/31/16,1/1/16
WA,2016,2,93068,201252,116603,1022539,294320,1139142,6887,5051,1792,637,595,4337,1148,6717,.25949085,0,0,2/1/16,2/28/16,2/1/16
WA,2016,3,93068,201252,116603,1022539,294320,1139142,7612,5619,1945,699,650,4850,1243,7442,.25436711,0,0,3/1/16,3/31/16,3/1/16
WA,2016,4,93068,201252,116603,1022539,294320,1139142,7293,5325,1918,655,638,4589,1219,7101,.26151246,0,0,4/1/16,4/30/16,4/1/16
WA,2016,5,93068,201252,116603,1022539,294320,1139142,7789,5795,1948,696,671,5022,1220,7609,.24852149,0,0,5/1/16,5/31/16,5/1/16
WA,2016,6,93068,201252,116603,1022539,294320,1139142,7959,5740,2166,746,761,4884,1343,7734,.27204552,0,0,6/1/16,6/30/16,6/1/16
WA,2016,7,93068,201252,116603,1022539,294320,1139142,8048,5850,2130,728,727,5041,1329,7825,.26274762,0,0,7/1/16,7/31/16,7/1/16
WA,2016,8,93068,201252,116603,1022539,294320,1139142,8041,5889,2089,786,706,5013,1316,7821,.2585347,0,0,8/1/16,8/31/16,8/1/16
WA,2016,9,93068,201252,116603,1022539,294320,1139142,7770,5641,2072,721,680,4824,1332,7557,.26624322,0,0,9/1/16,9/30/16,9/1/16
WA,2016,10,93068,201252,116603,1022539,294320,1139142,7479,5400,2017,677,660,4648,1283,7268,.26733628,0,0,10/1/16,10/31/16,10/1/16
WA,2016,11,93068,201252,116603,1022539,294320,1139142,6994,5056,1885,666,610,4314,1225,6815,.26925898,0,0,11/1/16,11/30/16,11/1/16
WA,2016,12,93068,201252,116603,1022539,294320,1139142,7134,5145,1935,656,674,4394,1193,6917,.26991472,0,0,12/1/16,12/31/16,12/1/16
WA,2017,1,86100,213641,131262,1035442,299741,1166704,7061,5121,1880,694,601,4334,1202,6831,.26394379,0,0,1/1/17,1/31/17,1/1/17
WA,2017,2,86100,213641,131262,1035442,299741,1166704,6592,4794,1746,579,544,4123,1145,6391,.26427791,0,0,2/1/17,2/28/17,2/1/17
WA,2017,3,86100,213641,131262,1035442,299741,1166704,7284,5305,1941,697,619,4505,1240,7061,.26327714,0,0,3/1/17,3/31/17,3/1/17
WA,2017,4,86100,213641,131262,1035442,299741,1166704,7168,5179,1944,652,638,4427,1239,6956,.26983899,0,0,4/1/17,4/30/17,4/1/17
WA,2017,5,86100,213641,131262,1035442,299741,1166704,7653,5491,2106,718,691,4663,1343,7415,.27430883,0,0,5/1/17,5/31/17,5/1/17
WA,2017,6,86100,213641,131262,1035442,299741,1166704,7469,5400,2009,679,685,4603,1253,7220,.26842105,0,0,6/1/17,6/30/17,6/1/17
WA,2017,7,86100,213641,131262,1035442,299741,1166704,7663,5498,2096,738,658,4661,1358,7415,.27188131,0,0,7/1/17,7/31/17,7/1/17
WA,2017,8,86100,213641,131262,1035442,299741,1166704,7788,5662,2078,759,694,4797,1315,7565,.2655651,0,0,8/1/17,8/31/17,8/1/17
WA,2017,9,86100,213641,131262,1035442,299741,1166704,7450,5405,1975,728,622,4564,1262,7176,.2625418,0,0,9/1/17,9/30/17,9/1/17
WA,2017,10,86100,213641,131262,1035442,299741,1166704,7208,5251,1907,672,547,4464,1287,6970,.26312768,0,0,10/1/17,10/31/17,10/1/17
WA,2017,11,86100,213641,131262,1035442,299741,1166704,7069,5077,1937,699,637,4274,1214,6824,.27124855,0,0,11/1/17,11/30/17,11/1/17
WA,2017,12,86100,213641,131262,1035442,299741,1166704,6893,4927,1901,669,572,4152,1262,6655,.27558228,0,0,12/1/17,12/31/17,12/1/17
WA,2018,1,90565,225666,134632,1053080,316231,1187712,7031,5002,1980,731,638,4168,1280,6817,.28135544,0,0,1/1/18,1/31/18,1/1/18
WA,2018,2,90565,225666,134632,1053080,316231,1187712,6388,4710,1635,633,518,3995,1059,6205,.25414988,0,0,2/1/18,2/28/18,2/1/18
WA,2018,3,90565,225666,134632,1053080,316231,1187712,7348,5357,1928,696,615,4556,1258,7125,.2628772,0,0,3/1/18,3/31/18,3/1/18
WA,2018,4,90565,225666,134632,1053080,316231,1187712,6992,5074,1872,700,621,4270,1161,6752,.2639218,0,0,4/1/18,4/30/18,4/1/18
WA,2018,5,90565,225666,134632,1053080,316231,1187712,7346,5310,1988,713,619,4464,1294,7090,.26981664,0,0,5/1/18,5/31/18,5/1/18
WA,2018,6,90565,225666,134632,1053080,316231,1187712,7297,5297,1949,736,603,4459,1273,7071,.26530901,0,0,6/1/18,6/30/18,6/1/18
WA,2018,7,90565,225666,134632,1053080,316231,1187712,7792,5637,2098,779,669,4736,1327,7511,.26574358,0,0,7/1/18,7/31/18,7/1/18
WA,2018,8,90565,225666,134632,1053080,316231,1187712,7774,5583,2125,783,642,4683,1401,7509,.27207351,0,0,8/1/18,8/31/18,8/1/18
WA,2018,9,90565,225666,134632,1053080,316231,1187712,7157,5238,1873,725,564,4402,1238,6929,.26006639,0,0,9/1/18,9/30/18,9/1/18
WA,2018,10,90565,225666,134632,1053080,316231,1187712,7095,5146,1887,720,608,4318,1206,6852,.26474023,0,0,10/1/18,10/31/18,10/1/18
WA,2018,11,90565,225666,134632,1053080,316231,1187712,6902,4917,1922,681,608,4128,1232,6649,.27673334,0,0,11/1/18,11/30/18,11/1/18
WA,2018,12,90565,225666,134632,1053080,316231,1187712,6700,4726,1899,669,615,3955,1201,6440,.28198758,0,0,12/1/18,12/31/18,12/1/18
WA,2019,1,88964,225811,148799,1057710,314775,1206509,6792,4890,1853,693,590,4066,1178,6527,.27087483,0,0,1/1/19,1/31/19,1/1/19
WA,2019,2,88964,225811,148799,1057710,314775,1206509,6380,4543,1794,664,566,3763,1145,6138,.27875531,0,0,2/1/19,2/28/19,2/1/19
WA,2019,3,88964,225811,148799,1057710,314775,1206509,7243,5257,1933,715,581,4423,1273,6992,.26516017,0,0,3/1/19,3/31/19,3/1/19
WA,2019,4,88964,225811,148799,1057710,314775,1206509,6913,5012,1859,730,571,4161,1208,6670,.26671663,0,0,4/1/19,4/30/19,4/1/19
WA,2019,5,88964,225811,148799,1057710,314775,1206509,7499,5499,1948,785,602,4581,1259,7227,.25750658,0,0,5/1/19,5/31/19,5/1/19
WA,2019,6,88964,225811,148799,1057710,314775,1206509,7208,5232,1929,725,618,4350,1199,6892,.263639,0,0,6/1/19,6/30/19,6/1/19
WA,2019,7,88964,225811,148799,1057710,314775,1206509,7687,5556,2078,817,663,4591,1319,7390,.26820028,0,0,7/1/19,7/31/19,7/1/19
WA,2019,8,88964,225811,148799,1057710,314775,1206509,7660,5608,1991,865,626,4600,1281,7372,.25868151,0,0,8/1/19,8/31/19,8/1/19
WA,2019,9,88964,225811,148799,1057710,314775,1206509,7154,5114,1979,766,605,4224,1289,6884,.27513075,0,0,9/1/19,9/30/19,9/1/19
WA,2019,10,88964,225811,148799,1057710,314775,1206509,6991,5057,1884,789,559,4149,1225,6722,.26539719,0,0,10/1/19,10/31/19,10/1/19
WA,2019,11,88964,225811,148799,1057710,314775,1206509,6446,4629,1770,666,538,3844,1142,6190,.27140549,0,0,11/1/19,11/30/19,11/1/19
WA,2019,12,88964,225811,148799,1057710,314775,1206509,6638,4679,1912,704,555,3857,1269,6385,.28566954,0,0,12/1/19,12/31/19,12/1/19
WA,2020,1,89114,221214,136509,1047533,310328,1184042,6801,4909,1838,718,547,4059,1181,6505,.26564181,0,0,1/1/20,1/31/20,1/1/20
WA,2020,2,89114,221214,136509,1047533,310328,1184042,6518,4717,1753,697,531,3908,1127,6263,.26472935,0,0,2/1/20,2/28/20,2/1/20
WA,2020,3,89114,221214,136509,1047533,310328,1184042,7017,5150,1819,766,533,4250,1213,6762,.25820762,0,0,3/1/20,3/31/20,3/1/20
WA,2020,4,89114,221214,136509,1047533,310328,1184042,6829,4953,1821,718,559,4123,1174,6574,.26361424,0,0,4/1/20,4/30/20,4/1/20
WA,2020,5,89114,221214,136509,1047533,310328,1184042,7066,5145,1882,725,590,4305,1210,6830,.26354319,0,0,5/1/20,5/31/20,5/1/20
WA,2020,6,89114,221214,136509,1047533,310328,1184042,7110,5186,1872,827,563,4232,1218,6840,.26038012,0,0,6/1/20,6/30/20,6/1/20
WA,2020,7,89114,221214,136509,1047533,310328,1184042,7574,5497,2031,862,630,4497,1288,7277,.26357016,0,0,7/1/20,7/31/20,7/1/20
WA,2020,8,89114,221214,136509,1047533,310328,1184042,7205,5228,1919,796,563,4300,1259,6918,.26337093,0,0,8/1/20,8/31/20,8/1/20
WA,2020,9,89114,221214,136509,1047533,310328,1184042,6850,5006,1804,750,572,4131,1130,6583,.25854474,0,0,9/1/20,9/30/20,9/1/20
WA,2020,10,89114,221214,136509,1047533,310328,1184042,7017,5046,1914,774,572,4141,1237,6724,.26903629,0,0,10/1/20,10/31/20,10/1/20
WA,2020,11,89114,221214,136509,1047533,310328,1184042,6319,4542,1738,698,541,3724,1116,6079,.27257773,0,0,11/1/20,11/30/20,11/1/20
WA,2020,12,89114,221214,136509,1047533,310328,1184042,6504,4750,1711,763,531,3881,1106,6281,.2606273,0,0,12/1/20,12/31/20,12/1/20
WA,2021,1,75818,234424,174563,1070908,310242,1245471,6355,4679,1648,688,494,3867,1077,6126,.25644794,0,0,1/1/21,1/31/21,1/1/21
WA,2021,2,75818,234424,174563,1070908,310242,1245471,6116,4465,1607,670,478,3688,1063,5899,.26123071,0,0,2/1/21,2/28/21,2/1/21
WA,2021,3,75818,234424,174563,1070908,310242,1245471,6894,5045,1802,767,543,4164,1179,6653,.25883061,0,0,3/1/21,3/31/21,3/1/21
WA,2021,4,75818,234424,174563,1070908,310242,1245471,7058,5144,1863,795,514,4211,1257,6777,.26132506,0,0,4/1/21,4/30/21,4/1/21
WA,2021,5,75818,234424,174563,1070908,310242,1245471,7221,5313,1848,814,533,4346,1229,6922,.2545507,0,0,5/1/21,5/31/21,5/1/21
WA,2021,6,75818,234424,174563,1070908,310242,1245471,7180,5240,1892,820,582,4254,1207,6863,.26067317,0,0,6/1/21,6/30/21,6/1/21
WA,2021,7,75818,234424,174563,1070908,310242,1245471,7448,5489,1900,880,609,4426,1184,7099,.25257078,0,0,7/1/21,7/31/21,7/1/21
WA,2021,8,75818,234424,174563,1070908,310242,1245471,7561,5576,1927,840,563,4590,1259,7252,.25124103,0,0,8/1/21,8/31/21,8/1/21
WA,2021,9,75818,234424,174563,1070908,310242,1245471,7295,5332,1913,878,579,4304,1192,6953,.2547102,0,0,9/1/21,9/30/21,9/1/21
WA,2021,10,75818,234424,174563,1070908,310242,1245471,7012,5116,1839,778,522,4181,1197,6678,.2574124,0,0,10/1/21,10/31/21,10/1/21
WA,2021,11,75818,234424,174563,1070908,310242,1245471,6653,4772,1839,748,555,3869,1182,6354,.2733711,0,0,11/1/21,11/30/21,11/1/21
WA,2021,12,75818,234424,174563,1070908,310242,1245471,6869,4947,1875,827,596,3960,1179,6562,.27049679,0,0,12/1/21,12/31/21,12/1/21
WA,2022,1,82147,246510,175064,1064152,328657,1239216,6593,4674,1877,798,592,3735,1181,6306,.2811608,0,0,1/1/22,1/31/22,1/1/22
WA,2022,2,82147,246510,175064,1064152,328657,1239216,6266,4510,1709,736,485,3652,1117,5990,.26744574,0,0,2/1/22,2/28/22,2/1/22
WA,2022,3,82147,246510,175064,1064152,328657,1239216,7020,5038,1934,812,590,4068,1229,6699,.27153307,0,0,3/1/22,3/31/22,3/1/22
WA,2022,4,82147,246510,175064,1064152,328657,1239216,6830,4862,1916,806,569,3910,1223,6508,.2753534,0,0,4/1/22,4/30/22,4/1/22
WA,2022,5,82147,246510,175064,1064152,328657,1239216,7019,5004,1968,774,568,4098,1309,6749,.27811527,0,0,5/1/22,5/31/22,5/1/22
WA,2022,6,82147,246510,175064,1064152,328657,1239216,7064,5048,1968,885,618,4039,1257,6799,.27577585,0,0,6/1/22,6/30/22,6/1/22
WA,2022,7,82147,246510,175064,1064152,328657,1239216,7389,5302,2045,889,632,4267,1320,7108,.27462015,0,0,7/1/22,7/31/22,7/1/22
WA,2022,8,82147,246510,175064,1064152,328657,1239216,7501,5328,2129,920,649,4292,1361,7222,.27831626,0,0,8/1/22,8/31/22,8/1/22
WA,2022,9,82147,246510,175064,1064152,328657,1239216,6986,4941,1998,868,610,3947,1276,6701,.28145054,0,0,9/1/22,9/30/22,9/1/22
WA,2022,10,82147,246510,175064,1064152,328657,1239216,6874,4918,1913,792,587,3988,1225,6592,.27487865,0,0,10/1/22,10/31/22,10/1/22
WA,2022,11,82147,246510,175064,1064152,328657,1239216,6654,4655,1959,798,613,3727,1237,6375,.29019609,0,0,11/1/22,11/30/22,11/1/22
WA,2022,12,82147,246510,175064,1064152,328657,1239216,6820,4785,1983,842,581,3823,1284,6530,.28560489,0,0,12/1/22,12/31/22,12/1/22
WA,2023,1,83187,242168,183628,1065617,325355,1249245,6580,4709,1833,786,555,3804,1182,6327,.27453768,0,0,1/1/23,1/31/23,1/1/23
WA,2023,2,83187,242168,183628,1065617,325355,1249245,5961,4236,1694,756,491,3366,1102,5715,.27874017,0,0,2/1/23,2/28/23,2/1/23
WA,2023,3,83187,242168,183628,1065617,325355,1249245,6675,4740,1902,798,599,3825,1205,6427,.28069085,0,0,3/1/23,3/31/23,3/1/23
WA,2023,4,83187,242168,183628,1065617,325355,1249245,6489,4668,1794,821,543,3730,1158,6252,.27207294,0,0,4/1/23,4/30/23,4/1/23
WA,2023,5,83187,242168,183628,1065617,325355,1249245,6965,4980,1945,849,591,4019,1243,6702,.27364966,0,0,5/1/23,5/31/23,5/1/23
WA,2023,6,83187,242168,183628,1065617,325355,1249245,6892,4878,1983,827,611,3933,1265,6636,.28270042,0,0,6/1/23,6/30/23,6/1/23
WA,2023,7,83187,242168,183628,1065617,325355,1249245,7004,4896,2067,864,598,3895,1344,6701,.2898075,0,0,7/1/23,7/31/23,7/1/23
WA,2023,8,83187,242168,183628,1065617,325355,1249245,7203,5094,2071,898,652,4063,1327,6940,.28515851,0,0,8/1/23,8/31/23,8/1/23
WA,2023,9,83187,242168,183628,1065617,325355,1249245,6777,4747,1998,820,605,3790,1274,6489,.28956696,0,0,9/1/23,9/30/23,9/1/23
WA,2023,10,83187,242168,183628,1065617,325355,1249245,6761,4722,2006,771,613,3823,1275,6482,.29126814,0,0,10/1/23,10/31/23,10/1/23
WA,2023,11,83187,242168,183628,1065617,325355,1249245,6642,4547,2058,827,654,3627,1307,6415,.30568978,0,0,11/1/23,11/30/23,11/1/23
WA,2023,12,83187,242168,183628,1065617,325355,1249245,6690,4588,2067,828,625,3621,1332,6406,.30549484,0,0,12/1/23,12/31/23,12/1/23
WI,2016,1,35870,53691,52808,939924,89561,992732,5224,4660,561,261,273,4384,284,5202,.1070742,1,0,1/1/16,1/31/16,1/1/16
WI,2016,2,35870,53691,52808,939924,89561,992732,5040,4487,550,243,252,4230,297,5022,.10931899,1,0,2/1/16,2/28/16,2/1/16
WI,2016,3,35870,53691,52808,939924,89561,992732,5816,5171,642,284,291,4869,343,5787,.1095559,1,0,3/1/16,3/31/16,3/1/16
WI,2016,4,35870,53691,52808,939924,89561,992732,5359,4779,574,227,239,4537,335,5338,.10753091,1,0,4/1/16,4/30/16,4/1/16
WI,2016,5,35870,53691,52808,939924,89561,992732,5661,5032,626,279,305,4716,317,5617,.11073527,1,0,5/1/16,5/31/16,5/1/16
WI,2016,6,35870,53691,52808,939924,89561,992732,5720,5116,604,264,262,4833,333,5692,.10453267,1,0,6/1/16,6/30/16,6/1/16
WI,2016,7,35870,53691,52808,939924,89561,992732,5848,5230,616,302,267,4911,346,5826,.10521799,1,0,7/1/16,7/31/16,7/1/16
WI,2016,8,35870,53691,52808,939924,89561,992732,6065,5374,689,286,305,5063,382,6036,.1138171,1,0,8/1/16,8/31/16,8/1/16
WI,2016,9,35870,53691,52808,939924,89561,992732,5801,5186,613,298,253,4865,358,5774,.10581919,1,0,9/1/16,9/30/16,9/1/16
WI,2016,10,35870,53691,52808,939924,89561,992732,5544,4938,606,264,275,4662,328,5529,.10906132,1,0,10/1/16,10/31/16,10/1/16
WI,2016,11,35870,53691,52808,939924,89561,992732,5162,4586,575,269,243,4304,327,5143,.11083025,1,0,11/1/16,11/30/16,11/1/16
WI,2016,12,35870,53691,52808,939924,89561,992732,5279,4652,626,265,275,4363,347,5250,.11847619,1,0,12/1/16,12/31/16,12/1/16
WI,2017,1,32424,58047,56859,935826,90471,992685,5078,4490,587,269,289,4204,296,5058,.11565837,1,0,1/1/17,1/31/17,1/1/17
WI,2017,2,32424,58047,56859,935826,90471,992685,4917,4376,540,221,239,4140,295,4895,.10909091,1,0,2/1/17,2/28/17,2/1/17
WI,2017,3,32424,58047,56859,935826,90471,992685,5604,5031,572,250,252,4764,319,5585,.10223814,1,0,3/1/17,3/31/17,3/1/17
WI,2017,4,32424,58047,56859,935826,90471,992685,5277,4687,588,262,265,4411,321,5259,.11142803,1,0,4/1/17,4/30/17,4/1/17
WI,2017,5,32424,58047,56859,935826,90471,992685,5589,4988,596,282,260,4683,336,5561,.10717497,1,0,5/1/17,5/31/17,5/1/17
WI,2017,6,32424,58047,56859,935826,90471,992685,5618,5061,555,284,230,4761,319,5594,.098140866,1,0,6/1/17,6/30/17,6/1/17
WI,2017,7,32424,58047,56859,935826,90471,992685,5665,5076,584,288,265,4772,317,5642,.10315491,1,0,7/1/17,7/31/17,7/1/17
WI,2017,8,32424,58047,56859,935826,90471,992685,5919,5312,603,309,271,4978,326,5884,.10146159,1,0,8/1/17,8/31/17,8/1/17
WI,2017,9,32424,58047,56859,935826,90471,992685,5473,4912,559,293,248,4585,306,5432,.10198822,1,0,9/1/17,9/30/17,9/1/17
WI,2017,10,32424,58047,56859,935826,90471,992685,5323,4743,578,275,246,4440,330,5291,.10886411,1,0,10/1/17,10/31/17,10/1/17
WI,2017,11,32424,58047,56859,935826,90471,992685,5059,4433,623,255,258,4153,363,5029,.12348379,1,0,11/1/17,11/30/17,11/1/17
WI,2017,12,32424,58047,56859,935826,90471,992685,5341,4728,606,282,249,4416,352,5299,.11341763,1,0,12/1/17,12/31/17,12/1/17
WI,2018,1,37500,53445,57192,942864,90945,1000056,5077,4510,560,313,249,4177,304,5043,.10965695,1,0,1/1/18,1/31/18,1/1/18
WI,2018,2,37500,53445,57192,942864,90945,1000056,4803,4258,539,220,222,4022,312,4776,.11180905,1,0,2/1/18,2/28/18,2/1/18
WI,2018,3,37500,53445,57192,942864,90945,1000056,5426,4814,608,293,264,4498,341,5396,.11212009,1,0,3/1/18,3/31/18,3/1/18
WI,2018,4,37500,53445,57192,942864,90945,1000056,5260,4712,545,276,213,4421,331,5241,.10379699,1,0,4/1/18,4/30/18,4/1/18
WI,2018,5,37500,53445,57192,942864,90945,1000056,5513,4895,616,255,252,4631,361,5499,.11147481,1,0,5/1/18,5/31/18,5/1/18
WI,2018,6,37500,53445,57192,942864,90945,1000056,5472,4873,595,280,263,4569,328,5440,.1086397,1,0,6/1/18,6/30/18,6/1/18
WI,2018,7,37500,53445,57192,942864,90945,1000056,5696,5086,607,274,268,4794,334,5670,.10617284,1,0,7/1/18,7/31/18,7/1/18
WI,2018,8,37500,53445,57192,942864,90945,1000056,5825,5167,654,312,278,4823,375,5788,.11281963,1,0,8/1/18,8/31/18,8/1/18
WI,2018,9,37500,53445,57192,942864,90945,1000056,5380,4757,619,284,292,4462,321,5359,.11438701,1,0,9/1/18,9/30/18,9/1/18
WI,2018,10,37500,53445,57192,942864,90945,1000056,5364,4790,571,273,246,4506,322,5347,.10622779,1,0,10/1/18,10/31/18,10/1/18
WI,2018,11,37500,53445,57192,942864,90945,1000056,5139,4575,560,290,242,4276,317,5125,.10907317,1,0,11/1/18,11/30/18,11/1/18
WI,2018,12,37500,53445,57192,942864,90945,1000056,5035,4490,540,264,216,4219,322,5021,.10714997,1,0,12/1/18,12/31/18,12/1/18
WI,2019,1,35338,48318,63347,950311,83656,1013658,5105,4542,562,267,256,4265,306,5094,.11032587,1,0,1/1/19,1/31/19,1/1/19
WI,2019,2,35338,48318,63347,950311,83656,1013658,4678,4200,473,258,208,3936,265,4667,.10134991,1,0,2/1/19,2/28/19,2/1/19
WI,2019,3,35338,48318,63347,950311,83656,1013658,5206,4675,526,295,218,4371,306,5190,.10096339,1,0,3/1/19,3/31/19,3/1/19
WI,2019,4,35338,48318,63347,950311,83656,1013658,5154,4587,563,292,235,4287,328,5142,.10949047,1,0,4/1/19,4/30/19,4/1/19
WI,2019,5,35338,48318,63347,950311,83656,1013658,5580,5039,537,294,262,4731,273,5560,.096223019,1,0,5/1/19,5/31/19,5/1/19
WI,2019,6,35338,48318,63347,950311,83656,1013658,5365,4804,555,288,244,4511,310,5353,.10349337,1,0,6/1/19,6/30/19,6/1/19
WI,2019,7,35338,48318,63347,950311,83656,1013658,5670,5065,602,337,270,4717,330,5654,.10611956,1,0,7/1/19,7/31/19,7/1/19
WI,2019,8,35338,48318,63347,950311,83656,1013658,5742,5153,579,324,264,4814,314,5716,.10111967,1,0,8/1/19,8/31/19,8/1/19
WI,2019,9,35338,48318,63347,950311,83656,1013658,5404,4830,563,289,248,4531,313,5381,.10425571,1,0,9/1/19,9/30/19,9/1/19
WI,2019,10,35338,48318,63347,950311,83656,1013658,5345,4761,579,276,259,4469,317,5321,.10825033,1,0,10/1/19,10/31/19,10/1/19
WI,2019,11,35338,48318,63347,950311,83656,1013658,4928,4373,547,281,232,4073,311,4897,.11088421,1,0,11/1/19,11/30/19,11/1/19
WI,2019,12,35338,48318,63347,950311,83656,1013658,4974,4406,563,305,219,4085,341,4950,.11313131,1,0,12/1/19,12/31/19,12/1/19
WI,2020,1,34971,50566,58402,943438,85537,1001840,4917,4409,505,303,234,4094,269,4900,.10265306,1,0,1/1/20,1/31/20,1/1/20
WI,2020,2,34971,50566,58402,943438,85537,1001840,4776,4278,491,290,221,3972,267,4750,.10273685,1,0,2/1/20,2/28/20,2/1/20
WI,2020,3,34971,50566,58402,943438,85537,1001840,5258,4704,547,300,244,4394,301,5239,.10402749,1,0,3/1/20,3/31/20,3/1/20
WI,2020,4,34971,50566,58402,943438,85537,1001840,4973,4456,514,307,232,4135,280,4954,.10335083,1,0,4/1/20,4/30/20,4/1/20
WI,2020,5,34971,50566,58402,943438,85537,1001840,5340,4780,555,278,249,4478,303,5308,.10399397,1,0,5/1/20,5/31/20,5/1/20
WI,2020,6,34971,50566,58402,943438,85537,1001840,5253,4707,540,285,238,4404,301,5228,.1030987,1,0,6/1/20,6/30/20,6/1/20
WI,2020,7,34971,50566,58402,943438,85537,1001840,5452,4918,530,327,259,4572,270,5428,.097457625,1,0,7/1/20,7/31/20,7/1/20
WI,2020,8,34971,50566,58402,943438,85537,1001840,5292,4711,578,325,258,4371,317,5271,.10908746,1,0,8/1/20,8/31/20,8/1/20
WI,2020,9,34971,50566,58402,943438,85537,1001840,5030,4505,517,264,250,4228,264,5006,.10267679,1,0,9/1/20,9/30/20,9/1/20
WI,2020,10,34971,50566,58402,943438,85537,1001840,4973,4432,538,277,239,4146,294,4956,.10754641,1,0,10/1/20,10/31/20,10/1/20
WI,2020,11,34971,50566,58402,943438,85537,1001840,4452,3981,469,285,207,3688,262,4442,.10558307,1,0,11/1/20,11/30/20,11/1/20
WI,2020,12,34971,50566,58402,943438,85537,1001840,4762,4231,520,310,229,3903,288,4730,.10930233,1,0,12/1/20,12/31/20,12/1/20
WI,2021,1,37707,54295,60093,957290,92002,1017383,4545,4103,438,279,196,3803,241,4519,.096702807,1,0,1/1/21,1/31/21,1/1/21
WI,2021,2,37707,54295,60093,957290,92002,1017383,4408,3967,434,240,197,3714,234,4385,.098289624,1,0,2/1/21,2/28/21,2/1/21
WI,2021,3,37707,54295,60093,957290,92002,1017383,5121,4608,503,325,227,4273,274,5099,.098254561,1,0,3/1/21,3/31/21,3/1/21
WI,2021,4,37707,54295,60093,957290,92002,1017383,5174,4596,571,297,276,4285,295,5153,.11080924,1,0,4/1/21,4/30/21,4/1/21
WI,2021,5,37707,54295,60093,957290,92002,1017383,5338,4770,562,342,248,4416,313,5319,.10547096,1,0,5/1/21,5/31/21,5/1/21
WI,2021,6,37707,54295,60093,957290,92002,1017383,5542,4965,570,308,243,4645,326,5522,.10304238,1,0,6/1/21,6/30/21,6/1/21
WI,2021,7,37707,54295,60093,957290,92002,1017383,5514,4971,536,356,267,4585,264,5472,.097039476,1,0,7/1/21,7/31/21,7/1/21
WI,2021,8,37707,54295,60093,957290,92002,1017383,5427,4822,599,367,289,4433,306,5395,.1102873,1,0,8/1/21,8/31/21,8/1/21
WI,2021,9,37707,54295,60093,957290,92002,1017383,5366,4791,566,371,283,4395,277,5326,.10514458,1,0,9/1/21,9/30/21,9/1/21
WI,2021,10,37707,54295,60093,957290,92002,1017383,5197,4622,573,352,263,4254,307,5176,.11012365,1,0,10/1/21,10/31/21,10/1/21
WI,2021,11,37707,54295,60093,957290,92002,1017383,4971,4447,521,312,223,4117,296,4948,.10489087,1,0,11/1/21,11/30/21,11/1/21
WI,2021,12,37707,54295,60093,957290,92002,1017383,5055,4490,561,347,274,4123,286,5030,.11133201,1,0,12/1/21,12/31/21,12/1/21
WI,2022,1,33140,49550,70435,952593,82690,1023028,4707,4218,482,289,225,3912,257,4683,.10292547,1,0,1/1/22,1/31/22,1/1/22
WI,2022,2,33140,49550,70435,952593,82690,1023028,4472,4006,464,300,205,3687,256,4448,.10364208,1,0,2/1/22,2/28/22,2/1/22
WI,2022,3,33140,49550,70435,952593,82690,1023028,5103,4561,537,316,229,4221,307,5073,.1056574,1,0,3/1/22,3/31/22,3/1/22
WI,2022,4,33140,49550,70435,952593,82690,1023028,4841,4297,540,274,241,4005,298,4818,.11187214,1,0,4/1/22,4/30/22,4/1/22
WI,2022,5,33140,49550,70435,952593,82690,1023028,5035,4483,549,297,264,4159,282,5002,.10915634,1,0,5/1/22,5/31/22,5/1/22
WI,2022,6,33140,49550,70435,952593,82690,1023028,5137,4574,558,344,253,4204,304,5105,.10910872,1,0,6/1/22,6/30/22,6/1/22
WI,2022,7,33140,49550,70435,952593,82690,1023028,5244,4662,580,336,272,4305,308,5221,.11108983,1,0,7/1/22,7/31/22,7/1/22
WI,2022,8,33140,49550,70435,952593,82690,1023028,5490,4879,606,394,307,4451,295,5447,.11051955,1,0,8/1/22,8/31/22,8/1/22
WI,2022,9,33140,49550,70435,952593,82690,1023028,4988,4438,540,331,276,4080,261,4948,.1085287,1,0,9/1/22,9/30/22,9/1/22
WI,2022,10,33140,49550,70435,952593,82690,1023028,4996,4424,565,298,287,4088,277,4950,.1139394,1,0,10/1/22,10/31/22,10/1/22
WI,2022,11,33140,49550,70435,952593,82690,1023028,4939,4387,541,320,256,4021,275,4872,.10899015,1,0,11/1/22,11/30/22,11/1/22
WI,2022,12,33140,49550,70435,952593,82690,1023028,4977,4436,534,329,289,4071,240,4929,.107324,1,0,12/1/22,12/31/22,12/1/22
WI,2023,1,36058,57760,75583,950657,93818,1026240,4775,4216,553,333,263,3846,283,4725,.11555555,1,0,1/1/23,1/31/23,1/1/23
WI,2023,2,36058,57760,75583,950657,93818,1026240,4417,3972,442,301,214,3639,221,4375,.099428572,1,1,2/1/23,2/28/23,2/1/23
WI,2023,3,36058,57760,75583,950657,93818,1026240,5133,4537,593,320,300,4180,289,5089,.11573983,1,1,3/1/23,3/31/23,3/1/23
WI,2023,4,36058,57760,75583,950657,93818,1026240,4839,4286,545,336,288,3916,251,4791,.11250261,1,1,4/1/23,4/30/23,4/1/23
WI,2023,5,36058,57760,75583,950657,93818,1026240,5193,4580,612,357,319,4187,290,5153,.11818358,1,1,5/1/23,5/31/23,5/1/23
WI,2023,6,36058,57760,75583,950657,93818,1026240,5195,4562,629,337,321,4180,299,5137,.12069301,1,1,6/1/23,6/30/23,6/1/23
WI,2023,7,36058,57760,75583,950657,93818,1026240,5327,4708,614,352,309,4304,296,5261,.11499715,1,1,7/1/23,7/31/23,7/1/23
WI,2023,8,36058,57760,75583,950657,93818,1026240,5311,4650,661,346,334,4266,320,5266,.12419294,1,1,8/1/23,8/31/23,8/1/23
WI,2023,9,36058,57760,75583,950657,93818,1026240,5074,4496,572,331,300,4120,267,5018,.11299323,1,1,9/1/23,9/30/23,9/1/23
WI,2023,10,36058,57760,75583,950657,93818,1026240,5056,4434,613,325,315,4064,288,4992,.12079327,1,1,10/1/23,10/31/23,10/1/23
WI,2023,11,36058,57760,75583,950657,93818,1026240,4622,4052,565,318,304,3701,255,4578,.12210573,1,1,11/1/23,11/30/23,11/1/23
WI,2023,12,36058,57760,75583,950657,93818,1026240,4688,4131,548,340,281,3750,263,4634,.11739318,1,1,12/1/23,12/31/23,12/1/23
WV,2016,1,1358,7335,3505,314680,8693,318185,1554,1500,49,11,14,1468,34,1527,.031434186,1,0,1/1/16,1/31/16,1/1/16
WV,2016,2,1358,7335,3505,314680,8693,318185,1469,1420,44,16,9,1386,35,1446,.030428769,1,0,2/1/16,2/28/16,2/1/16
WV,2016,3,1358,7335,3505,314680,8693,318185,1601,1555,38,14,9,1530,29,1582,.024020227,1,0,3/1/16,3/31/16,3/1/16
WV,2016,4,1358,7335,3505,314680,8693,318185,1488,1435,49,19,15,1401,34,1469,.033356026,1,0,4/1/16,4/30/16,4/1/16
WV,2016,5,1358,7335,3505,314680,8693,318185,1584,1523,55,14,19,1500,35,1568,.034438774,1,0,5/1/16,5/31/16,5/1/16
WV,2016,6,1358,7335,3505,314680,8693,318185,1540,1486,46,17,18,1460,28,1523,.030203545,1,0,6/1/16,6/30/16,6/1/16
WV,2016,7,1358,7335,3505,314680,8693,318185,1712,1653,54,19,15,1618,39,1691,.031933766,1,0,7/1/16,7/31/16,7/1/16
WV,2016,8,1358,7335,3505,314680,8693,318185,1746,1696,46,24,16,1662,29,1731,.025996534,1,0,8/1/16,8/31/16,8/1/16
WV,2016,9,1358,7335,3505,314680,8693,318185,1682,1620,60,14,16,1595,43,1668,.035371702,1,0,9/1/16,9/30/16,9/1/16
WV,2016,10,1358,7335,3505,314680,8693,318185,1549,1498,50,23,17,1467,33,1540,.032467533,1,0,10/1/16,10/31/16,10/1/16
WV,2016,11,1358,7335,3505,314680,8693,318185,1549,1503,41,11,8,1482,31,1532,.025456918,1,0,11/1/16,11/30/16,11/1/16
WV,2016,12,1358,7335,3505,314680,8693,318185,1572,1519,53,20,17,1493,34,1564,.032608695,1,0,12/1/16,12/31/16,12/1/16
WV,2017,1,640,7755,3579,313344,8395,316923,1525,1485,34,20,9,1451,25,1505,.022591362,1,0,1/1/17,1/31/17,1/1/17
WV,2017,2,640,7755,3579,313344,8395,316923,1485,1429,51,10,15,1408,35,1468,.034059945,1,0,2/1/17,2/28/17,2/1/17
WV,2017,3,640,7755,3579,313344,8395,316923,1548,1492,52,31,13,1447,39,1530,.03398693,1,0,3/1/17,3/31/17,3/1/17
WV,2017,4,640,7755,3579,313344,8395,316923,1394,1351,40,20,10,1322,30,1382,.028943559,1,0,4/1/17,4/30/17,4/1/17
WV,2017,5,640,7755,3579,313344,8395,316923,1574,1513,48,19,10,1480,38,1547,.031027796,1,0,5/1/17,5/31/17,5/1/17
WV,2017,6,640,7755,3579,313344,8395,316923,1578,1538,37,18,11,1515,26,1570,.023566879,1,0,6/1/17,6/30/17,6/1/17
WV,2017,7,640,7755,3579,313344,8395,316923,1654,1596,54,14,15,1571,38,1638,.032356534,1,0,7/1/17,7/31/17,7/1/17
WV,2017,8,640,7755,3579,313344,8395,316923,1737,1687,46,23,16,1656,29,1724,.026102088,1,0,8/1/17,8/31/17,8/1/17
WV,2017,9,640,7755,3579,313344,8395,316923,1635,1580,54,16,15,1556,39,1626,.033210333,1,0,9/1/17,9/30/17,9/1/17
WV,2017,10,640,7755,3579,313344,8395,316923,1492,1440,47,19,13,1412,34,1478,.03179973,1,0,10/1/17,10/31/17,10/1/17
WV,2017,11,640,7755,3579,313344,8395,316923,1510,1461,45,18,12,1438,32,1500,.029333333,1,0,11/1/17,11/30/17,11/1/17
WV,2017,12,640,7755,3579,313344,8395,316923,1507,1447,56,24,11,1418,44,1497,.036740147,1,0,12/1/17,12/31/17,12/1/17
WV,2018,1,783,7281,5648,306142,8064,311790,1562,1508,52,24,16,1473,36,1549,.033570044,1,0,1/1/18,1/31/18,1/1/18
WV,2018,2,783,7281,5648,306142,8064,311790,1421,1378,41,13,9,1353,32,1407,.029140014,1,0,2/1/18,2/28/18,2/1/18
WV,2018,3,783,7281,5648,306142,8064,311790,1530,1468,58,20,14,1440,44,1518,.038208168,1,0,3/1/18,3/31/18,3/1/18
WV,2018,4,783,7281,5648,306142,8064,311790,1382,1342,40,19,9,1317,31,1376,.029069768,1,0,4/1/18,4/30/18,4/1/18
WV,2018,5,783,7281,5648,306142,8064,311790,1610,1561,44,18,10,1537,34,1599,.027517198,1,0,5/1/18,5/31/18,5/1/18
WV,2018,6,783,7281,5648,306142,8064,311790,1520,1468,48,11,6,1449,42,1508,.03183024,1,0,6/1/18,6/30/18,6/1/18
WV,2018,7,783,7281,5648,306142,8064,311790,1591,1530,57,21,14,1502,43,1580,.03607595,1,0,7/1/18,7/31/18,7/1/18
WV,2018,8,783,7281,5648,306142,8064,311790,1681,1625,49,27,15,1588,33,1663,.028863499,1,0,8/1/18,8/31/18,8/1/18
WV,2018,9,783,7281,5648,306142,8064,311790,1449,1408,37,20,5,1382,32,1439,.0257123,1,0,9/1/18,9/30/18,9/1/18
WV,2018,10,783,7281,5648,306142,8064,311790,1584,1535,47,26,11,1498,36,1571,.029917249,1,0,10/1/18,10/31/18,10/1/18
WV,2018,11,783,7281,5648,306142,8064,311790,1401,1356,37,16,14,1334,22,1386,.025974026,1,0,11/1/18,11/30/18,11/1/18
WV,2018,12,783,7281,5648,306142,8064,311790,1479,1430,48,22,14,1404,34,1474,.03256445,1,0,12/1/18,12/31/18,12/1/18
WV,2019,1,2320,8890,3810,303063,11210,306873,1456,1406,47,19,15,1382,32,1448,.032458562,1,0,1/1/19,1/31/19,1/1/19
WV,2019,2,2320,8890,3810,303063,11210,306873,1308,1261,45,16,11,1243,31,1301,.032282859,1,0,2/1/19,2/28/19,2/1/19
WV,2019,3,2320,8890,3810,303063,11210,306873,1457,1423,32,17,11,1401,21,1450,.022068966,1,0,3/1/19,3/31/19,3/1/19
WV,2019,4,2320,8890,3810,303063,11210,306873,1482,1438,41,13,12,1422,29,1476,.027777778,1,0,4/1/19,4/30/19,4/1/19
WV,2019,5,2320,8890,3810,303063,11210,306873,1622,1567,49,21,11,1544,38,1614,.030359356,1,0,5/1/19,5/31/19,5/1/19
WV,2019,6,2320,8890,3810,303063,11210,306873,1426,1392,33,17,13,1372,20,1422,.023206752,1,0,6/1/19,6/30/19,6/1/19
WV,2019,7,2320,8890,3810,303063,11210,306873,1629,1582,45,18,11,1559,34,1622,.027743526,1,0,7/1/19,7/31/19,7/1/19
WV,2019,8,2320,8890,3810,303063,11210,306873,1685,1637,45,19,18,1610,27,1674,.026881721,1,0,8/1/19,8/31/19,8/1/19
WV,2019,9,2320,8890,3810,303063,11210,306873,1632,1587,43,20,12,1559,31,1622,.026510481,1,0,9/1/19,9/30/19,9/1/19
WV,2019,10,2320,8890,3810,303063,11210,306873,1466,1426,38,17,13,1403,25,1458,.0260631,1,0,10/1/19,10/31/19,10/1/19
WV,2019,11,2320,8890,3810,303063,11210,306873,1439,1386,47,19,11,1364,36,1430,.032867134,1,0,11/1/19,11/30/19,11/1/19
WV,2019,12,2320,8890,3810,303063,11210,306873,1507,1464,38,34,10,1425,28,1497,.025384102,1,0,12/1/19,12/31/19,12/1/19
WV,2020,1,1702,7633,4748,306238,9335,310986,1504,1449,52,16,18,1420,34,1488,.034946237,1,0,1/1/20,1/31/20,1/1/20
WV,2020,2,1702,7633,4748,306238,9335,310986,1304,1260,41,22,12,1234,29,1297,.031611413,1,0,2/1/20,2/28/20,2/1/20
WV,2020,3,1702,7633,4748,306238,9335,310986,1399,1351,42,15,7,1330,35,1387,.030281182,1,0,3/1/20,3/31/20,3/1/20
WV,2020,4,1702,7633,4748,306238,9335,310986,1402,1361,38,19,10,1335,27,1391,.026599569,1,0,4/1/20,4/30/20,4/1/20
WV,2020,5,1702,7633,4748,306238,9335,310986,1419,1382,35,13,11,1363,23,1410,.024113474,1,0,5/1/20,5/31/20,5/1/20
WV,2020,6,1702,7633,4748,306238,9335,310986,1467,1409,56,13,22,1385,34,1454,.038514443,1,0,6/1/20,6/30/20,6/1/20
WV,2020,7,1702,7633,4748,306238,9335,310986,1542,1487,52,16,15,1462,37,1530,.03398693,1,0,7/1/20,7/31/20,7/1/20
WV,2020,8,1702,7633,4748,306238,9335,310986,1507,1464,36,33,10,1423,26,1492,.024128687,1,0,8/1/20,8/31/20,8/1/20
WV,2020,9,1702,7633,4748,306238,9335,310986,1521,1478,41,20,15,1454,26,1515,.027062707,1,0,9/1/20,9/30/20,9/1/20
WV,2020,10,1702,7633,4748,306238,9335,310986,1453,1411,38,20,11,1387,27,1445,.026297579,1,0,10/1/20,10/31/20,10/1/20
WV,2020,11,1702,7633,4748,306238,9335,310986,1337,1302,34,15,6,1284,26,1331,.024042074,1,0,11/1/20,11/30/20,11/1/20
WV,2020,12,1702,7633,4748,306238,9335,310986,1421,1373,47,18,12,1350,35,1415,.033215549,1,0,12/1/20,12/31/20,12/1/20
WV,2021,1,1747,5781,4857,303923,7528,308780,1292,1256,32,10,8,1239,24,1281,.024980484,1,0,1/1/21,1/31/21,1/1/21
WV,2021,2,1747,5781,4857,303923,7528,308780,1240,1196,37,13,8,1173,29,1223,.030253476,1,0,2/1/21,2/28/21,2/1/21
WV,2021,3,1747,5781,4857,303923,7528,308780,1449,1388,58,16,10,1365,48,1439,.040305767,1,0,3/1/21,3/31/21,3/1/21
WV,2021,4,1747,5781,4857,303923,7528,308780,1392,1348,39,15,9,1324,30,1378,.028301887,1,0,4/1/21,4/30/21,4/1/21
WV,2021,5,1747,5781,4857,303923,7528,308780,1376,1345,30,23,8,1317,21,1369,.021183345,1,0,5/1/21,5/31/21,5/1/21
WV,2021,6,1747,5781,4857,303923,7528,308780,1539,1485,50,23,14,1457,36,1530,.03267974,1,0,6/1/21,6/30/21,6/1/21
WV,2021,7,1747,5781,4857,303923,7528,308780,1543,1482,55,11,12,1466,43,1532,.035900783,1,0,7/1/21,7/31/21,7/1/21
WV,2021,8,1747,5781,4857,303923,7528,308780,1524,1462,55,16,21,1441,34,1512,.03637566,1,0,8/1/21,8/31/21,8/1/21
WV,2021,9,1747,5781,4857,303923,7528,308780,1503,1453,47,23,15,1426,32,1496,.031417113,1,0,9/1/21,9/30/21,9/1/21
WV,2021,10,1747,5781,4857,303923,7528,308780,1476,1414,54,14,13,1396,41,1464,.036885247,1,0,10/1/21,10/31/21,10/1/21
WV,2021,11,1747,5781,4857,303923,7528,308780,1368,1329,39,13,7,1312,32,1364,.028592376,1,0,11/1/21,11/30/21,11/1/21
WV,2021,12,1747,5781,4857,303923,7528,308780,1461,1412,42,22,11,1386,31,1450,.028965518,1,0,12/1/21,12/31/21,12/1/21
WV,2022,1,2813,6912,4622,302344,9725,306966,1324,1269,48,19,20,1240,28,1307,.036725324,1,0,1/1/22,1/31/22,1/1/22
WV,2022,2,2813,6912,4622,302344,9725,306966,1292,1253,35,16,10,1232,25,1283,.027279813,1,0,2/1/22,2/28/22,2/1/22
WV,2022,3,2813,6912,4622,302344,9725,306966,1398,1341,51,12,16,1322,35,1385,.036823105,1,0,3/1/22,3/31/22,3/1/22
WV,2022,4,2813,6912,4622,302344,9725,306966,1367,1318,46,20,16,1296,30,1362,.033773862,1,0,4/1/22,4/30/22,4/1/22
WV,2022,5,2813,6912,4622,302344,9725,306966,1344,1301,38,20,13,1277,25,1335,.02846442,1,0,5/1/22,5/31/22,5/1/22
WV,2022,6,2813,6912,4622,302344,9725,306966,1416,1374,36,20,14,1353,22,1409,.025550036,1,0,6/1/22,6/30/22,6/1/22
WV,2022,7,2813,6912,4622,302344,9725,306966,1492,1436,50,18,13,1413,37,1481,.033760972,1,0,7/1/22,7/31/22,7/1/22
WV,2022,8,2813,6912,4622,302344,9725,306966,1569,1522,43,17,17,1504,26,1564,.027493605,1,0,8/1/22,8/31/22,8/1/22
WV,2022,9,2813,6912,4622,302344,9725,306966,1477,1427,47,18,20,1402,27,1467,.032038175,1,0,9/1/22,9/30/22,9/1/22
WV,2022,10,2813,6912,4622,302344,9725,306966,1431,1376,51,23,15,1352,36,1426,.035764378,1,0,10/1/22,10/31/22,10/1/22
WV,2022,11,2813,6912,4622,302344,9725,306966,1386,1349,35,22,12,1322,22,1378,.02467344,1,0,11/1/22,11/30/22,11/1/22
WV,2022,12,2813,6912,4622,302344,9725,306966,1390,1335,51,15,16,1319,35,1385,.036823105,1,0,12/1/22,12/31/22,12/1/22
WV,2023,1,2060,7373,6028,297356,9433,303384,1401,1359,36,23,10,1329,26,1388,.0259366,1,0,1/1/23,1/31/23,1/1/23
WV,2023,2,2060,7373,6028,297356,9433,303384,1300,1250,47,21,15,1224,32,1292,.036377709,1,0,2/1/23,2/28/23,2/1/23
WV,2023,3,2060,7373,6028,297356,9433,303384,1385,1344,38,25,6,1317,32,1380,.027536232,1,1,3/1/23,3/31/23,3/1/23
WV,2023,4,2060,7373,6028,297356,9433,303384,1197,1148,43,22,17,1121,26,1186,.036256324,1,1,4/1/23,4/30/23,4/1/23
WV,2023,5,2060,7373,6028,297356,9433,303384,1407,1335,62,21,22,1311,40,1394,.044476327,1,1,5/1/23,5/31/23,5/1/23
WV,2023,6,2060,7373,6028,297356,9433,303384,1467,1409,55,25,19,1384,36,1464,.037568305,1,1,6/1/23,6/30/23,6/1/23
WV,2023,7,2060,7373,6028,297356,9433,303384,1456,1400,52,23,16,1372,36,1447,.035936419,1,1,7/1/23,7/31/23,7/1/23
WV,2023,8,2060,7373,6028,297356,9433,303384,1439,1392,44,20,18,1369,26,1433,.030704815,1,1,8/1/23,8/31/23,8/1/23
WV,2023,9,2060,7373,6028,297356,9433,303384,1418,1377,35,32,14,1343,21,1410,.024822695,1,1,9/1/23,9/30/23,9/1/23
WV,2023,10,2060,7373,6028,297356,9433,303384,1373,1322,46,24,18,1289,28,1359,.03384842,1,1,10/1/23,10/31/23,10/1/23
WV,2023,11,2060,7373,6028,297356,9433,303384,1369,1314,47,29,23,1279,24,1355,.034686346,1,1,11/1/23,11/30/23,11/1/23
WV,2023,12,2060,7373,6028,297356,9433,303384,1359,1306,53,26,24,1277,29,1356,.039085545,1,1,12/1/23,12/31/23,12/1/23
WY,2016,1,1621,4017,9237,95535,5638,104772,628,578,50,55,33,512,16,616,.079545453,0,0,1/1/16,1/31/16,1/1/16
WY,2016,2,1621,4017,9237,95535,5638,104772,546,509,37,55,20,447,16,538,.066914499,0,0,2/1/16,2/28/16,2/1/16
WY,2016,3,1621,4017,9237,95535,5638,104772,670,624,46,65,21,547,23,656,.067073174,0,0,3/1/16,3/31/16,3/1/16
WY,2016,4,1621,4017,9237,95535,5638,104772,642,588,54,50,28,534,24,636,.08176101,0,0,4/1/16,4/30/16,4/1/16
WY,2016,5,1621,4017,9237,95535,5638,104772,634,588,45,60,25,520,20,625,.071999997,0,0,5/1/16,5/31/16,5/1/16
WY,2016,6,1621,4017,9237,95535,5638,104772,689,646,43,69,22,568,20,679,.06185567,0,0,6/1/16,6/30/16,6/1/16
WY,2016,7,1621,4017,9237,95535,5638,104772,631,573,58,59,25,495,33,612,.094771244,0,0,7/1/16,7/31/16,7/1/16
WY,2016,8,1621,4017,9237,95535,5638,104772,632,564,66,60,43,490,22,615,.10569106,0,0,8/1/16,8/31/16,8/1/16
WY,2016,9,1621,4017,9237,95535,5638,104772,626,575,51,51,30,510,20,611,.081833057,0,0,9/1/16,9/30/16,9/1/16
WY,2016,10,1621,4017,9237,95535,5638,104772,578,537,41,55,18,474,23,570,.071929827,0,0,10/1/16,10/31/16,10/1/16
WY,2016,11,1621,4017,9237,95535,5638,104772,529,479,50,43,27,421,22,513,.09551657,0,0,11/1/16,11/30/16,11/1/16
WY,2016,12,1621,4017,9237,95535,5638,104772,563,523,40,32,23,477,17,549,.072859742,0,0,12/1/16,12/31/16,12/1/16
WY,2017,1,2967,3424,9462,91330,6391,100792,534,498,35,53,17,438,18,526,.066539921,0,0,1/1/17,1/31/17,1/1/17
WY,2017,2,2967,3424,9462,91330,6391,100792,530,494,36,45,18,440,17,520,.067307696,0,0,2/1/17,2/28/17,2/1/17
WY,2017,3,2967,3424,9462,91330,6391,100792,587,542,45,53,18,481,26,578,.076124564,0,0,3/1/17,3/31/17,3/1/17
WY,2017,4,2967,3424,9462,91330,6391,100792,573,538,35,60,23,470,11,564,.060283687,0,0,4/1/17,4/30/17,4/1/17
WY,2017,5,2967,3424,9462,91330,6391,100792,658,610,47,64,27,538,18,647,.069551781,0,0,5/1/17,5/31/17,5/1/17
WY,2017,6,2967,3424,9462,91330,6391,100792,595,550,45,54,24,485,18,581,.072289154,0,0,6/1/17,6/30/17,6/1/17
WY,2017,7,2967,3424,9462,91330,6391,100792,599,558,40,50,20,500,20,590,.06779661,0,0,7/1/17,7/31/17,7/1/17
WY,2017,8,2967,3424,9462,91330,6391,100792,609,572,37,60,21,502,15,598,.060200669,0,0,8/1/17,8/31/17,8/1/17
WY,2017,9,2967,3424,9462,91330,6391,100792,540,497,43,36,23,454,20,533,.080675423,0,0,9/1/17,9/30/17,9/1/17
WY,2017,10,2967,3424,9462,91330,6391,100792,564,525,39,57,19,457,19,552,.068840578,0,0,10/1/17,10/31/17,10/1/17
WY,2017,11,2967,3424,9462,91330,6391,100792,558,520,38,54,16,454,21,545,.067889906,0,0,11/1/17,11/30/17,11/1/17
WY,2017,12,2967,3424,9462,91330,6391,100792,545,496,48,46,32,445,16,539,.089053802,0,0,12/1/17,12/31/17,12/1/17
WY,2018,1,3772,2177,8292,92193,5949,100485,557,519,38,58,24,452,12,546,.065934069,0,0,1/1/18,1/31/18,1/1/18
WY,2018,2,3772,2177,8292,92193,5949,100485,525,492,33,56,22,421,11,510,.064705886,0,0,2/1/18,2/28/18,2/1/18
WY,2018,3,3772,2177,8292,92193,5949,100485,559,528,31,43,19,476,12,550,.056363635,0,0,3/1/18,3/31/18,3/1/18
WY,2018,4,3772,2177,8292,92193,5949,100485,550,506,44,40,26,457,18,541,.081330866,0,0,4/1/18,4/30/18,4/1/18
WY,2018,5,3772,2177,8292,92193,5949,100485,608,559,49,42,21,509,28,600,.081666663,0,0,5/1/18,5/31/18,5/1/18
WY,2018,6,3772,2177,8292,92193,5949,100485,541,503,38,39,21,452,16,528,.070075758,0,0,6/1/18,6/30/18,6/1/18
WY,2018,7,3772,2177,8292,92193,5949,100485,530,489,41,62,23,420,18,523,.078393884,0,0,7/1/18,7/31/18,7/1/18
WY,2018,8,3772,2177,8292,92193,5949,100485,551,513,36,48,16,449,20,533,.06754221,0,0,8/1/18,8/31/18,8/1/18
WY,2018,9,3772,2177,8292,92193,5949,100485,543,509,34,50,24,440,10,524,.064885497,0,0,9/1/18,9/30/18,9/1/18
WY,2018,10,3772,2177,8292,92193,5949,100485,538,493,45,48,26,433,17,524,.082061067,0,0,10/1/18,10/31/18,10/1/18
WY,2018,11,3772,2177,8292,92193,5949,100485,513,478,35,48,21,414,14,497,.070422538,0,0,11/1/18,11/30/18,11/1/18
WY,2018,12,3772,2177,8292,92193,5949,100485,534,497,37,53,17,431,20,521,.071017273,0,0,12/1/18,12/31/18,12/1/18
WY,2019,1,3839,1793,9984,91592,5632,101576,538,503,35,53,17,444,16,530,.062264152,0,0,1/1/19,1/31/19,1/1/19
WY,2019,2,3839,1793,9984,91592,5632,101576,512,487,25,43,18,439,7,507,.049309663,0,0,2/1/19,2/28/19,2/1/19
WY,2019,3,3839,1793,9984,91592,5632,101576,554,515,38,49,23,461,15,548,.069343068,0,0,3/1/19,3/31/19,3/1/19
WY,2019,4,3839,1793,9984,91592,5632,101576,530,499,31,39,17,452,14,522,.059386972,0,0,4/1/19,4/30/19,4/1/19
WY,2019,5,3839,1793,9984,91592,5632,101576,631,597,34,67,18,518,16,619,.054927301,0,0,5/1/19,5/31/19,5/1/19
WY,2019,6,3839,1793,9984,91592,5632,101576,546,518,28,55,15,452,13,535,.052336447,0,0,6/1/19,6/30/19,6/1/19
WY,2019,7,3839,1793,9984,91592,5632,101576,594,554,40,47,25,498,15,585,.068376072,0,0,7/1/19,7/31/19,7/1/19
WY,2019,8,3839,1793,9984,91592,5632,101576,591,543,48,55,25,480,22,582,.080756016,0,0,8/1/19,8/31/19,8/1/19
WY,2019,9,3839,1793,9984,91592,5632,101576,564,529,35,69,19,449,15,552,.061594203,0,0,9/1/19,9/30/19,9/1/19
WY,2019,10,3839,1793,9984,91592,5632,101576,489,457,32,52,11,393,20,476,.065126054,0,0,10/1/19,10/31/19,10/1/19
WY,2019,11,3839,1793,9984,91592,5632,101576,498,471,27,41,14,420,13,488,.05532787,0,0,11/1/19,11/30/19,11/1/19
WY,2019,12,3839,1793,9984,91592,5632,101576,503,464,39,48,17,405,22,492,.079268292,0,0,12/1/19,12/31/19,12/1/19
WY,2020,1,3093,3130,8903,93015,6223,101918,495,463,32,55,23,400,7,485,.06185567,0,0,1/1/20,1/31/20,1/1/20
WY,2020,2,3093,3130,8903,93015,6223,101918,459,430,29,50,15,373,14,452,.064159289,0,0,2/1/20,2/28/20,2/1/20
WY,2020,3,3093,3130,8903,93015,6223,101918,488,444,44,44,26,388,16,474,.088607594,0,0,3/1/20,3/31/20,3/1/20
WY,2020,4,3093,3130,8903,93015,6223,101918,529,497,32,44,16,442,14,516,.058139537,0,0,4/1/20,4/30/20,4/1/20
WY,2020,5,3093,3130,8903,93015,6223,101918,535,504,31,44,18,457,12,531,.056497175,0,0,5/1/20,5/31/20,5/1/20
WY,2020,6,3093,3130,8903,93015,6223,101918,516,486,30,51,16,426,14,507,.059171598,0,0,6/1/20,6/30/20,6/1/20
WY,2020,7,3093,3130,8903,93015,6223,101918,571,541,30,62,15,469,14,560,.051785715,0,0,7/1/20,7/31/20,7/1/20
WY,2020,8,3093,3130,8903,93015,6223,101918,560,521,39,52,18,464,19,553,.066907778,0,0,8/1/20,8/31/20,8/1/20
WY,2020,9,3093,3130,8903,93015,6223,101918,515,474,40,47,27,423,10,507,.072978303,0,0,9/1/20,9/30/20,9/1/20
WY,2020,10,3093,3130,8903,93015,6223,101918,499,464,35,46,20,411,13,490,.067346938,0,0,10/1/20,10/31/20,10/1/20
WY,2020,11,3093,3130,8903,93015,6223,101918,432,405,27,40,14,352,12,418,.062200956,0,0,11/1/20,11/30/20,11/1/20
WY,2020,12,3093,3130,8903,93015,6223,101918,519,479,39,51,21,410,17,499,.076152302,0,0,12/1/20,12/31/20,12/1/20
WY,2021,1,1934,3894,10520,91358,5828,101878,456,427,29,38,11,376,14,439,.056947608,0,0,1/1/21,1/31/21,1/1/21
WY,2021,2,1934,3894,10520,91358,5828,101878,445,419,26,33,14,374,10,431,.055684455,0,0,2/1/21,2/28/21,2/1/21
WY,2021,3,1934,3894,10520,91358,5828,101878,551,520,31,49,12,461,18,540,.055555556,0,0,3/1/21,3/31/21,3/1/21
WY,2021,4,1934,3894,10520,91358,5828,101878,527,493,34,51,18,431,16,516,.065891474,0,0,4/1/21,4/30/21,4/1/21
WY,2021,5,1934,3894,10520,91358,5828,101878,548,510,37,47,24,448,13,532,.069548875,0,0,5/1/21,5/31/21,5/1/21
WY,2021,6,1934,3894,10520,91358,5828,101878,536,498,38,42,25,441,12,520,.071153849,0,0,6/1/21,6/30/21,6/1/21
WY,2021,7,1934,3894,10520,91358,5828,101878,580,545,35,47,19,489,16,571,.061295971,0,0,7/1/21,7/31/21,7/1/21
WY,2021,8,1934,3894,10520,91358,5828,101878,561,533,28,51,18,463,9,541,.04990758,0,0,8/1/21,8/31/21,8/1/21
WY,2021,9,1934,3894,10520,91358,5828,101878,514,476,38,41,18,423,17,499,.07014028,0,0,9/1/21,9/30/21,9/1/21
WY,2021,10,1934,3894,10520,91358,5828,101878,493,457,36,40,17,410,18,485,.072164945,0,0,10/1/21,10/31/21,10/1/21
WY,2021,11,1934,3894,10520,91358,5828,101878,492,464,27,56,16,399,10,481,.054054055,0,0,11/1/21,11/30/21,11/1/21
WY,2021,12,1934,3894,10520,91358,5828,101878,526,493,33,41,20,437,12,510,.062745102,0,0,12/1/21,12/31/21,12/1/21
WY,2022,1,2035,2616,11144,92917,4651,104061,429,394,33,47,20,343,12,422,.075829387,0,0,1/1/22,1/31/22,1/1/22
WY,2022,2,2035,2616,11144,92917,4651,104061,491,463,27,43,12,414,15,484,.055785123,0,0,2/1/22,2/28/22,2/1/22
WY,2022,3,2035,2616,11144,92917,4651,104061,524,487,37,45,25,433,12,515,.07184466,0,0,3/1/22,3/31/22,3/1/22
WY,2022,4,2035,2616,11144,92917,4651,104061,489,461,28,48,16,405,11,480,.056249999,0,0,4/1/22,4/30/22,4/1/22
WY,2022,5,2035,2616,11144,92917,4651,104061,549,508,40,38,20,459,19,536,.072761193,0,0,5/1/22,5/31/22,5/1/22
WY,2022,6,2035,2616,11144,92917,4651,104061,486,453,33,57,16,385,15,473,.065539114,0,0,6/1/22,6/30/22,6/1/22
WY,2022,7,2035,2616,11144,92917,4651,104061,560,527,33,64,18,445,14,541,.059149724,0,0,7/1/22,7/31/22,7/1/22
WY,2022,8,2035,2616,11144,92917,4651,104061,532,499,33,53,17,423,14,507,.061143983,0,0,8/1/22,8/31/22,8/1/22
WY,2022,9,2035,2616,11144,92917,4651,104061,534,487,47,59,29,411,17,516,.089147285,0,0,9/1/22,9/30/22,9/1/22
WY,2022,10,2035,2616,11144,92917,4651,104061,494,459,34,52,21,395,13,481,.070686072,0,0,10/1/22,10/31/22,10/1/22
WY,2022,11,2035,2616,11144,92917,4651,104061,449,423,25,39,13,378,11,441,.054421768,0,0,11/1/22,11/30/22,11/1/22
WY,2022,12,2035,2616,11144,92917,4651,104061,503,472,31,54,24,402,6,486,.061728396,0,0,12/1/22,12/31/22,12/1/22
WY,2023,1,3865,4084,10960,93473,7949,104433,459,424,35,48,18,363,16,445,.076404497,0,0,1/1/23,1/31/23,1/1/23
WY,2023,2,3865,4084,10960,93473,7949,104433,447,415,32,43,17,366,15,441,.072562359,0,0,2/1/23,2/28/23,2/1/23
WY,2023,3,3865,4084,10960,93473,7949,104433,533,481,52,51,30,417,18,516,.093023255,0,0,3/1/23,3/31/23,3/1/23
WY,2023,4,3865,4084,10960,93473,7949,104433,494,454,40,52,23,386,15,476,.079831935,0,0,4/1/23,4/30/23,4/1/23
WY,2023,5,3865,4084,10960,93473,7949,104433,509,473,36,50,24,411,12,497,.072434604,0,0,5/1/23,5/31/23,5/1/23
WY,2023,6,3865,4084,10960,93473,7949,104433,542,511,31,57,19,441,12,529,.058601134,0,0,6/1/23,6/30/23,6/1/23
WY,2023,7,3865,4084,10960,93473,7949,104433,514,481,33,50,19,414,13,496,.064516127,0,0,7/1/23,7/31/23,7/1/23
WY,2023,8,3865,4084,10960,93473,7949,104433,551,511,40,50,24,442,16,532,.075187966,0,0,8/1/23,8/31/23,8/1/23
WY,2023,9,3865,4084,10960,93473,7949,104433,485,447,38,55,25,381,11,472,.076271184,0,0,9/1/23,9/30/23,9/1/23
WY,2023,10,3865,4084,10960,93473,7949,104433,501,463,38,49,24,406,14,493,.07707911,0,0,10/1/23,10/31/23,10/1/23
WY,2023,11,3865,4084,10960,93473,7949,104433,469,431,38,49,19,363,17,448,.080357142,0,0,11/1/23,11/30/23,11/1/23
WY,2023,12,3865,4084,10960,93473,7949,104433,471,442,29,41,17,388,10,456,.059210528,0,0,12/1/23,12/31/23,12/1/23
